"ref_area.label","source.label","indicator.label","sex.label","classif1.label","classif2.label","time","obs_value","obs_status.label","note_classif.label","note_indicator.label","note_source.label"
"Indonesia","LFS - National Labour Force Survey","Employment by sex, status in employment and economic activity (thousands)","Total","Status in employment (Aggregate): Total","Economic activity (Aggregate): Total","2023",139242.444,,,,"Repository: ILO-STATISTICS - Micro data processing"
"Indonesia","LFS - National Labour Force Survey","Employment by sex, status in employment and economic activity (thousands)","Total","Status in employment (Aggregate): Total","Economic activity (Aggregate): Agriculture","2023",40072.905,,,,"Repository: ILO-STATISTICS - Micro data processing"
"Indonesia","LFS - National Labour Force Survey","Employment by sex, status in employment and economic activity (thousands)","Total","Status in employment (Aggregate): Total","Economic activity (Aggregate): Manufacturing","2023",19086.664,,,,"Repository: ILO-STATISTICS - Micro data processing"
"Indonesia","LFS - National Labour Force Survey","Employment by sex, status in employment and economic activity (thousands)","Total","Status in employment (Aggregate): Total","Economic activity (Aggregate): Construction","2023",8928.784,,,,"Repository: ILO-STATISTICS - Micro data processing"
"Indonesia","LFS - National Labour Force Survey","Employment by sex, status in employment and economic activity (thousands)","Total","Status in employment (Aggregate): Total","Economic activity (Aggregate): Mining and quarrying; Electricity, gas and water supply","2023",2550.428,,,,"Repository: ILO-STATISTICS - Micro data processing"
"Indonesia","LFS - National Labour Force Survey","Employment by sex, status in employment and economic activity (thousands)","Total","Status in employment (Aggregate): Total","Economic activity (Aggregate): Trade, Transportation, Accommodation and Food, and Business and Administrative Services","2023",48236.8,,,,"Repository: ILO-STATISTICS - Micro data processing"
"Indonesia","LFS - National Labour Force Survey","Employment by sex, status in employment and economic activity (thousands)","Total","Status in employment (Aggregate): Total","Economic activity (Aggregate): Public Administration, Community, Social and other Services and Activities","2023",20366.862,,,,"Repository: ILO-STATISTICS - Micro data processing"
"Indonesia","LFS - National Labour Force Survey","Employment by sex, status in employment and economic activity (thousands)","Male","Status in employment (Aggregate): Total","Economic activity (Aggregate): Total","2023",84727.05,,,,"Repository: ILO-STATISTICS - Micro data processing"
"Indonesia","LFS - National Labour Force Survey","Employment by sex, status in employment and economic activity (thousands)","Male","Status in employment (Aggregate): Total","Economic activity (Aggregate): Agriculture","2023",25475.808,,,,"Repository: ILO-STATISTICS - Micro data processing"
"Indonesia","LFS - National Labour Force Survey","Employment by sex, status in employment and economic activity (thousands)","Male","Status in employment (Aggregate): Total","Economic activity (Aggregate): Manufacturing","2023",10873.096,,,,"Repository: ILO-STATISTICS - Micro data processing"
"Indonesia","LFS - National Labour Force Survey","Employment by sex, status in employment and economic activity (thousands)","Male","Status in employment (Aggregate): Total","Economic activity (Aggregate): Construction","2023",8778.574,,,,"Repository: ILO-STATISTICS - Micro data processing"
"Indonesia","LFS - National Labour Force Survey","Employment by sex, status in employment and economic activity (thousands)","Male","Status in employment (Aggregate): Total","Economic activity (Aggregate): Mining and quarrying; Electricity, gas and water supply","2023",2248.102,,,,"Repository: ILO-STATISTICS - Micro data processing"
"Indonesia","LFS - National Labour Force Survey","Employment by sex, status in employment and economic activity (thousands)","Male","Status in employment (Aggregate): Total","Economic activity (Aggregate): Trade, Transportation, Accommodation and Food, and Business and Administrative Services","2023",27428.306,,,,"Repository: ILO-STATISTICS - Micro data processing"
"Indonesia","LFS - National Labour Force Survey","Employment by sex, status in employment and economic activity (thousands)","Male","Status in employment (Aggregate): Total","Economic activity (Aggregate): Public Administration, Community, Social and other Services and Activities","2023",9923.165,,,,"Repository: ILO-STATISTICS - Micro data processing"
"Indonesia","LFS - National Labour Force Survey","Employment by sex, status in employment and economic activity (thousands)","Female","Status in employment (Aggregate): Total","Economic activity (Aggregate): Total","2023",54515.394,,,,"Repository: ILO-STATISTICS - Micro data processing"
"Indonesia","LFS - National Labour Force Survey","Employment by sex, status in employment and economic activity (thousands)","Female","Status in employment (Aggregate): Total","Economic activity (Aggregate): Agriculture","2023",14597.097,,,,"Repository: ILO-STATISTICS - Micro data processing"
"Indonesia","LFS - National Labour Force Survey","Employment by sex, status in employment and economic activity (thousands)","Female","Status in employment (Aggregate): Total","Economic activity (Aggregate): Manufacturing","2023",8213.569,,,,"Repository: ILO-STATISTICS - Micro data processing"
"Indonesia","LFS - National Labour Force Survey","Employment by sex, status in employment and economic activity (thousands)","Female","Status in employment (Aggregate): Total","Economic activity (Aggregate): Construction","2023",150.211,,,,"Repository: ILO-STATISTICS - Micro data processing"
"Indonesia","LFS - National Labour Force Survey","Employment by sex, status in employment and economic activity (thousands)","Female","Status in employment (Aggregate): Total","Economic activity (Aggregate): Mining and quarrying; Electricity, gas and water supply","2023",302.326,,,,"Repository: ILO-STATISTICS - Micro data processing"
"Indonesia","LFS - National Labour Force Survey","Employment by sex, status in employment and economic activity (thousands)","Female","Status in employment (Aggregate): Total","Economic activity (Aggregate): Trade, Transportation, Accommodation and Food, and Business and Administrative Services","2023",20808.493,,,,"Repository: ILO-STATISTICS - Micro data processing"
"Indonesia","LFS - National Labour Force Survey","Employment by sex, status in employment and economic activity (thousands)","Female","Status in employment (Aggregate): Total","Economic activity (Aggregate): Public Administration, Community, Social and other Services and Activities","2023",10443.698,,,,"Repository: ILO-STATISTICS - Micro data processing"
"Indonesia","LFS - National Labour Force Survey","Employment by sex, status in employment and economic activity (thousands)","Total","Status in employment (Aggregate): Total","Economic activity (Aggregate): Total","2022",135208.374,,,,"Repository: ILO-STATISTICS - Micro data processing"
"Indonesia","LFS - National Labour Force Survey","Employment by sex, status in employment and economic activity (thousands)","Total","Status in employment (Aggregate): Total","Economic activity (Aggregate): Agriculture","2022",39595.586,,,,"Repository: ILO-STATISTICS - Micro data processing"
"Indonesia","LFS - National Labour Force Survey","Employment by sex, status in employment and economic activity (thousands)","Total","Status in employment (Aggregate): Total","Economic activity (Aggregate): Manufacturing","2022",18883.309,,,,"Repository: ILO-STATISTICS - Micro data processing"
"Indonesia","LFS - National Labour Force Survey","Employment by sex, status in employment and economic activity (thousands)","Total","Status in employment (Aggregate): Total","Economic activity (Aggregate): Construction","2022",8295.684,,,,"Repository: ILO-STATISTICS - Micro data processing"
"Indonesia","LFS - National Labour Force Survey","Employment by sex, status in employment and economic activity (thousands)","Total","Status in employment (Aggregate): Total","Economic activity (Aggregate): Mining and quarrying; Electricity, gas and water supply","2022",2388.332,,,,"Repository: ILO-STATISTICS - Micro data processing"
"Indonesia","LFS - National Labour Force Survey","Employment by sex, status in employment and economic activity (thousands)","Total","Status in employment (Aggregate): Total","Economic activity (Aggregate): Trade, Transportation, Accommodation and Food, and Business and Administrative Services","2022",46480.643,,,,"Repository: ILO-STATISTICS - Micro data processing"
"Indonesia","LFS - National Labour Force Survey","Employment by sex, status in employment and economic activity (thousands)","Total","Status in employment (Aggregate): Total","Economic activity (Aggregate): Public Administration, Community, Social and other Services and Activities","2022",19564.82,,,,"Repository: ILO-STATISTICS - Micro data processing"
"Indonesia","LFS - National Labour Force Survey","Employment by sex, status in employment and economic activity (thousands)","Male","Status in employment (Aggregate): Total","Economic activity (Aggregate): Total","2022",82240.992,,,,"Repository: ILO-STATISTICS - Micro data processing"
"Indonesia","LFS - National Labour Force Survey","Employment by sex, status in employment and economic activity (thousands)","Male","Status in employment (Aggregate): Total","Economic activity (Aggregate): Agriculture","2022",25544.026,,,,"Repository: ILO-STATISTICS - Micro data processing"
"Indonesia","LFS - National Labour Force Survey","Employment by sex, status in employment and economic activity (thousands)","Male","Status in employment (Aggregate): Total","Economic activity (Aggregate): Manufacturing","2022",10644.246,,,,"Repository: ILO-STATISTICS - Micro data processing"
"Indonesia","LFS - National Labour Force Survey","Employment by sex, status in employment and economic activity (thousands)","Male","Status in employment (Aggregate): Total","Economic activity (Aggregate): Construction","2022",8157.234,,,,"Repository: ILO-STATISTICS - Micro data processing"
"Indonesia","LFS - National Labour Force Survey","Employment by sex, status in employment and economic activity (thousands)","Male","Status in employment (Aggregate): Total","Economic activity (Aggregate): Mining and quarrying; Electricity, gas and water supply","2022",2123.211,,,,"Repository: ILO-STATISTICS - Micro data processing"
"Indonesia","LFS - National Labour Force Survey","Employment by sex, status in employment and economic activity (thousands)","Male","Status in employment (Aggregate): Total","Economic activity (Aggregate): Trade, Transportation, Accommodation and Food, and Business and Administrative Services","2022",26297.465,,,,"Repository: ILO-STATISTICS - Micro data processing"
"Indonesia","LFS - National Labour Force Survey","Employment by sex, status in employment and economic activity (thousands)","Male","Status in employment (Aggregate): Total","Economic activity (Aggregate): Public Administration, Community, Social and other Services and Activities","2022",9474.81,,,,"Repository: ILO-STATISTICS - Micro data processing"
"Indonesia","LFS - National Labour Force Survey","Employment by sex, status in employment and economic activity (thousands)","Female","Status in employment (Aggregate): Total","Economic activity (Aggregate): Total","2022",52967.382,,,,"Repository: ILO-STATISTICS - Micro data processing"
"Indonesia","LFS - National Labour Force Survey","Employment by sex, status in employment and economic activity (thousands)","Female","Status in employment (Aggregate): Total","Economic activity (Aggregate): Agriculture","2022",14051.56,,,,"Repository: ILO-STATISTICS - Micro data processing"
"Indonesia","LFS - National Labour Force Survey","Employment by sex, status in employment and economic activity (thousands)","Female","Status in employment (Aggregate): Total","Economic activity (Aggregate): Manufacturing","2022",8239.064,,,,"Repository: ILO-STATISTICS - Micro data processing"
"Indonesia","LFS - National Labour Force Survey","Employment by sex, status in employment and economic activity (thousands)","Female","Status in employment (Aggregate): Total","Economic activity (Aggregate): Construction","2022",138.451,,,,"Repository: ILO-STATISTICS - Micro data processing"
"Indonesia","LFS - National Labour Force Survey","Employment by sex, status in employment and economic activity (thousands)","Female","Status in employment (Aggregate): Total","Economic activity (Aggregate): Mining and quarrying; Electricity, gas and water supply","2022",265.121,,,,"Repository: ILO-STATISTICS - Micro data processing"
"Indonesia","LFS - National Labour Force Survey","Employment by sex, status in employment and economic activity (thousands)","Female","Status in employment (Aggregate): Total","Economic activity (Aggregate): Trade, Transportation, Accommodation and Food, and Business and Administrative Services","2022",20183.178,,,,"Repository: ILO-STATISTICS - Micro data processing"
"Indonesia","LFS - National Labour Force Survey","Employment by sex, status in employment and economic activity (thousands)","Female","Status in employment (Aggregate): Total","Economic activity (Aggregate): Public Administration, Community, Social and other Services and Activities","2022",10090.009,,,,"Repository: ILO-STATISTICS - Micro data processing"
"Indonesia","LFS - National Labour Force Survey","Employment by sex, status in employment and economic activity (thousands)","Total","Status in employment (Aggregate): Total","Economic activity (Aggregate): Total","2021",130518.159,"Break in series",,"Break in series: Methodology revised","Repository: ILO-STATISTICS - Micro data processing"
"Indonesia","LFS - National Labour Force Survey","Employment by sex, status in employment and economic activity (thousands)","Total","Status in employment (Aggregate): Total","Economic activity (Aggregate): Agriculture","2021",37833.56,"Break in series",,"Break in series: Methodology revised","Repository: ILO-STATISTICS - Micro data processing"
"Indonesia","LFS - National Labour Force Survey","Employment by sex, status in employment and economic activity (thousands)","Total","Status in employment (Aggregate): Total","Economic activity (Aggregate): Manufacturing","2021",18165.45,"Break in series",,"Break in series: Methodology revised","Repository: ILO-STATISTICS - Micro data processing"
"Indonesia","LFS - National Labour Force Survey","Employment by sex, status in employment and economic activity (thousands)","Total","Status in employment (Aggregate): Total","Economic activity (Aggregate): Construction","2021",8041.2,"Break in series",,"Break in series: Methodology revised","Repository: ILO-STATISTICS - Micro data processing"
"Indonesia","LFS - National Labour Force Survey","Employment by sex, status in employment and economic activity (thousands)","Total","Status in employment (Aggregate): Total","Economic activity (Aggregate): Mining and quarrying; Electricity, gas and water supply","2021",2195.97,"Break in series",,"Break in series: Methodology revised","Repository: ILO-STATISTICS - Micro data processing"
"Indonesia","LFS - National Labour Force Survey","Employment by sex, status in employment and economic activity (thousands)","Total","Status in employment (Aggregate): Total","Economic activity (Aggregate): Trade, Transportation, Accommodation and Food, and Business and Administrative Services","2021",44782.191,"Break in series",,"Break in series: Methodology revised","Repository: ILO-STATISTICS - Micro data processing"
"Indonesia","LFS - National Labour Force Survey","Employment by sex, status in employment and economic activity (thousands)","Total","Status in employment (Aggregate): Total","Economic activity (Aggregate): Public Administration, Community, Social and other Services and Activities","2021",19499.788,"Break in series",,"Break in series: Methodology revised","Repository: ILO-STATISTICS - Micro data processing"
"Indonesia","LFS - National Labour Force Survey","Employment by sex, status in employment and economic activity (thousands)","Male","Status in employment (Aggregate): Total","Economic activity (Aggregate): Total","2021",78572.287,"Break in series",,"Break in series: Methodology revised","Repository: ILO-STATISTICS - Micro data processing"
"Indonesia","LFS - National Labour Force Survey","Employment by sex, status in employment and economic activity (thousands)","Male","Status in employment (Aggregate): Total","Economic activity (Aggregate): Agriculture","2021",24323.604,"Break in series",,"Break in series: Methodology revised","Repository: ILO-STATISTICS - Micro data processing"
"Indonesia","LFS - National Labour Force Survey","Employment by sex, status in employment and economic activity (thousands)","Male","Status in employment (Aggregate): Total","Economic activity (Aggregate): Manufacturing","2021",10278.362,"Break in series",,"Break in series: Methodology revised","Repository: ILO-STATISTICS - Micro data processing"
"Indonesia","LFS - National Labour Force Survey","Employment by sex, status in employment and economic activity (thousands)","Male","Status in employment (Aggregate): Total","Economic activity (Aggregate): Construction","2021",7918.592,"Break in series",,"Break in series: Methodology revised","Repository: ILO-STATISTICS - Micro data processing"
"Indonesia","LFS - National Labour Force Survey","Employment by sex, status in employment and economic activity (thousands)","Male","Status in employment (Aggregate): Total","Economic activity (Aggregate): Mining and quarrying; Electricity, gas and water supply","2021",1942.595,"Break in series",,"Break in series: Methodology revised","Repository: ILO-STATISTICS - Micro data processing"
"Indonesia","LFS - National Labour Force Survey","Employment by sex, status in employment and economic activity (thousands)","Male","Status in employment (Aggregate): Total","Economic activity (Aggregate): Trade, Transportation, Accommodation and Food, and Business and Administrative Services","2021",24784.309,"Break in series",,"Break in series: Methodology revised","Repository: ILO-STATISTICS - Micro data processing"
"Indonesia","LFS - National Labour Force Survey","Employment by sex, status in employment and economic activity (thousands)","Male","Status in employment (Aggregate): Total","Economic activity (Aggregate): Public Administration, Community, Social and other Services and Activities","2021",9324.824,"Break in series",,"Break in series: Methodology revised","Repository: ILO-STATISTICS - Micro data processing"
"Indonesia","LFS - National Labour Force Survey","Employment by sex, status in employment and economic activity (thousands)","Female","Status in employment (Aggregate): Total","Economic activity (Aggregate): Total","2021",51945.872,"Break in series",,"Break in series: Methodology revised","Repository: ILO-STATISTICS - Micro data processing"
"Indonesia","LFS - National Labour Force Survey","Employment by sex, status in employment and economic activity (thousands)","Female","Status in employment (Aggregate): Total","Economic activity (Aggregate): Agriculture","2021",13509.956,"Break in series",,"Break in series: Methodology revised","Repository: ILO-STATISTICS - Micro data processing"
"Indonesia","LFS - National Labour Force Survey","Employment by sex, status in employment and economic activity (thousands)","Female","Status in employment (Aggregate): Total","Economic activity (Aggregate): Manufacturing","2021",7887.088,"Break in series",,"Break in series: Methodology revised","Repository: ILO-STATISTICS - Micro data processing"
"Indonesia","LFS - National Labour Force Survey","Employment by sex, status in employment and economic activity (thousands)","Female","Status in employment (Aggregate): Total","Economic activity (Aggregate): Construction","2021",122.609,"Break in series",,"Break in series: Methodology revised","Repository: ILO-STATISTICS - Micro data processing"
"Indonesia","LFS - National Labour Force Survey","Employment by sex, status in employment and economic activity (thousands)","Female","Status in employment (Aggregate): Total","Economic activity (Aggregate): Mining and quarrying; Electricity, gas and water supply","2021",253.375,"Break in series",,"Break in series: Methodology revised","Repository: ILO-STATISTICS - Micro data processing"
"Indonesia","LFS - National Labour Force Survey","Employment by sex, status in employment and economic activity (thousands)","Female","Status in employment (Aggregate): Total","Economic activity (Aggregate): Trade, Transportation, Accommodation and Food, and Business and Administrative Services","2021",19997.881,"Break in series",,"Break in series: Methodology revised","Repository: ILO-STATISTICS - Micro data processing"
"Indonesia","LFS - National Labour Force Survey","Employment by sex, status in employment and economic activity (thousands)","Female","Status in employment (Aggregate): Total","Economic activity (Aggregate): Public Administration, Community, Social and other Services and Activities","2021",10174.964,"Break in series",,"Break in series: Methodology revised","Repository: ILO-STATISTICS - Micro data processing"
"Indonesia","LFS - National Labour Force Survey","Employment by sex, status in employment and economic activity (thousands)","Total","Status in employment (Aggregate): Total","Economic activity (Aggregate): Total","2020",131187.157,,,,"Repository: ILO-STATISTICS - Micro data processing"
"Indonesia","LFS - National Labour Force Survey","Employment by sex, status in employment and economic activity (thousands)","Total","Status in employment (Aggregate): Total","Economic activity (Aggregate): Agriculture","2020",38794.116,,,,"Repository: ILO-STATISTICS - Micro data processing"
"Indonesia","LFS - National Labour Force Survey","Employment by sex, status in employment and economic activity (thousands)","Total","Status in employment (Aggregate): Total","Economic activity (Aggregate): Manufacturing","2020",18075.99,,,,"Repository: ILO-STATISTICS - Micro data processing"
"Indonesia","LFS - National Labour Force Survey","Employment by sex, status in employment and economic activity (thousands)","Total","Status in employment (Aggregate): Total","Economic activity (Aggregate): Construction","2020",8032.596,,,,"Repository: ILO-STATISTICS - Micro data processing"
"Indonesia","LFS - National Labour Force Survey","Employment by sex, status in employment and economic activity (thousands)","Total","Status in employment (Aggregate): Total","Economic activity (Aggregate): Mining and quarrying; Electricity, gas and water supply","2020",2143.052,,,,"Repository: ILO-STATISTICS - Micro data processing"
"Indonesia","LFS - National Labour Force Survey","Employment by sex, status in employment and economic activity (thousands)","Total","Status in employment (Aggregate): Total","Economic activity (Aggregate): Trade, Transportation, Accommodation and Food, and Business and Administrative Services","2020",44150.098,,,,"Repository: ILO-STATISTICS - Micro data processing"
"Indonesia","LFS - National Labour Force Survey","Employment by sex, status in employment and economic activity (thousands)","Total","Status in employment (Aggregate): Total","Economic activity (Aggregate): Public Administration, Community, Social and other Services and Activities","2020",19991.305,,,,"Repository: ILO-STATISTICS - Micro data processing"
"Indonesia","LFS - National Labour Force Survey","Employment by sex, status in employment and economic activity (thousands)","Male","Status in employment (Aggregate): Total","Economic activity (Aggregate): Total","2020",79164.611,,,,"Repository: ILO-STATISTICS - Micro data processing"
"Indonesia","LFS - National Labour Force Survey","Employment by sex, status in employment and economic activity (thousands)","Male","Status in employment (Aggregate): Total","Economic activity (Aggregate): Agriculture","2020",24669.544,,,,"Repository: ILO-STATISTICS - Micro data processing"
"Indonesia","LFS - National Labour Force Survey","Employment by sex, status in employment and economic activity (thousands)","Male","Status in employment (Aggregate): Total","Economic activity (Aggregate): Manufacturing","2020",10244.732,,,,"Repository: ILO-STATISTICS - Micro data processing"
"Indonesia","LFS - National Labour Force Survey","Employment by sex, status in employment and economic activity (thousands)","Male","Status in employment (Aggregate): Total","Economic activity (Aggregate): Construction","2020",7883.18,,,,"Repository: ILO-STATISTICS - Micro data processing"
"Indonesia","LFS - National Labour Force Survey","Employment by sex, status in employment and economic activity (thousands)","Male","Status in employment (Aggregate): Total","Economic activity (Aggregate): Mining and quarrying; Electricity, gas and water supply","2020",1902.161,,,,"Repository: ILO-STATISTICS - Micro data processing"
"Indonesia","LFS - National Labour Force Survey","Employment by sex, status in employment and economic activity (thousands)","Male","Status in employment (Aggregate): Total","Economic activity (Aggregate): Trade, Transportation, Accommodation and Food, and Business and Administrative Services","2020",24726.016,,,,"Repository: ILO-STATISTICS - Micro data processing"
"Indonesia","LFS - National Labour Force Survey","Employment by sex, status in employment and economic activity (thousands)","Male","Status in employment (Aggregate): Total","Economic activity (Aggregate): Public Administration, Community, Social and other Services and Activities","2020",9738.977,,,,"Repository: ILO-STATISTICS - Micro data processing"
"Indonesia","LFS - National Labour Force Survey","Employment by sex, status in employment and economic activity (thousands)","Female","Status in employment (Aggregate): Total","Economic activity (Aggregate): Total","2020",52022.546,,,,"Repository: ILO-STATISTICS - Micro data processing"
"Indonesia","LFS - National Labour Force Survey","Employment by sex, status in employment and economic activity (thousands)","Female","Status in employment (Aggregate): Total","Economic activity (Aggregate): Agriculture","2020",14124.571,,,,"Repository: ILO-STATISTICS - Micro data processing"
"Indonesia","LFS - National Labour Force Survey","Employment by sex, status in employment and economic activity (thousands)","Female","Status in employment (Aggregate): Total","Economic activity (Aggregate): Manufacturing","2020",7831.258,,,,"Repository: ILO-STATISTICS - Micro data processing"
"Indonesia","LFS - National Labour Force Survey","Employment by sex, status in employment and economic activity (thousands)","Female","Status in employment (Aggregate): Total","Economic activity (Aggregate): Construction","2020",149.416,,,,"Repository: ILO-STATISTICS - Micro data processing"
"Indonesia","LFS - National Labour Force Survey","Employment by sex, status in employment and economic activity (thousands)","Female","Status in employment (Aggregate): Total","Economic activity (Aggregate): Mining and quarrying; Electricity, gas and water supply","2020",240.891,,,,"Repository: ILO-STATISTICS - Micro data processing"
"Indonesia","LFS - National Labour Force Survey","Employment by sex, status in employment and economic activity (thousands)","Female","Status in employment (Aggregate): Total","Economic activity (Aggregate): Trade, Transportation, Accommodation and Food, and Business and Administrative Services","2020",19424.082,,,,"Repository: ILO-STATISTICS - Micro data processing"
"Indonesia","LFS - National Labour Force Survey","Employment by sex, status in employment and economic activity (thousands)","Female","Status in employment (Aggregate): Total","Economic activity (Aggregate): Public Administration, Community, Social and other Services and Activities","2020",10252.328,,,,"Repository: ILO-STATISTICS - Micro data processing"
"Indonesia","LFS - National Labour Force Survey","Employment by sex, status in employment and economic activity (thousands)","Total","Status in employment (Aggregate): Total","Economic activity (Aggregate): Total","2019",131895.948,,,,"Repository: ILO-STATISTICS - Micro data processing"
"Indonesia","LFS - National Labour Force Survey","Employment by sex, status in employment and economic activity (thousands)","Total","Status in employment (Aggregate): Total","Economic activity (Aggregate): Agriculture","2019",37885.698,,,,"Repository: ILO-STATISTICS - Micro data processing"
"Indonesia","LFS - National Labour Force Survey","Employment by sex, status in employment and economic activity (thousands)","Total","Status in employment (Aggregate): Total","Economic activity (Aggregate): Manufacturing","2019",18970.407,,,,"Repository: ILO-STATISTICS - Micro data processing"
"Indonesia","LFS - National Labour Force Survey","Employment by sex, status in employment and economic activity (thousands)","Total","Status in employment (Aggregate): Total","Economic activity (Aggregate): Construction","2019",8224.318,,,,"Repository: ILO-STATISTICS - Micro data processing"
"Indonesia","LFS - National Labour Force Survey","Employment by sex, status in employment and economic activity (thousands)","Total","Status in employment (Aggregate): Total","Economic activity (Aggregate): Mining and quarrying; Electricity, gas and water supply","2019",2215.119,,,,"Repository: ILO-STATISTICS - Micro data processing"
"Indonesia","LFS - National Labour Force Survey","Employment by sex, status in employment and economic activity (thousands)","Total","Status in employment (Aggregate): Total","Economic activity (Aggregate): Trade, Transportation, Accommodation and Food, and Business and Administrative Services","2019",44451.362,,,,"Repository: ILO-STATISTICS - Micro data processing"
"Indonesia","LFS - National Labour Force Survey","Employment by sex, status in employment and economic activity (thousands)","Total","Status in employment (Aggregate): Total","Economic activity (Aggregate): Public Administration, Community, Social and other Services and Activities","2019",20149.044,,,,"Repository: ILO-STATISTICS - Micro data processing"
"Indonesia","LFS - National Labour Force Survey","Employment by sex, status in employment and economic activity (thousands)","Male","Status in employment (Aggregate): Total","Economic activity (Aggregate): Total","2019",79658.931,,,,"Repository: ILO-STATISTICS - Micro data processing"
"Indonesia","LFS - National Labour Force Survey","Employment by sex, status in employment and economic activity (thousands)","Male","Status in employment (Aggregate): Total","Economic activity (Aggregate): Agriculture","2019",24003.091,,,,"Repository: ILO-STATISTICS - Micro data processing"
"Indonesia","LFS - National Labour Force Survey","Employment by sex, status in employment and economic activity (thousands)","Male","Status in employment (Aggregate): Total","Economic activity (Aggregate): Manufacturing","2019",10733.256,,,,"Repository: ILO-STATISTICS - Micro data processing"
"Indonesia","LFS - National Labour Force Survey","Employment by sex, status in employment and economic activity (thousands)","Male","Status in employment (Aggregate): Total","Economic activity (Aggregate): Construction","2019",8050.708,,,,"Repository: ILO-STATISTICS - Micro data processing"
"Indonesia","LFS - National Labour Force Survey","Employment by sex, status in employment and economic activity (thousands)","Male","Status in employment (Aggregate): Total","Economic activity (Aggregate): Mining and quarrying; Electricity, gas and water supply","2019",1933.27,,,,"Repository: ILO-STATISTICS - Micro data processing"
"Indonesia","LFS - National Labour Force Survey","Employment by sex, status in employment and economic activity (thousands)","Male","Status in employment (Aggregate): Total","Economic activity (Aggregate): Trade, Transportation, Accommodation and Food, and Business and Administrative Services","2019",25096.96,,,,"Repository: ILO-STATISTICS - Micro data processing"
"Indonesia","LFS - National Labour Force Survey","Employment by sex, status in employment and economic activity (thousands)","Male","Status in employment (Aggregate): Total","Economic activity (Aggregate): Public Administration, Community, Social and other Services and Activities","2019",9841.646,,,,"Repository: ILO-STATISTICS - Micro data processing"
"Indonesia","LFS - National Labour Force Survey","Employment by sex, status in employment and economic activity (thousands)","Female","Status in employment (Aggregate): Total","Economic activity (Aggregate): Total","2019",52237.016,,,,"Repository: ILO-STATISTICS - Micro data processing"
"Indonesia","LFS - National Labour Force Survey","Employment by sex, status in employment and economic activity (thousands)","Female","Status in employment (Aggregate): Total","Economic activity (Aggregate): Agriculture","2019",13882.606,,,,"Repository: ILO-STATISTICS - Micro data processing"
"Indonesia","LFS - National Labour Force Survey","Employment by sex, status in employment and economic activity (thousands)","Female","Status in employment (Aggregate): Total","Economic activity (Aggregate): Manufacturing","2019",8237.15,,,,"Repository: ILO-STATISTICS - Micro data processing"
"Indonesia","LFS - National Labour Force Survey","Employment by sex, status in employment and economic activity (thousands)","Female","Status in employment (Aggregate): Total","Economic activity (Aggregate): Construction","2019",173.609,,,,"Repository: ILO-STATISTICS - Micro data processing"
"Indonesia","LFS - National Labour Force Survey","Employment by sex, status in employment and economic activity (thousands)","Female","Status in employment (Aggregate): Total","Economic activity (Aggregate): Mining and quarrying; Electricity, gas and water supply","2019",281.849,,,,"Repository: ILO-STATISTICS - Micro data processing"
"Indonesia","LFS - National Labour Force Survey","Employment by sex, status in employment and economic activity (thousands)","Female","Status in employment (Aggregate): Total","Economic activity (Aggregate): Trade, Transportation, Accommodation and Food, and Business and Administrative Services","2019",19354.402,,,,"Repository: ILO-STATISTICS - Micro data processing"
"Indonesia","LFS - National Labour Force Survey","Employment by sex, status in employment and economic activity (thousands)","Female","Status in employment (Aggregate): Total","Economic activity (Aggregate): Public Administration, Community, Social and other Services and Activities","2019",10307.399,,,,"Repository: ILO-STATISTICS - Micro data processing"
"Indonesia","LFS - National Labour Force Survey","Employment by sex, status in employment and economic activity (thousands)","Total","Status in employment (Aggregate): Total","Economic activity (Aggregate): Total","2018",126675.011,,,,"Repository: ILO-STATISTICS - Micro data processing"
"Indonesia","LFS - National Labour Force Survey","Employment by sex, status in employment and economic activity (thousands)","Total","Status in employment (Aggregate): Total","Economic activity (Aggregate): Agriculture","2018",37639.255,,,,"Repository: ILO-STATISTICS - Micro data processing"
"Indonesia","LFS - National Labour Force Survey","Employment by sex, status in employment and economic activity (thousands)","Total","Status in employment (Aggregate): Total","Economic activity (Aggregate): Manufacturing","2018",18229.653,,,,"Repository: ILO-STATISTICS - Micro data processing"
"Indonesia","LFS - National Labour Force Survey","Employment by sex, status in employment and economic activity (thousands)","Total","Status in employment (Aggregate): Total","Economic activity (Aggregate): Construction","2018",7757.822,,,,"Repository: ILO-STATISTICS - Micro data processing"
"Indonesia","LFS - National Labour Force Survey","Employment by sex, status in employment and economic activity (thousands)","Total","Status in employment (Aggregate): Total","Economic activity (Aggregate): Mining and quarrying; Electricity, gas and water supply","2018",2226.563,,,,"Repository: ILO-STATISTICS - Micro data processing"
"Indonesia","LFS - National Labour Force Survey","Employment by sex, status in employment and economic activity (thousands)","Total","Status in employment (Aggregate): Total","Economic activity (Aggregate): Trade, Transportation, Accommodation and Food, and Business and Administrative Services","2018",41401.854,,,,"Repository: ILO-STATISTICS - Micro data processing"
"Indonesia","LFS - National Labour Force Survey","Employment by sex, status in employment and economic activity (thousands)","Total","Status in employment (Aggregate): Total","Economic activity (Aggregate): Public Administration, Community, Social and other Services and Activities","2018",19419.864,,,,"Repository: ILO-STATISTICS - Micro data processing"
"Indonesia","LFS - National Labour Force Survey","Employment by sex, status in employment and economic activity (thousands)","Male","Status in employment (Aggregate): Total","Economic activity (Aggregate): Total","2018",76815.681,,,,"Repository: ILO-STATISTICS - Micro data processing"
"Indonesia","LFS - National Labour Force Survey","Employment by sex, status in employment and economic activity (thousands)","Male","Status in employment (Aggregate): Total","Economic activity (Aggregate): Agriculture","2018",23884.916,,,,"Repository: ILO-STATISTICS - Micro data processing"
"Indonesia","LFS - National Labour Force Survey","Employment by sex, status in employment and economic activity (thousands)","Male","Status in employment (Aggregate): Total","Economic activity (Aggregate): Manufacturing","2018",10195.606,,,,"Repository: ILO-STATISTICS - Micro data processing"
"Indonesia","LFS - National Labour Force Survey","Employment by sex, status in employment and economic activity (thousands)","Male","Status in employment (Aggregate): Total","Economic activity (Aggregate): Construction","2018",7589.732,,,,"Repository: ILO-STATISTICS - Micro data processing"
"Indonesia","LFS - National Labour Force Survey","Employment by sex, status in employment and economic activity (thousands)","Male","Status in employment (Aggregate): Total","Economic activity (Aggregate): Mining and quarrying; Electricity, gas and water supply","2018",1962.237,,,,"Repository: ILO-STATISTICS - Micro data processing"
"Indonesia","LFS - National Labour Force Survey","Employment by sex, status in employment and economic activity (thousands)","Male","Status in employment (Aggregate): Total","Economic activity (Aggregate): Trade, Transportation, Accommodation and Food, and Business and Administrative Services","2018",23629.439,,,,"Repository: ILO-STATISTICS - Micro data processing"
"Indonesia","LFS - National Labour Force Survey","Employment by sex, status in employment and economic activity (thousands)","Male","Status in employment (Aggregate): Total","Economic activity (Aggregate): Public Administration, Community, Social and other Services and Activities","2018",9553.751,,,,"Repository: ILO-STATISTICS - Micro data processing"
"Indonesia","LFS - National Labour Force Survey","Employment by sex, status in employment and economic activity (thousands)","Female","Status in employment (Aggregate): Total","Economic activity (Aggregate): Total","2018",49859.33,,,,"Repository: ILO-STATISTICS - Micro data processing"
"Indonesia","LFS - National Labour Force Survey","Employment by sex, status in employment and economic activity (thousands)","Female","Status in employment (Aggregate): Total","Economic activity (Aggregate): Agriculture","2018",13754.339,,,,"Repository: ILO-STATISTICS - Micro data processing"
"Indonesia","LFS - National Labour Force Survey","Employment by sex, status in employment and economic activity (thousands)","Female","Status in employment (Aggregate): Total","Economic activity (Aggregate): Manufacturing","2018",8034.046,,,,"Repository: ILO-STATISTICS - Micro data processing"
"Indonesia","LFS - National Labour Force Survey","Employment by sex, status in employment and economic activity (thousands)","Female","Status in employment (Aggregate): Total","Economic activity (Aggregate): Construction","2018",168.09,,,,"Repository: ILO-STATISTICS - Micro data processing"
"Indonesia","LFS - National Labour Force Survey","Employment by sex, status in employment and economic activity (thousands)","Female","Status in employment (Aggregate): Total","Economic activity (Aggregate): Mining and quarrying; Electricity, gas and water supply","2018",264.325,,,,"Repository: ILO-STATISTICS - Micro data processing"
"Indonesia","LFS - National Labour Force Survey","Employment by sex, status in employment and economic activity (thousands)","Female","Status in employment (Aggregate): Total","Economic activity (Aggregate): Trade, Transportation, Accommodation and Food, and Business and Administrative Services","2018",17772.416,,,,"Repository: ILO-STATISTICS - Micro data processing"
"Indonesia","LFS - National Labour Force Survey","Employment by sex, status in employment and economic activity (thousands)","Female","Status in employment (Aggregate): Total","Economic activity (Aggregate): Public Administration, Community, Social and other Services and Activities","2018",9866.113,,,,"Repository: ILO-STATISTICS - Micro data processing"
"Indonesia","LFS - National Labour Force Survey","Employment by sex, status in employment and economic activity (thousands)","Total","Status in employment (Aggregate): Total","Economic activity (Aggregate): Total","2017",122780.636,,,,"Repository: ILO-STATISTICS - Micro data processing"
"Indonesia","LFS - National Labour Force Survey","Employment by sex, status in employment and economic activity (thousands)","Total","Status in employment (Aggregate): Total","Economic activity (Aggregate): Agriculture","2017",37804.198,,,,"Repository: ILO-STATISTICS - Micro data processing"
"Indonesia","LFS - National Labour Force Survey","Employment by sex, status in employment and economic activity (thousands)","Total","Status in employment (Aggregate): Total","Economic activity (Aggregate): Manufacturing","2017",17321.468,,,,"Repository: ILO-STATISTICS - Micro data processing"
"Indonesia","LFS - National Labour Force Survey","Employment by sex, status in employment and economic activity (thousands)","Total","Status in employment (Aggregate): Total","Economic activity (Aggregate): Construction","2017",7649.802,,,,"Repository: ILO-STATISTICS - Micro data processing"
"Indonesia","LFS - National Labour Force Survey","Employment by sex, status in employment and economic activity (thousands)","Total","Status in employment (Aggregate): Total","Economic activity (Aggregate): Mining and quarrying; Electricity, gas and water supply","2017",2062.17,,,,"Repository: ILO-STATISTICS - Micro data processing"
"Indonesia","LFS - National Labour Force Survey","Employment by sex, status in employment and economic activity (thousands)","Total","Status in employment (Aggregate): Total","Economic activity (Aggregate): Trade, Transportation, Accommodation and Food, and Business and Administrative Services","2017",39323.86,,,,"Repository: ILO-STATISTICS - Micro data processing"
"Indonesia","LFS - National Labour Force Survey","Employment by sex, status in employment and economic activity (thousands)","Total","Status in employment (Aggregate): Total","Economic activity (Aggregate): Public Administration, Community, Social and other Services and Activities","2017",18619.138,,,,"Repository: ILO-STATISTICS - Micro data processing"
"Indonesia","LFS - National Labour Force Survey","Employment by sex, status in employment and economic activity (thousands)","Male","Status in employment (Aggregate): Total","Economic activity (Aggregate): Total","2017",74751.649,,,,"Repository: ILO-STATISTICS - Micro data processing"
"Indonesia","LFS - National Labour Force Survey","Employment by sex, status in employment and economic activity (thousands)","Male","Status in employment (Aggregate): Total","Economic activity (Aggregate): Agriculture","2017",23954.047,,,,"Repository: ILO-STATISTICS - Micro data processing"
"Indonesia","LFS - National Labour Force Survey","Employment by sex, status in employment and economic activity (thousands)","Male","Status in employment (Aggregate): Total","Economic activity (Aggregate): Manufacturing","2017",9742.22,,,,"Repository: ILO-STATISTICS - Micro data processing"
"Indonesia","LFS - National Labour Force Survey","Employment by sex, status in employment and economic activity (thousands)","Male","Status in employment (Aggregate): Total","Economic activity (Aggregate): Construction","2017",7480.014,,,,"Repository: ILO-STATISTICS - Micro data processing"
"Indonesia","LFS - National Labour Force Survey","Employment by sex, status in employment and economic activity (thousands)","Male","Status in employment (Aggregate): Total","Economic activity (Aggregate): Mining and quarrying; Electricity, gas and water supply","2017",1809.404,,,,"Repository: ILO-STATISTICS - Micro data processing"
"Indonesia","LFS - National Labour Force Survey","Employment by sex, status in employment and economic activity (thousands)","Male","Status in employment (Aggregate): Total","Economic activity (Aggregate): Trade, Transportation, Accommodation and Food, and Business and Administrative Services","2017",22555.483,,,,"Repository: ILO-STATISTICS - Micro data processing"
"Indonesia","LFS - National Labour Force Survey","Employment by sex, status in employment and economic activity (thousands)","Male","Status in employment (Aggregate): Total","Economic activity (Aggregate): Public Administration, Community, Social and other Services and Activities","2017",9210.481,,,,"Repository: ILO-STATISTICS - Micro data processing"
"Indonesia","LFS - National Labour Force Survey","Employment by sex, status in employment and economic activity (thousands)","Female","Status in employment (Aggregate): Total","Economic activity (Aggregate): Total","2017",48028.987,,,,"Repository: ILO-STATISTICS - Micro data processing"
"Indonesia","LFS - National Labour Force Survey","Employment by sex, status in employment and economic activity (thousands)","Female","Status in employment (Aggregate): Total","Economic activity (Aggregate): Agriculture","2017",13850.152,,,,"Repository: ILO-STATISTICS - Micro data processing"
"Indonesia","LFS - National Labour Force Survey","Employment by sex, status in employment and economic activity (thousands)","Female","Status in employment (Aggregate): Total","Economic activity (Aggregate): Manufacturing","2017",7579.248,,,,"Repository: ILO-STATISTICS - Micro data processing"
"Indonesia","LFS - National Labour Force Survey","Employment by sex, status in employment and economic activity (thousands)","Female","Status in employment (Aggregate): Total","Economic activity (Aggregate): Construction","2017",169.788,,,,"Repository: ILO-STATISTICS - Micro data processing"
"Indonesia","LFS - National Labour Force Survey","Employment by sex, status in employment and economic activity (thousands)","Female","Status in employment (Aggregate): Total","Economic activity (Aggregate): Mining and quarrying; Electricity, gas and water supply","2017",252.766,,,,"Repository: ILO-STATISTICS - Micro data processing"
"Indonesia","LFS - National Labour Force Survey","Employment by sex, status in employment and economic activity (thousands)","Female","Status in employment (Aggregate): Total","Economic activity (Aggregate): Trade, Transportation, Accommodation and Food, and Business and Administrative Services","2017",16768.376,,,,"Repository: ILO-STATISTICS - Micro data processing"
"Indonesia","LFS - National Labour Force Survey","Employment by sex, status in employment and economic activity (thousands)","Female","Status in employment (Aggregate): Total","Economic activity (Aggregate): Public Administration, Community, Social and other Services and Activities","2017",9408.656,,,,"Repository: ILO-STATISTICS - Micro data processing"
"Indonesia","LFS - National Labour Force Survey","Employment by sex, status in employment and economic activity (thousands)","Total","Status in employment (Aggregate): Total","Economic activity (Aggregate): Total","2016",119529.835,,,,"Repository: ILO-STATISTICS - Micro data processing"
"Indonesia","LFS - National Labour Force Survey","Employment by sex, status in employment and economic activity (thousands)","Total","Status in employment (Aggregate): Total","Economic activity (Aggregate): Agriculture","2016",38034.912,,,,"Repository: ILO-STATISTICS - Micro data processing"
"Indonesia","LFS - National Labour Force Survey","Employment by sex, status in employment and economic activity (thousands)","Total","Status in employment (Aggregate): Total","Economic activity (Aggregate): Manufacturing","2016",16171.097,,,,"Repository: ILO-STATISTICS - Micro data processing"
"Indonesia","LFS - National Labour Force Survey","Employment by sex, status in employment and economic activity (thousands)","Total","Status in employment (Aggregate): Total","Economic activity (Aggregate): Construction","2016",7842.932,,,,"Repository: ILO-STATISTICS - Micro data processing"
"Indonesia","LFS - National Labour Force Survey","Employment by sex, status in employment and economic activity (thousands)","Total","Status in employment (Aggregate): Total","Economic activity (Aggregate): Mining and quarrying; Electricity, gas and water supply","2016",1952.441,,,,"Repository: ILO-STATISTICS - Micro data processing"
"Indonesia","LFS - National Labour Force Survey","Employment by sex, status in employment and economic activity (thousands)","Total","Status in employment (Aggregate): Total","Economic activity (Aggregate): Trade, Transportation, Accommodation and Food, and Business and Administrative Services","2016",37758.496,,,,"Repository: ILO-STATISTICS - Micro data processing"
"Indonesia","LFS - National Labour Force Survey","Employment by sex, status in employment and economic activity (thousands)","Total","Status in employment (Aggregate): Total","Economic activity (Aggregate): Public Administration, Community, Social and other Services and Activities","2016",17769.958,,,,"Repository: ILO-STATISTICS - Micro data processing"
"Indonesia","LFS - National Labour Force Survey","Employment by sex, status in employment and economic activity (thousands)","Male","Status in employment (Aggregate): Total","Economic activity (Aggregate): Total","2016",73330.198,,,,"Repository: ILO-STATISTICS - Micro data processing"
"Indonesia","LFS - National Labour Force Survey","Employment by sex, status in employment and economic activity (thousands)","Male","Status in employment (Aggregate): Total","Economic activity (Aggregate): Agriculture","2016",24140.841,,,,"Repository: ILO-STATISTICS - Micro data processing"
"Indonesia","LFS - National Labour Force Survey","Employment by sex, status in employment and economic activity (thousands)","Male","Status in employment (Aggregate): Total","Economic activity (Aggregate): Manufacturing","2016",9212.305,,,,"Repository: ILO-STATISTICS - Micro data processing"
"Indonesia","LFS - National Labour Force Survey","Employment by sex, status in employment and economic activity (thousands)","Male","Status in employment (Aggregate): Total","Economic activity (Aggregate): Construction","2016",7657.259,,,,"Repository: ILO-STATISTICS - Micro data processing"
"Indonesia","LFS - National Labour Force Survey","Employment by sex, status in employment and economic activity (thousands)","Male","Status in employment (Aggregate): Total","Economic activity (Aggregate): Mining and quarrying; Electricity, gas and water supply","2016",1706.889,,,,"Repository: ILO-STATISTICS - Micro data processing"
"Indonesia","LFS - National Labour Force Survey","Employment by sex, status in employment and economic activity (thousands)","Male","Status in employment (Aggregate): Total","Economic activity (Aggregate): Trade, Transportation, Accommodation and Food, and Business and Administrative Services","2016",21820.504,,,,"Repository: ILO-STATISTICS - Micro data processing"
"Indonesia","LFS - National Labour Force Survey","Employment by sex, status in employment and economic activity (thousands)","Male","Status in employment (Aggregate): Total","Economic activity (Aggregate): Public Administration, Community, Social and other Services and Activities","2016",8792.4,,,,"Repository: ILO-STATISTICS - Micro data processing"
"Indonesia","LFS - National Labour Force Survey","Employment by sex, status in employment and economic activity (thousands)","Female","Status in employment (Aggregate): Total","Economic activity (Aggregate): Total","2016",46199.636,,,,"Repository: ILO-STATISTICS - Micro data processing"
"Indonesia","LFS - National Labour Force Survey","Employment by sex, status in employment and economic activity (thousands)","Female","Status in employment (Aggregate): Total","Economic activity (Aggregate): Agriculture","2016",13894.07,,,,"Repository: ILO-STATISTICS - Micro data processing"
"Indonesia","LFS - National Labour Force Survey","Employment by sex, status in employment and economic activity (thousands)","Female","Status in employment (Aggregate): Total","Economic activity (Aggregate): Manufacturing","2016",6958.792,,,,"Repository: ILO-STATISTICS - Micro data processing"
"Indonesia","LFS - National Labour Force Survey","Employment by sex, status in employment and economic activity (thousands)","Female","Status in employment (Aggregate): Total","Economic activity (Aggregate): Construction","2016",185.673,,,,"Repository: ILO-STATISTICS - Micro data processing"
"Indonesia","LFS - National Labour Force Survey","Employment by sex, status in employment and economic activity (thousands)","Female","Status in employment (Aggregate): Total","Economic activity (Aggregate): Mining and quarrying; Electricity, gas and water supply","2016",245.552,,,,"Repository: ILO-STATISTICS - Micro data processing"
"Indonesia","LFS - National Labour Force Survey","Employment by sex, status in employment and economic activity (thousands)","Female","Status in employment (Aggregate): Total","Economic activity (Aggregate): Trade, Transportation, Accommodation and Food, and Business and Administrative Services","2016",15937.992,,,,"Repository: ILO-STATISTICS - Micro data processing"
"Indonesia","LFS - National Labour Force Survey","Employment by sex, status in employment and economic activity (thousands)","Female","Status in employment (Aggregate): Total","Economic activity (Aggregate): Public Administration, Community, Social and other Services and Activities","2016",8977.558,,,,"Repository: ILO-STATISTICS - Micro data processing"
"Indonesia","LFS - National Labour Force Survey","Employment by sex, status in employment and economic activity (thousands)","Total","Status in employment (Aggregate): Total","Economic activity (Aggregate): Total","2015",117833.01,,,,"Repository: ILO-STATISTICS - Micro data processing"
"Indonesia","LFS - National Labour Force Survey","Employment by sex, status in employment and economic activity (thousands)","Total","Status in employment (Aggregate): Total","Economic activity (Aggregate): Agriculture","2015",38936.566,,,,"Repository: ILO-STATISTICS - Micro data processing"
"Indonesia","LFS - National Labour Force Survey","Employment by sex, status in employment and economic activity (thousands)","Total","Status in employment (Aggregate): Total","Economic activity (Aggregate): Manufacturing","2015",16151.353,,,,"Repository: ILO-STATISTICS - Micro data processing"
"Indonesia","LFS - National Labour Force Survey","Employment by sex, status in employment and economic activity (thousands)","Total","Status in employment (Aggregate): Total","Economic activity (Aggregate): Construction","2015",7961.235,,,,"Repository: ILO-STATISTICS - Micro data processing"
"Indonesia","LFS - National Labour Force Survey","Employment by sex, status in employment and economic activity (thousands)","Total","Status in employment (Aggregate): Total","Economic activity (Aggregate): Mining and quarrying; Electricity, gas and water supply","2015",1855.989,,,,"Repository: ILO-STATISTICS - Micro data processing"
"Indonesia","LFS - National Labour Force Survey","Employment by sex, status in employment and economic activity (thousands)","Total","Status in employment (Aggregate): Total","Economic activity (Aggregate): Trade, Transportation, Accommodation and Food, and Business and Administrative Services","2015",35815.197,,,,"Repository: ILO-STATISTICS - Micro data processing"
"Indonesia","LFS - National Labour Force Survey","Employment by sex, status in employment and economic activity (thousands)","Total","Status in employment (Aggregate): Total","Economic activity (Aggregate): Public Administration, Community, Social and other Services and Activities","2015",17112.67,,,,"Repository: ILO-STATISTICS - Micro data processing"
"Indonesia","LFS - National Labour Force Survey","Employment by sex, status in employment and economic activity (thousands)","Male","Status in employment (Aggregate): Total","Economic activity (Aggregate): Total","2015",72787.675,,,,"Repository: ILO-STATISTICS - Micro data processing"
"Indonesia","LFS - National Labour Force Survey","Employment by sex, status in employment and economic activity (thousands)","Male","Status in employment (Aggregate): Total","Economic activity (Aggregate): Agriculture","2015",24245.244,,,,"Repository: ILO-STATISTICS - Micro data processing"
"Indonesia","LFS - National Labour Force Survey","Employment by sex, status in employment and economic activity (thousands)","Male","Status in employment (Aggregate): Total","Economic activity (Aggregate): Manufacturing","2015",9446.65,,,,"Repository: ILO-STATISTICS - Micro data processing"
"Indonesia","LFS - National Labour Force Survey","Employment by sex, status in employment and economic activity (thousands)","Male","Status in employment (Aggregate): Total","Economic activity (Aggregate): Construction","2015",7773.187,,,,"Repository: ILO-STATISTICS - Micro data processing"
"Indonesia","LFS - National Labour Force Survey","Employment by sex, status in employment and economic activity (thousands)","Male","Status in employment (Aggregate): Total","Economic activity (Aggregate): Mining and quarrying; Electricity, gas and water supply","2015",1648.345,,,,"Repository: ILO-STATISTICS - Micro data processing"
"Indonesia","LFS - National Labour Force Survey","Employment by sex, status in employment and economic activity (thousands)","Male","Status in employment (Aggregate): Total","Economic activity (Aggregate): Trade, Transportation, Accommodation and Food, and Business and Administrative Services","2015",20964.554,,,,"Repository: ILO-STATISTICS - Micro data processing"
"Indonesia","LFS - National Labour Force Survey","Employment by sex, status in employment and economic activity (thousands)","Male","Status in employment (Aggregate): Total","Economic activity (Aggregate): Public Administration, Community, Social and other Services and Activities","2015",8709.695,,,,"Repository: ILO-STATISTICS - Micro data processing"
"Indonesia","LFS - National Labour Force Survey","Employment by sex, status in employment and economic activity (thousands)","Female","Status in employment (Aggregate): Total","Economic activity (Aggregate): Total","2015",45045.334,,,,"Repository: ILO-STATISTICS - Micro data processing"
"Indonesia","LFS - National Labour Force Survey","Employment by sex, status in employment and economic activity (thousands)","Female","Status in employment (Aggregate): Total","Economic activity (Aggregate): Agriculture","2015",14691.322,,,,"Repository: ILO-STATISTICS - Micro data processing"
"Indonesia","LFS - National Labour Force Survey","Employment by sex, status in employment and economic activity (thousands)","Female","Status in employment (Aggregate): Total","Economic activity (Aggregate): Manufacturing","2015",6704.702,,,,"Repository: ILO-STATISTICS - Micro data processing"
"Indonesia","LFS - National Labour Force Survey","Employment by sex, status in employment and economic activity (thousands)","Female","Status in employment (Aggregate): Total","Economic activity (Aggregate): Construction","2015",188.048,,,,"Repository: ILO-STATISTICS - Micro data processing"
"Indonesia","LFS - National Labour Force Survey","Employment by sex, status in employment and economic activity (thousands)","Female","Status in employment (Aggregate): Total","Economic activity (Aggregate): Mining and quarrying; Electricity, gas and water supply","2015",207.644,,,,"Repository: ILO-STATISTICS - Micro data processing"
"Indonesia","LFS - National Labour Force Survey","Employment by sex, status in employment and economic activity (thousands)","Female","Status in employment (Aggregate): Total","Economic activity (Aggregate): Trade, Transportation, Accommodation and Food, and Business and Administrative Services","2015",14850.643,,,,"Repository: ILO-STATISTICS - Micro data processing"
"Indonesia","LFS - National Labour Force Survey","Employment by sex, status in employment and economic activity (thousands)","Female","Status in employment (Aggregate): Total","Economic activity (Aggregate): Public Administration, Community, Social and other Services and Activities","2015",8402.975,,,,"Repository: ILO-STATISTICS - Micro data processing"
"Indonesia","LFS - National Labour Force Survey","Employment by sex, status in employment and economic activity (thousands)","Total","Status in employment (Aggregate): Total","Economic activity (Aggregate): Total","2014",116398.974,,,,"Repository: ILO-STATISTICS - Micro data processing"
"Indonesia","LFS - National Labour Force Survey","Employment by sex, status in employment and economic activity (thousands)","Total","Status in employment (Aggregate): Total","Economic activity (Aggregate): Agriculture","2014",39904.349,,,,"Repository: ILO-STATISTICS - Micro data processing"
"Indonesia","LFS - National Labour Force Survey","Employment by sex, status in employment and economic activity (thousands)","Total","Status in employment (Aggregate): Total","Economic activity (Aggregate): Manufacturing","2014",15683.003,,,,"Repository: ILO-STATISTICS - Micro data processing"
"Indonesia","LFS - National Labour Force Survey","Employment by sex, status in employment and economic activity (thousands)","Total","Status in employment (Aggregate): Total","Economic activity (Aggregate): Construction","2014",7246.026,,,,"Repository: ILO-STATISTICS - Micro data processing"
"Indonesia","LFS - National Labour Force Survey","Employment by sex, status in employment and economic activity (thousands)","Total","Status in employment (Aggregate): Total","Economic activity (Aggregate): Mining and quarrying; Electricity, gas and water supply","2014",1975.561,,,,"Repository: ILO-STATISTICS - Micro data processing"
"Indonesia","LFS - National Labour Force Survey","Employment by sex, status in employment and economic activity (thousands)","Total","Status in employment (Aggregate): Total","Economic activity (Aggregate): Trade, Transportation, Accommodation and Food, and Business and Administrative Services","2014",34715.556,,,,"Repository: ILO-STATISTICS - Micro data processing"
"Indonesia","LFS - National Labour Force Survey","Employment by sex, status in employment and economic activity (thousands)","Total","Status in employment (Aggregate): Total","Economic activity (Aggregate): Public Administration, Community, Social and other Services and Activities","2014",16874.479,,,,"Repository: ILO-STATISTICS - Micro data processing"
"Indonesia","LFS - National Labour Force Survey","Employment by sex, status in employment and economic activity (thousands)","Male","Status in employment (Aggregate): Total","Economic activity (Aggregate): Total","2014",72001.744,,,,"Repository: ILO-STATISTICS - Micro data processing"
"Indonesia","LFS - National Labour Force Survey","Employment by sex, status in employment and economic activity (thousands)","Male","Status in employment (Aggregate): Total","Economic activity (Aggregate): Agriculture","2014",25085.841,,,,"Repository: ILO-STATISTICS - Micro data processing"
"Indonesia","LFS - National Labour Force Survey","Employment by sex, status in employment and economic activity (thousands)","Male","Status in employment (Aggregate): Total","Economic activity (Aggregate): Manufacturing","2014",9222.913,,,,"Repository: ILO-STATISTICS - Micro data processing"
"Indonesia","LFS - National Labour Force Survey","Employment by sex, status in employment and economic activity (thousands)","Male","Status in employment (Aggregate): Total","Economic activity (Aggregate): Construction","2014",7061.248,,,,"Repository: ILO-STATISTICS - Micro data processing"
"Indonesia","LFS - National Labour Force Survey","Employment by sex, status in employment and economic activity (thousands)","Male","Status in employment (Aggregate): Total","Economic activity (Aggregate): Mining and quarrying; Electricity, gas and water supply","2014",1771.361,,,,"Repository: ILO-STATISTICS - Micro data processing"
"Indonesia","LFS - National Labour Force Survey","Employment by sex, status in employment and economic activity (thousands)","Male","Status in employment (Aggregate): Total","Economic activity (Aggregate): Trade, Transportation, Accommodation and Food, and Business and Administrative Services","2014",20166.197,,,,"Repository: ILO-STATISTICS - Micro data processing"
"Indonesia","LFS - National Labour Force Survey","Employment by sex, status in employment and economic activity (thousands)","Male","Status in employment (Aggregate): Total","Economic activity (Aggregate): Public Administration, Community, Social and other Services and Activities","2014",8694.182,,,,"Repository: ILO-STATISTICS - Micro data processing"
"Indonesia","LFS - National Labour Force Survey","Employment by sex, status in employment and economic activity (thousands)","Female","Status in employment (Aggregate): Total","Economic activity (Aggregate): Total","2014",44397.23,,,,"Repository: ILO-STATISTICS - Micro data processing"
"Indonesia","LFS - National Labour Force Survey","Employment by sex, status in employment and economic activity (thousands)","Female","Status in employment (Aggregate): Total","Economic activity (Aggregate): Agriculture","2014",14818.508,,,,"Repository: ILO-STATISTICS - Micro data processing"
"Indonesia","LFS - National Labour Force Survey","Employment by sex, status in employment and economic activity (thousands)","Female","Status in employment (Aggregate): Total","Economic activity (Aggregate): Manufacturing","2014",6460.09,,,,"Repository: ILO-STATISTICS - Micro data processing"
"Indonesia","LFS - National Labour Force Survey","Employment by sex, status in employment and economic activity (thousands)","Female","Status in employment (Aggregate): Total","Economic activity (Aggregate): Construction","2014",184.778,,,,"Repository: ILO-STATISTICS - Micro data processing"
"Indonesia","LFS - National Labour Force Survey","Employment by sex, status in employment and economic activity (thousands)","Female","Status in employment (Aggregate): Total","Economic activity (Aggregate): Mining and quarrying; Electricity, gas and water supply","2014",204.2,,,,"Repository: ILO-STATISTICS - Micro data processing"
"Indonesia","LFS - National Labour Force Survey","Employment by sex, status in employment and economic activity (thousands)","Female","Status in employment (Aggregate): Total","Economic activity (Aggregate): Trade, Transportation, Accommodation and Food, and Business and Administrative Services","2014",14549.359,,,,"Repository: ILO-STATISTICS - Micro data processing"
"Indonesia","LFS - National Labour Force Survey","Employment by sex, status in employment and economic activity (thousands)","Female","Status in employment (Aggregate): Total","Economic activity (Aggregate): Public Administration, Community, Social and other Services and Activities","2014",8180.296,,,,"Repository: ILO-STATISTICS - Micro data processing"
"Indonesia","LFS - National Labour Force Survey","Employment by sex, status in employment and economic activity (thousands)","Total","Status in employment (Aggregate): Total","Economic activity (Aggregate): Total","2013",114345.342,"Break in series",,"Break in series: Methodology revised","Repository: ILO-STATISTICS - Micro data processing"
"Indonesia","LFS - National Labour Force Survey","Employment by sex, status in employment and economic activity (thousands)","Total","Status in employment (Aggregate): Total","Economic activity (Aggregate): Agriculture","2013",39992.49,"Break in series",,"Break in series: Methodology revised","Repository: ILO-STATISTICS - Micro data processing"
"Indonesia","LFS - National Labour Force Survey","Employment by sex, status in employment and economic activity (thousands)","Total","Status in employment (Aggregate): Total","Economic activity (Aggregate): Manufacturing","2013",15442.18,"Break in series",,"Break in series: Methodology revised","Repository: ILO-STATISTICS - Micro data processing"
"Indonesia","LFS - National Labour Force Survey","Employment by sex, status in employment and economic activity (thousands)","Total","Status in employment (Aggregate): Total","Economic activity (Aggregate): Construction","2013",6651.158,"Break in series",,"Break in series: Methodology revised","Repository: ILO-STATISTICS - Micro data processing"
"Indonesia","LFS - National Labour Force Survey","Employment by sex, status in employment and economic activity (thousands)","Total","Status in employment (Aggregate): Total","Economic activity (Aggregate): Mining and quarrying; Electricity, gas and water supply","2013",1866.724,"Break in series",,"Break in series: Methodology revised","Repository: ILO-STATISTICS - Micro data processing"
"Indonesia","LFS - National Labour Force Survey","Employment by sex, status in employment and economic activity (thousands)","Total","Status in employment (Aggregate): Total","Economic activity (Aggregate): Trade, Transportation, Accommodation and Food, and Business and Administrative Services","2013",33989.744,"Break in series",,"Break in series: Methodology revised","Repository: ILO-STATISTICS - Micro data processing"
"Indonesia","LFS - National Labour Force Survey","Employment by sex, status in employment and economic activity (thousands)","Total","Status in employment (Aggregate): Total","Economic activity (Aggregate): Public Administration, Community, Social and other Services and Activities","2013",16403.046,"Break in series",,"Break in series: Methodology revised","Repository: ILO-STATISTICS - Micro data processing"
"Indonesia","LFS - National Labour Force Survey","Employment by sex, status in employment and economic activity (thousands)","Male","Status in employment (Aggregate): Total","Economic activity (Aggregate): Total","2013",70788.764,"Break in series",,"Break in series: Methodology revised","Repository: ILO-STATISTICS - Micro data processing"
"Indonesia","LFS - National Labour Force Survey","Employment by sex, status in employment and economic activity (thousands)","Male","Status in employment (Aggregate): Total","Economic activity (Aggregate): Agriculture","2013",25218.24,"Break in series",,"Break in series: Methodology revised","Repository: ILO-STATISTICS - Micro data processing"
"Indonesia","LFS - National Labour Force Survey","Employment by sex, status in employment and economic activity (thousands)","Male","Status in employment (Aggregate): Total","Economic activity (Aggregate): Manufacturing","2013",8940.373,"Break in series",,"Break in series: Methodology revised","Repository: ILO-STATISTICS - Micro data processing"
"Indonesia","LFS - National Labour Force Survey","Employment by sex, status in employment and economic activity (thousands)","Male","Status in employment (Aggregate): Total","Economic activity (Aggregate): Construction","2013",6483.888,"Break in series",,"Break in series: Methodology revised","Repository: ILO-STATISTICS - Micro data processing"
"Indonesia","LFS - National Labour Force Survey","Employment by sex, status in employment and economic activity (thousands)","Male","Status in employment (Aggregate): Total","Economic activity (Aggregate): Mining and quarrying; Electricity, gas and water supply","2013",1682.765,"Break in series",,"Break in series: Methodology revised","Repository: ILO-STATISTICS - Micro data processing"
"Indonesia","LFS - National Labour Force Survey","Employment by sex, status in employment and economic activity (thousands)","Male","Status in employment (Aggregate): Total","Economic activity (Aggregate): Trade, Transportation, Accommodation and Food, and Business and Administrative Services","2013",20014.338,"Break in series",,"Break in series: Methodology revised","Repository: ILO-STATISTICS - Micro data processing"
"Indonesia","LFS - National Labour Force Survey","Employment by sex, status in employment and economic activity (thousands)","Male","Status in employment (Aggregate): Total","Economic activity (Aggregate): Public Administration, Community, Social and other Services and Activities","2013",8449.159,"Break in series",,"Break in series: Methodology revised","Repository: ILO-STATISTICS - Micro data processing"
"Indonesia","LFS - National Labour Force Survey","Employment by sex, status in employment and economic activity (thousands)","Female","Status in employment (Aggregate): Total","Economic activity (Aggregate): Total","2013",43556.578,"Break in series",,"Break in series: Methodology revised","Repository: ILO-STATISTICS - Micro data processing"
"Indonesia","LFS - National Labour Force Survey","Employment by sex, status in employment and economic activity (thousands)","Female","Status in employment (Aggregate): Total","Economic activity (Aggregate): Agriculture","2013",14774.25,"Break in series",,"Break in series: Methodology revised","Repository: ILO-STATISTICS - Micro data processing"
"Indonesia","LFS - National Labour Force Survey","Employment by sex, status in employment and economic activity (thousands)","Female","Status in employment (Aggregate): Total","Economic activity (Aggregate): Manufacturing","2013",6501.807,"Break in series",,"Break in series: Methodology revised","Repository: ILO-STATISTICS - Micro data processing"
"Indonesia","LFS - National Labour Force Survey","Employment by sex, status in employment and economic activity (thousands)","Female","Status in employment (Aggregate): Total","Economic activity (Aggregate): Construction","2013",167.269,"Break in series",,"Break in series: Methodology revised","Repository: ILO-STATISTICS - Micro data processing"
"Indonesia","LFS - National Labour Force Survey","Employment by sex, status in employment and economic activity (thousands)","Female","Status in employment (Aggregate): Total","Economic activity (Aggregate): Mining and quarrying; Electricity, gas and water supply","2013",183.959,"Break in series",,"Break in series: Methodology revised","Repository: ILO-STATISTICS - Micro data processing"
"Indonesia","LFS - National Labour Force Survey","Employment by sex, status in employment and economic activity (thousands)","Female","Status in employment (Aggregate): Total","Economic activity (Aggregate): Trade, Transportation, Accommodation and Food, and Business and Administrative Services","2013",13975.406,"Break in series",,"Break in series: Methodology revised","Repository: ILO-STATISTICS - Micro data processing"
"Indonesia","LFS - National Labour Force Survey","Employment by sex, status in employment and economic activity (thousands)","Female","Status in employment (Aggregate): Total","Economic activity (Aggregate): Public Administration, Community, Social and other Services and Activities","2013",7953.887,"Break in series",,"Break in series: Methodology revised","Repository: ILO-STATISTICS - Micro data processing"
"Indonesia","LFS - National Labour Force Survey","Employment by sex, status in employment and economic activity (thousands)","Total","Status in employment (Aggregate): Total","Economic activity (Aggregate): Total","2012",113536.802,,,,"Repository: ILO-STATISTICS - Micro data processing"
"Indonesia","LFS - National Labour Force Survey","Employment by sex, status in employment and economic activity (thousands)","Total","Status in employment (Aggregate): Total","Economic activity (Aggregate): Agriculture","2012",40794.598,,,,"Repository: ILO-STATISTICS - Micro data processing"
"Indonesia","LFS - National Labour Force Survey","Employment by sex, status in employment and economic activity (thousands)","Total","Status in employment (Aggregate): Total","Economic activity (Aggregate): Manufacturing","2012",15418.724,,,,"Repository: ILO-STATISTICS - Micro data processing"
"Indonesia","LFS - National Labour Force Survey","Employment by sex, status in employment and economic activity (thousands)","Total","Status in employment (Aggregate): Total","Economic activity (Aggregate): Construction","2012",6508.79,,,,"Repository: ILO-STATISTICS - Micro data processing"
"Indonesia","LFS - National Labour Force Survey","Employment by sex, status in employment and economic activity (thousands)","Total","Status in employment (Aggregate): Total","Economic activity (Aggregate): Mining and quarrying; Electricity, gas and water supply","2012",1994.795,,,,"Repository: ILO-STATISTICS - Micro data processing"
"Indonesia","LFS - National Labour Force Survey","Employment by sex, status in employment and economic activity (thousands)","Total","Status in employment (Aggregate): Total","Economic activity (Aggregate): Trade, Transportation, Accommodation and Food, and Business and Administrative Services","2012",32837.944,,,,"Repository: ILO-STATISTICS - Micro data processing"
"Indonesia","LFS - National Labour Force Survey","Employment by sex, status in employment and economic activity (thousands)","Total","Status in employment (Aggregate): Total","Economic activity (Aggregate): Public Administration, Community, Social and other Services and Activities","2012",15981.95,,,,"Repository: ILO-STATISTICS - Micro data processing"
"Indonesia","LFS - National Labour Force Survey","Employment by sex, status in employment and economic activity (thousands)","Male","Status in employment (Aggregate): Total","Economic activity (Aggregate): Total","2012",70225.274,,,,"Repository: ILO-STATISTICS - Micro data processing"
"Indonesia","LFS - National Labour Force Survey","Employment by sex, status in employment and economic activity (thousands)","Male","Status in employment (Aggregate): Total","Economic activity (Aggregate): Agriculture","2012",25516.005,,,,"Repository: ILO-STATISTICS - Micro data processing"
"Indonesia","LFS - National Labour Force Survey","Employment by sex, status in employment and economic activity (thousands)","Male","Status in employment (Aggregate): Total","Economic activity (Aggregate): Manufacturing","2012",8955.916,,,,"Repository: ILO-STATISTICS - Micro data processing"
"Indonesia","LFS - National Labour Force Survey","Employment by sex, status in employment and economic activity (thousands)","Male","Status in employment (Aggregate): Total","Economic activity (Aggregate): Construction","2012",6365.214,,,,"Repository: ILO-STATISTICS - Micro data processing"
"Indonesia","LFS - National Labour Force Survey","Employment by sex, status in employment and economic activity (thousands)","Male","Status in employment (Aggregate): Total","Economic activity (Aggregate): Mining and quarrying; Electricity, gas and water supply","2012",1769.237,,,,"Repository: ILO-STATISTICS - Micro data processing"
"Indonesia","LFS - National Labour Force Survey","Employment by sex, status in employment and economic activity (thousands)","Male","Status in employment (Aggregate): Total","Economic activity (Aggregate): Trade, Transportation, Accommodation and Food, and Business and Administrative Services","2012",19491.672,,,,"Repository: ILO-STATISTICS - Micro data processing"
"Indonesia","LFS - National Labour Force Survey","Employment by sex, status in employment and economic activity (thousands)","Male","Status in employment (Aggregate): Total","Economic activity (Aggregate): Public Administration, Community, Social and other Services and Activities","2012",8127.23,,,,"Repository: ILO-STATISTICS - Micro data processing"
"Indonesia","LFS - National Labour Force Survey","Employment by sex, status in employment and economic activity (thousands)","Female","Status in employment (Aggregate): Total","Economic activity (Aggregate): Total","2012",43311.527,,,,"Repository: ILO-STATISTICS - Micro data processing"
"Indonesia","LFS - National Labour Force Survey","Employment by sex, status in employment and economic activity (thousands)","Female","Status in employment (Aggregate): Total","Economic activity (Aggregate): Agriculture","2012",15278.592,,,,"Repository: ILO-STATISTICS - Micro data processing"
"Indonesia","LFS - National Labour Force Survey","Employment by sex, status in employment and economic activity (thousands)","Female","Status in employment (Aggregate): Total","Economic activity (Aggregate): Manufacturing","2012",6462.808,,,,"Repository: ILO-STATISTICS - Micro data processing"
"Indonesia","LFS - National Labour Force Survey","Employment by sex, status in employment and economic activity (thousands)","Female","Status in employment (Aggregate): Total","Economic activity (Aggregate): Construction","2012",143.576,,,,"Repository: ILO-STATISTICS - Micro data processing"
"Indonesia","LFS - National Labour Force Survey","Employment by sex, status in employment and economic activity (thousands)","Female","Status in employment (Aggregate): Total","Economic activity (Aggregate): Mining and quarrying; Electricity, gas and water supply","2012",225.558,,,,"Repository: ILO-STATISTICS - Micro data processing"
"Indonesia","LFS - National Labour Force Survey","Employment by sex, status in employment and economic activity (thousands)","Female","Status in employment (Aggregate): Total","Economic activity (Aggregate): Trade, Transportation, Accommodation and Food, and Business and Administrative Services","2012",13346.273,,,,"Repository: ILO-STATISTICS - Micro data processing"
"Indonesia","LFS - National Labour Force Survey","Employment by sex, status in employment and economic activity (thousands)","Female","Status in employment (Aggregate): Total","Economic activity (Aggregate): Public Administration, Community, Social and other Services and Activities","2012",7854.72,,,,"Repository: ILO-STATISTICS - Micro data processing"
"Indonesia","LFS - National Labour Force Survey","Employment by sex, status in employment and economic activity (thousands)","Total","Status in employment (Aggregate): Total","Economic activity (Aggregate): Total","2011",109723.753,,,,"Repository: ILO-STATISTICS - Micro data processing"
"Indonesia","LFS - National Labour Force Survey","Employment by sex, status in employment and economic activity (thousands)","Total","Status in employment (Aggregate): Total","Economic activity (Aggregate): Agriculture","2011",40809.426,,,,"Repository: ILO-STATISTICS - Micro data processing"
"Indonesia","LFS - National Labour Force Survey","Employment by sex, status in employment and economic activity (thousands)","Total","Status in employment (Aggregate): Total","Economic activity (Aggregate): Manufacturing","2011",14267.362,,,,"Repository: ILO-STATISTICS - Micro data processing"
"Indonesia","LFS - National Labour Force Survey","Employment by sex, status in employment and economic activity (thousands)","Total","Status in employment (Aggregate): Total","Economic activity (Aggregate): Construction","2011",5957.8,,,,"Repository: ILO-STATISTICS - Micro data processing"
"Indonesia","LFS - National Labour Force Survey","Employment by sex, status in employment and economic activity (thousands)","Total","Status in employment (Aggregate): Total","Economic activity (Aggregate): Mining and quarrying; Electricity, gas and water supply","2011",1709.144,,,,"Repository: ILO-STATISTICS - Micro data processing"
"Indonesia","LFS - National Labour Force Survey","Employment by sex, status in employment and economic activity (thousands)","Total","Status in employment (Aggregate): Total","Economic activity (Aggregate): Trade, Transportation, Accommodation and Food, and Business and Administrative Services","2011",30995.061,,,,"Repository: ILO-STATISTICS - Micro data processing"
"Indonesia","LFS - National Labour Force Survey","Employment by sex, status in employment and economic activity (thousands)","Total","Status in employment (Aggregate): Total","Economic activity (Aggregate): Public Administration, Community, Social and other Services and Activities","2011",15984.96,,,,"Repository: ILO-STATISTICS - Micro data processing"
"Indonesia","LFS - National Labour Force Survey","Employment by sex, status in employment and economic activity (thousands)","Male","Status in employment (Aggregate): Total","Economic activity (Aggregate): Total","2011",68028.793,,,,"Repository: ILO-STATISTICS - Micro data processing"
"Indonesia","LFS - National Labour Force Survey","Employment by sex, status in employment and economic activity (thousands)","Male","Status in employment (Aggregate): Total","Economic activity (Aggregate): Agriculture","2011",25465.338,,,,"Repository: ILO-STATISTICS - Micro data processing"
"Indonesia","LFS - National Labour Force Survey","Employment by sex, status in employment and economic activity (thousands)","Male","Status in employment (Aggregate): Total","Economic activity (Aggregate): Manufacturing","2011",8316.432,,,,"Repository: ILO-STATISTICS - Micro data processing"
"Indonesia","LFS - National Labour Force Survey","Employment by sex, status in employment and economic activity (thousands)","Male","Status in employment (Aggregate): Total","Economic activity (Aggregate): Construction","2011",5802.619,,,,"Repository: ILO-STATISTICS - Micro data processing"
"Indonesia","LFS - National Labour Force Survey","Employment by sex, status in employment and economic activity (thousands)","Male","Status in employment (Aggregate): Total","Economic activity (Aggregate): Mining and quarrying; Electricity, gas and water supply","2011",1535.334,,,,"Repository: ILO-STATISTICS - Micro data processing"
"Indonesia","LFS - National Labour Force Survey","Employment by sex, status in employment and economic activity (thousands)","Male","Status in employment (Aggregate): Total","Economic activity (Aggregate): Trade, Transportation, Accommodation and Food, and Business and Administrative Services","2011",18514.011,,,,"Repository: ILO-STATISTICS - Micro data processing"
"Indonesia","LFS - National Labour Force Survey","Employment by sex, status in employment and economic activity (thousands)","Male","Status in employment (Aggregate): Total","Economic activity (Aggregate): Public Administration, Community, Social and other Services and Activities","2011",8395.06,,,,"Repository: ILO-STATISTICS - Micro data processing"
"Indonesia","LFS - National Labour Force Survey","Employment by sex, status in employment and economic activity (thousands)","Female","Status in employment (Aggregate): Total","Economic activity (Aggregate): Total","2011",41694.959,,,,"Repository: ILO-STATISTICS - Micro data processing"
"Indonesia","LFS - National Labour Force Survey","Employment by sex, status in employment and economic activity (thousands)","Female","Status in employment (Aggregate): Total","Economic activity (Aggregate): Agriculture","2011",15344.088,,,,"Repository: ILO-STATISTICS - Micro data processing"
"Indonesia","LFS - National Labour Force Survey","Employment by sex, status in employment and economic activity (thousands)","Female","Status in employment (Aggregate): Total","Economic activity (Aggregate): Manufacturing","2011",5950.93,,,,"Repository: ILO-STATISTICS - Micro data processing"
"Indonesia","LFS - National Labour Force Survey","Employment by sex, status in employment and economic activity (thousands)","Female","Status in employment (Aggregate): Total","Economic activity (Aggregate): Construction","2011",155.181,,,,"Repository: ILO-STATISTICS - Micro data processing"
"Indonesia","LFS - National Labour Force Survey","Employment by sex, status in employment and economic activity (thousands)","Female","Status in employment (Aggregate): Total","Economic activity (Aggregate): Mining and quarrying; Electricity, gas and water supply","2011",173.81,,,,"Repository: ILO-STATISTICS - Micro data processing"
"Indonesia","LFS - National Labour Force Survey","Employment by sex, status in employment and economic activity (thousands)","Female","Status in employment (Aggregate): Total","Economic activity (Aggregate): Trade, Transportation, Accommodation and Food, and Business and Administrative Services","2011",12481.05,,,,"Repository: ILO-STATISTICS - Micro data processing"
"Indonesia","LFS - National Labour Force Survey","Employment by sex, status in employment and economic activity (thousands)","Female","Status in employment (Aggregate): Total","Economic activity (Aggregate): Public Administration, Community, Social and other Services and Activities","2011",7589.9,,,,"Repository: ILO-STATISTICS - Micro data processing"
"Indonesia","LFS - National Labour Force Survey","Employment by sex, status in employment and economic activity (thousands)","Total","Status in employment (Aggregate): Total","Economic activity (Aggregate): Total","2010",107806.67,,,,"Repository: ILO-STATISTICS - Micro data processing"
"Indonesia","LFS - National Labour Force Survey","Employment by sex, status in employment and economic activity (thousands)","Total","Status in employment (Aggregate): Total","Economic activity (Aggregate): Agriculture","2010",42160.374,,,,"Repository: ILO-STATISTICS - Micro data processing"
"Indonesia","LFS - National Labour Force Survey","Employment by sex, status in employment and economic activity (thousands)","Total","Status in employment (Aggregate): Total","Economic activity (Aggregate): Manufacturing","2010",13438.386,,,,"Repository: ILO-STATISTICS - Micro data processing"
"Indonesia","LFS - National Labour Force Survey","Employment by sex, status in employment and economic activity (thousands)","Total","Status in employment (Aggregate): Total","Economic activity (Aggregate): Construction","2010",5218.793,,,,"Repository: ILO-STATISTICS - Micro data processing"
"Indonesia","LFS - National Labour Force Survey","Employment by sex, status in employment and economic activity (thousands)","Total","Status in employment (Aggregate): Total","Economic activity (Aggregate): Mining and quarrying; Electricity, gas and water supply","2010",1442.85,,,,"Repository: ILO-STATISTICS - Micro data processing"
"Indonesia","LFS - National Labour Force Survey","Employment by sex, status in employment and economic activity (thousands)","Total","Status in employment (Aggregate): Total","Economic activity (Aggregate): Trade, Transportation, Accommodation and Food, and Business and Administrative Services","2010",29760.499,,,,"Repository: ILO-STATISTICS - Micro data processing"
"Indonesia","LFS - National Labour Force Survey","Employment by sex, status in employment and economic activity (thousands)","Total","Status in employment (Aggregate): Total","Economic activity (Aggregate): Public Administration, Community, Social and other Services and Activities","2010",15728.756,,,,"Repository: ILO-STATISTICS - Micro data processing"
"Indonesia","LFS - National Labour Force Survey","Employment by sex, status in employment and economic activity (thousands)","Total","Status in employment (Aggregate): Total","Economic activity (Aggregate): Not classified","2010",57.013,,,,"Repository: ILO-STATISTICS - Micro data processing"
"Indonesia","LFS - National Labour Force Survey","Employment by sex, status in employment and economic activity (thousands)","Male","Status in employment (Aggregate): Total","Economic activity (Aggregate): Total","2010",66715.982,,,,"Repository: ILO-STATISTICS - Micro data processing"
"Indonesia","LFS - National Labour Force Survey","Employment by sex, status in employment and economic activity (thousands)","Male","Status in employment (Aggregate): Total","Economic activity (Aggregate): Agriculture","2010",26383.105,,,,"Repository: ILO-STATISTICS - Micro data processing"
"Indonesia","LFS - National Labour Force Survey","Employment by sex, status in employment and economic activity (thousands)","Male","Status in employment (Aggregate): Total","Economic activity (Aggregate): Manufacturing","2010",7593.379,,,,"Repository: ILO-STATISTICS - Micro data processing"
"Indonesia","LFS - National Labour Force Survey","Employment by sex, status in employment and economic activity (thousands)","Male","Status in employment (Aggregate): Total","Economic activity (Aggregate): Construction","2010",5087.876,,,,"Repository: ILO-STATISTICS - Micro data processing"
"Indonesia","LFS - National Labour Force Survey","Employment by sex, status in employment and economic activity (thousands)","Male","Status in employment (Aggregate): Total","Economic activity (Aggregate): Mining and quarrying; Electricity, gas and water supply","2010",1281.964,,,,"Repository: ILO-STATISTICS - Micro data processing"
"Indonesia","LFS - National Labour Force Survey","Employment by sex, status in employment and economic activity (thousands)","Male","Status in employment (Aggregate): Total","Economic activity (Aggregate): Trade, Transportation, Accommodation and Food, and Business and Administrative Services","2010",17408.402,,,,"Repository: ILO-STATISTICS - Micro data processing"
"Indonesia","LFS - National Labour Force Survey","Employment by sex, status in employment and economic activity (thousands)","Male","Status in employment (Aggregate): Total","Economic activity (Aggregate): Public Administration, Community, Social and other Services and Activities","2010",8924.128,,,,"Repository: ILO-STATISTICS - Micro data processing"
"Indonesia","LFS - National Labour Force Survey","Employment by sex, status in employment and economic activity (thousands)","Male","Status in employment (Aggregate): Total","Economic activity (Aggregate): Not classified","2010",37.13,,,,"Repository: ILO-STATISTICS - Micro data processing"
"Indonesia","LFS - National Labour Force Survey","Employment by sex, status in employment and economic activity (thousands)","Female","Status in employment (Aggregate): Total","Economic activity (Aggregate): Total","2010",41090.687,,,,"Repository: ILO-STATISTICS - Micro data processing"
"Indonesia","LFS - National Labour Force Survey","Employment by sex, status in employment and economic activity (thousands)","Female","Status in employment (Aggregate): Total","Economic activity (Aggregate): Agriculture","2010",15777.269,,,,"Repository: ILO-STATISTICS - Micro data processing"
"Indonesia","LFS - National Labour Force Survey","Employment by sex, status in employment and economic activity (thousands)","Female","Status in employment (Aggregate): Total","Economic activity (Aggregate): Manufacturing","2010",5845.007,,,,"Repository: ILO-STATISTICS - Micro data processing"
"Indonesia","LFS - National Labour Force Survey","Employment by sex, status in employment and economic activity (thousands)","Female","Status in employment (Aggregate): Total","Economic activity (Aggregate): Construction","2010",130.917,,,,"Repository: ILO-STATISTICS - Micro data processing"
"Indonesia","LFS - National Labour Force Survey","Employment by sex, status in employment and economic activity (thousands)","Female","Status in employment (Aggregate): Total","Economic activity (Aggregate): Mining and quarrying; Electricity, gas and water supply","2010",160.886,,,,"Repository: ILO-STATISTICS - Micro data processing"
"Indonesia","LFS - National Labour Force Survey","Employment by sex, status in employment and economic activity (thousands)","Female","Status in employment (Aggregate): Total","Economic activity (Aggregate): Trade, Transportation, Accommodation and Food, and Business and Administrative Services","2010",12352.096,,,,"Repository: ILO-STATISTICS - Micro data processing"
"Indonesia","LFS - National Labour Force Survey","Employment by sex, status in employment and economic activity (thousands)","Female","Status in employment (Aggregate): Total","Economic activity (Aggregate): Public Administration, Community, Social and other Services and Activities","2010",6804.628,,,,"Repository: ILO-STATISTICS - Micro data processing"
"Indonesia","LFS - National Labour Force Survey","Employment by sex, status in employment and economic activity (thousands)","Female","Status in employment (Aggregate): Total","Economic activity (Aggregate): Not classified","2010",19.884,,,,"Repository: ILO-STATISTICS - Micro data processing"
"Indonesia","LFS - National Labour Force Survey","Employment by sex, status in employment and economic activity (thousands)","Total","Status in employment (Aggregate): Total","Economic activity (Aggregate): Total","2009",104678.053,,,,"Repository: ILO-STATISTICS - Micro data processing"
"Indonesia","LFS - National Labour Force Survey","Employment by sex, status in employment and economic activity (thousands)","Total","Status in employment (Aggregate): Total","Economic activity (Aggregate): Agriculture","2009",42320.666,,,,"Repository: ILO-STATISTICS - Micro data processing"
"Indonesia","LFS - National Labour Force Survey","Employment by sex, status in employment and economic activity (thousands)","Total","Status in employment (Aggregate): Total","Economic activity (Aggregate): Manufacturing","2009",12727.62,,,,"Repository: ILO-STATISTICS - Micro data processing"
"Indonesia","LFS - National Labour Force Survey","Employment by sex, status in employment and economic activity (thousands)","Total","Status in employment (Aggregate): Total","Economic activity (Aggregate): Construction","2009",5048.756,,,,"Repository: ILO-STATISTICS - Micro data processing"
"Indonesia","LFS - National Labour Force Survey","Employment by sex, status in employment and economic activity (thousands)","Total","Status in employment (Aggregate): Total","Economic activity (Aggregate): Mining and quarrying; Electricity, gas and water supply","2009",1363.611,,,,"Repository: ILO-STATISTICS - Micro data processing"
"Indonesia","LFS - National Labour Force Survey","Employment by sex, status in employment and economic activity (thousands)","Total","Status in employment (Aggregate): Total","Economic activity (Aggregate): Trade, Transportation, Accommodation and Food, and Business and Administrative Services","2009",29410.721,,,,"Repository: ILO-STATISTICS - Micro data processing"
"Indonesia","LFS - National Labour Force Survey","Employment by sex, status in employment and economic activity (thousands)","Total","Status in employment (Aggregate): Total","Economic activity (Aggregate): Public Administration, Community, Social and other Services and Activities","2009",13743.773,,,,"Repository: ILO-STATISTICS - Micro data processing"
"Indonesia","LFS - National Labour Force Survey","Employment by sex, status in employment and economic activity (thousands)","Total","Status in employment (Aggregate): Total","Economic activity (Aggregate): Not classified","2009",62.905,,,,"Repository: ILO-STATISTICS - Micro data processing"
"Indonesia","LFS - National Labour Force Survey","Employment by sex, status in employment and economic activity (thousands)","Male","Status in employment (Aggregate): Total","Economic activity (Aggregate): Total","2009",64830.821,,,,"Repository: ILO-STATISTICS - Micro data processing"
"Indonesia","LFS - National Labour Force Survey","Employment by sex, status in employment and economic activity (thousands)","Male","Status in employment (Aggregate): Total","Economic activity (Aggregate): Agriculture","2009",26407.261,,,,"Repository: ILO-STATISTICS - Micro data processing"
"Indonesia","LFS - National Labour Force Survey","Employment by sex, status in employment and economic activity (thousands)","Male","Status in employment (Aggregate): Total","Economic activity (Aggregate): Manufacturing","2009",7271.842,,,,"Repository: ILO-STATISTICS - Micro data processing"
"Indonesia","LFS - National Labour Force Survey","Employment by sex, status in employment and economic activity (thousands)","Male","Status in employment (Aggregate): Total","Economic activity (Aggregate): Construction","2009",4923.432,,,,"Repository: ILO-STATISTICS - Micro data processing"
"Indonesia","LFS - National Labour Force Survey","Employment by sex, status in employment and economic activity (thousands)","Male","Status in employment (Aggregate): Total","Economic activity (Aggregate): Mining and quarrying; Electricity, gas and water supply","2009",1204.553,,,,"Repository: ILO-STATISTICS - Micro data processing"
"Indonesia","LFS - National Labour Force Survey","Employment by sex, status in employment and economic activity (thousands)","Male","Status in employment (Aggregate): Total","Economic activity (Aggregate): Trade, Transportation, Accommodation and Food, and Business and Administrative Services","2009",17088.99,,,,"Repository: ILO-STATISTICS - Micro data processing"
"Indonesia","LFS - National Labour Force Survey","Employment by sex, status in employment and economic activity (thousands)","Male","Status in employment (Aggregate): Total","Economic activity (Aggregate): Public Administration, Community, Social and other Services and Activities","2009",7893.054,,,,"Repository: ILO-STATISTICS - Micro data processing"
"Indonesia","LFS - National Labour Force Survey","Employment by sex, status in employment and economic activity (thousands)","Male","Status in employment (Aggregate): Total","Economic activity (Aggregate): Not classified","2009",41.689,,,,"Repository: ILO-STATISTICS - Micro data processing"
"Indonesia","LFS - National Labour Force Survey","Employment by sex, status in employment and economic activity (thousands)","Female","Status in employment (Aggregate): Total","Economic activity (Aggregate): Total","2009",39847.232,,,,"Repository: ILO-STATISTICS - Micro data processing"
"Indonesia","LFS - National Labour Force Survey","Employment by sex, status in employment and economic activity (thousands)","Female","Status in employment (Aggregate): Total","Economic activity (Aggregate): Agriculture","2009",15913.406,,,,"Repository: ILO-STATISTICS - Micro data processing"
"Indonesia","LFS - National Labour Force Survey","Employment by sex, status in employment and economic activity (thousands)","Female","Status in employment (Aggregate): Total","Economic activity (Aggregate): Manufacturing","2009",5455.778,,,,"Repository: ILO-STATISTICS - Micro data processing"
"Indonesia","LFS - National Labour Force Survey","Employment by sex, status in employment and economic activity (thousands)","Female","Status in employment (Aggregate): Total","Economic activity (Aggregate): Construction","2009",125.324,,,,"Repository: ILO-STATISTICS - Micro data processing"
"Indonesia","LFS - National Labour Force Survey","Employment by sex, status in employment and economic activity (thousands)","Female","Status in employment (Aggregate): Total","Economic activity (Aggregate): Mining and quarrying; Electricity, gas and water supply","2009",159.058,,,,"Repository: ILO-STATISTICS - Micro data processing"
"Indonesia","LFS - National Labour Force Survey","Employment by sex, status in employment and economic activity (thousands)","Female","Status in employment (Aggregate): Total","Economic activity (Aggregate): Trade, Transportation, Accommodation and Food, and Business and Administrative Services","2009",12321.731,,,,"Repository: ILO-STATISTICS - Micro data processing"
"Indonesia","LFS - National Labour Force Survey","Employment by sex, status in employment and economic activity (thousands)","Female","Status in employment (Aggregate): Total","Economic activity (Aggregate): Public Administration, Community, Social and other Services and Activities","2009",5850.719,,,,"Repository: ILO-STATISTICS - Micro data processing"
"Indonesia","LFS - National Labour Force Survey","Employment by sex, status in employment and economic activity (thousands)","Female","Status in employment (Aggregate): Total","Economic activity (Aggregate): Not classified","2009",21.216,,,,"Repository: ILO-STATISTICS - Micro data processing"
"Indonesia","LFS - National Labour Force Survey","Employment by sex, status in employment and economic activity (thousands)","Total","Status in employment (Aggregate): Total","Economic activity (Aggregate): Total","2008",102301.303,"Break in series",,"Break in series: Methodology revised","Repository: ILO-STATISTICS - Micro data processing"
"Indonesia","LFS - National Labour Force Survey","Employment by sex, status in employment and economic activity (thousands)","Total","Status in employment (Aggregate): Total","Economic activity (Aggregate): Agriculture","2008",42010.67,"Break in series",,"Break in series: Methodology revised","Repository: ILO-STATISTICS - Micro data processing"
"Indonesia","LFS - National Labour Force Survey","Employment by sex, status in employment and economic activity (thousands)","Total","Status in employment (Aggregate): Total","Economic activity (Aggregate): Manufacturing","2008",12494.758,"Break in series",,"Break in series: Methodology revised","Repository: ILO-STATISTICS - Micro data processing"
"Indonesia","LFS - National Labour Force Survey","Employment by sex, status in employment and economic activity (thousands)","Total","Status in employment (Aggregate): Total","Economic activity (Aggregate): Construction","2008",5086.322,"Break in series",,"Break in series: Methodology revised","Repository: ILO-STATISTICS - Micro data processing"
"Indonesia","LFS - National Labour Force Survey","Employment by sex, status in employment and economic activity (thousands)","Total","Status in employment (Aggregate): Total","Economic activity (Aggregate): Mining and quarrying; Electricity, gas and water supply","2008",1270.936,"Break in series",,"Break in series: Methodology revised","Repository: ILO-STATISTICS - Micro data processing"
"Indonesia","LFS - National Labour Force Survey","Employment by sex, status in employment and economic activity (thousands)","Total","Status in employment (Aggregate): Total","Economic activity (Aggregate): Trade, Transportation, Accommodation and Food, and Business and Administrative Services","2008",28499.631,"Break in series",,"Break in series: Methodology revised","Repository: ILO-STATISTICS - Micro data processing"
"Indonesia","LFS - National Labour Force Survey","Employment by sex, status in employment and economic activity (thousands)","Total","Status in employment (Aggregate): Total","Economic activity (Aggregate): Public Administration, Community, Social and other Services and Activities","2008",12862.957,"Break in series",,"Break in series: Methodology revised","Repository: ILO-STATISTICS - Micro data processing"
"Indonesia","LFS - National Labour Force Survey","Employment by sex, status in employment and economic activity (thousands)","Total","Status in employment (Aggregate): Total","Economic activity (Aggregate): Not classified","2008",76.028,"Break in series",,"Break in series: Methodology revised","Repository: ILO-STATISTICS - Micro data processing"
"Indonesia","LFS - National Labour Force Survey","Employment by sex, status in employment and economic activity (thousands)","Male","Status in employment (Aggregate): Total","Economic activity (Aggregate): Total","2008",63629.462,"Break in series",,"Break in series: Methodology revised","Repository: ILO-STATISTICS - Micro data processing"
"Indonesia","LFS - National Labour Force Survey","Employment by sex, status in employment and economic activity (thousands)","Male","Status in employment (Aggregate): Total","Economic activity (Aggregate): Agriculture","2008",26022.616,"Break in series",,"Break in series: Methodology revised","Repository: ILO-STATISTICS - Micro data processing"
"Indonesia","LFS - National Labour Force Survey","Employment by sex, status in employment and economic activity (thousands)","Male","Status in employment (Aggregate): Total","Economic activity (Aggregate): Manufacturing","2008",7133.632,"Break in series",,"Break in series: Methodology revised","Repository: ILO-STATISTICS - Micro data processing"
"Indonesia","LFS - National Labour Force Survey","Employment by sex, status in employment and economic activity (thousands)","Male","Status in employment (Aggregate): Total","Economic activity (Aggregate): Construction","2008",4962.592,"Break in series",,"Break in series: Methodology revised","Repository: ILO-STATISTICS - Micro data processing"
"Indonesia","LFS - National Labour Force Survey","Employment by sex, status in employment and economic activity (thousands)","Male","Status in employment (Aggregate): Total","Economic activity (Aggregate): Mining and quarrying; Electricity, gas and water supply","2008",1122.113,"Break in series",,"Break in series: Methodology revised","Repository: ILO-STATISTICS - Micro data processing"
"Indonesia","LFS - National Labour Force Survey","Employment by sex, status in employment and economic activity (thousands)","Male","Status in employment (Aggregate): Total","Economic activity (Aggregate): Trade, Transportation, Accommodation and Food, and Business and Administrative Services","2008",16857.179,"Break in series",,"Break in series: Methodology revised","Repository: ILO-STATISTICS - Micro data processing"
"Indonesia","LFS - National Labour Force Survey","Employment by sex, status in employment and economic activity (thousands)","Male","Status in employment (Aggregate): Total","Economic activity (Aggregate): Public Administration, Community, Social and other Services and Activities","2008",7479.512,"Break in series",,"Break in series: Methodology revised","Repository: ILO-STATISTICS - Micro data processing"
"Indonesia","LFS - National Labour Force Survey","Employment by sex, status in employment and economic activity (thousands)","Male","Status in employment (Aggregate): Total","Economic activity (Aggregate): Not classified","2008",51.818,"Break in series",,"Break in series: Methodology revised","Repository: ILO-STATISTICS - Micro data processing"
"Indonesia","LFS - National Labour Force Survey","Employment by sex, status in employment and economic activity (thousands)","Female","Status in employment (Aggregate): Total","Economic activity (Aggregate): Total","2008",38671.841,"Break in series",,"Break in series: Methodology revised","Repository: ILO-STATISTICS - Micro data processing"
"Indonesia","LFS - National Labour Force Survey","Employment by sex, status in employment and economic activity (thousands)","Female","Status in employment (Aggregate): Total","Economic activity (Aggregate): Agriculture","2008",15988.054,"Break in series",,"Break in series: Methodology revised","Repository: ILO-STATISTICS - Micro data processing"
"Indonesia","LFS - National Labour Force Survey","Employment by sex, status in employment and economic activity (thousands)","Female","Status in employment (Aggregate): Total","Economic activity (Aggregate): Manufacturing","2008",5361.127,"Break in series",,"Break in series: Methodology revised","Repository: ILO-STATISTICS - Micro data processing"
"Indonesia","LFS - National Labour Force Survey","Employment by sex, status in employment and economic activity (thousands)","Female","Status in employment (Aggregate): Total","Economic activity (Aggregate): Construction","2008",123.73,"Break in series",,"Break in series: Methodology revised","Repository: ILO-STATISTICS - Micro data processing"
"Indonesia","LFS - National Labour Force Survey","Employment by sex, status in employment and economic activity (thousands)","Female","Status in employment (Aggregate): Total","Economic activity (Aggregate): Mining and quarrying; Electricity, gas and water supply","2008",148.822,"Break in series",,"Break in series: Methodology revised","Repository: ILO-STATISTICS - Micro data processing"
"Indonesia","LFS - National Labour Force Survey","Employment by sex, status in employment and economic activity (thousands)","Female","Status in employment (Aggregate): Total","Economic activity (Aggregate): Trade, Transportation, Accommodation and Food, and Business and Administrative Services","2008",11642.452,"Break in series",,"Break in series: Methodology revised","Repository: ILO-STATISTICS - Micro data processing"
"Indonesia","LFS - National Labour Force Survey","Employment by sex, status in employment and economic activity (thousands)","Female","Status in employment (Aggregate): Total","Economic activity (Aggregate): Public Administration, Community, Social and other Services and Activities","2008",5383.445,"Break in series",,"Break in series: Methodology revised","Repository: ILO-STATISTICS - Micro data processing"
"Indonesia","LFS - National Labour Force Survey","Employment by sex, status in employment and economic activity (thousands)","Female","Status in employment (Aggregate): Total","Economic activity (Aggregate): Not classified","2008",24.211,"Break in series",,"Break in series: Methodology revised","Repository: ILO-STATISTICS - Micro data processing"
"Indonesia","LFS - National Labour Force Survey","Employment by sex, status in employment and economic activity (thousands)","Total","Status in employment (Aggregate): Total","Economic activity (Aggregate): Total","2007",99930.217,,,,"Repository: ILO-STATISTICS - Micro data processing"
"Indonesia","LFS - National Labour Force Survey","Employment by sex, status in employment and economic activity (thousands)","Total","Status in employment (Aggregate): Total","Economic activity (Aggregate): Agriculture","2007",41206.474,,,,"Repository: ILO-STATISTICS - Micro data processing"
"Indonesia","LFS - National Labour Force Survey","Employment by sex, status in employment and economic activity (thousands)","Total","Status in employment (Aggregate): Total","Economic activity (Aggregate): Manufacturing","2007",12368.729,,,,"Repository: ILO-STATISTICS - Micro data processing"
"Indonesia","LFS - National Labour Force Survey","Employment by sex, status in employment and economic activity (thousands)","Total","Status in employment (Aggregate): Total","Economic activity (Aggregate): Construction","2007",5252.581,,,,"Repository: ILO-STATISTICS - Micro data processing"
"Indonesia","LFS - National Labour Force Survey","Employment by sex, status in employment and economic activity (thousands)","Total","Status in employment (Aggregate): Total","Economic activity (Aggregate): Mining and quarrying; Electricity, gas and water supply","2007",1169.498,,,,"Repository: ILO-STATISTICS - Micro data processing"
"Indonesia","LFS - National Labour Force Survey","Employment by sex, status in employment and economic activity (thousands)","Total","Status in employment (Aggregate): Total","Economic activity (Aggregate): Trade, Transportation, Accommodation and Food, and Business and Administrative Services","2007",27912.951,,,,"Repository: ILO-STATISTICS - Micro data processing"
"Indonesia","LFS - National Labour Force Survey","Employment by sex, status in employment and economic activity (thousands)","Total","Status in employment (Aggregate): Total","Economic activity (Aggregate): Public Administration, Community, Social and other Services and Activities","2007",11957.184,,,,"Repository: ILO-STATISTICS - Micro data processing"
"Indonesia","LFS - National Labour Force Survey","Employment by sex, status in employment and economic activity (thousands)","Total","Status in employment (Aggregate): Total","Economic activity (Aggregate): Not classified","2007",62.8,,,,"Repository: ILO-STATISTICS - Micro data processing"
"Indonesia","LFS - National Labour Force Survey","Employment by sex, status in employment and economic activity (thousands)","Male","Status in employment (Aggregate): Total","Economic activity (Aggregate): Total","2007",63147.938,,,,"Repository: ILO-STATISTICS - Micro data processing"
"Indonesia","LFS - National Labour Force Survey","Employment by sex, status in employment and economic activity (thousands)","Male","Status in employment (Aggregate): Total","Economic activity (Aggregate): Agriculture","2007",25983.403,,,,"Repository: ILO-STATISTICS - Micro data processing"
"Indonesia","LFS - National Labour Force Survey","Employment by sex, status in employment and economic activity (thousands)","Male","Status in employment (Aggregate): Total","Economic activity (Aggregate): Manufacturing","2007",7119.262,,,,"Repository: ILO-STATISTICS - Micro data processing"
"Indonesia","LFS - National Labour Force Survey","Employment by sex, status in employment and economic activity (thousands)","Male","Status in employment (Aggregate): Total","Economic activity (Aggregate): Construction","2007",5119.56,,,,"Repository: ILO-STATISTICS - Micro data processing"
"Indonesia","LFS - National Labour Force Survey","Employment by sex, status in employment and economic activity (thousands)","Male","Status in employment (Aggregate): Total","Economic activity (Aggregate): Mining and quarrying; Electricity, gas and water supply","2007",1027.94,,,,"Repository: ILO-STATISTICS - Micro data processing"
"Indonesia","LFS - National Labour Force Survey","Employment by sex, status in employment and economic activity (thousands)","Male","Status in employment (Aggregate): Total","Economic activity (Aggregate): Trade, Transportation, Accommodation and Food, and Business and Administrative Services","2007",16954.18,,,,"Repository: ILO-STATISTICS - Micro data processing"
"Indonesia","LFS - National Labour Force Survey","Employment by sex, status in employment and economic activity (thousands)","Male","Status in employment (Aggregate): Total","Economic activity (Aggregate): Public Administration, Community, Social and other Services and Activities","2007",6899.437,,,,"Repository: ILO-STATISTICS - Micro data processing"
"Indonesia","LFS - National Labour Force Survey","Employment by sex, status in employment and economic activity (thousands)","Male","Status in employment (Aggregate): Total","Economic activity (Aggregate): Not classified","2007",44.156,,,,"Repository: ILO-STATISTICS - Micro data processing"
"Indonesia","LFS - National Labour Force Survey","Employment by sex, status in employment and economic activity (thousands)","Female","Status in employment (Aggregate): Total","Economic activity (Aggregate): Total","2007",36782.279,,,,"Repository: ILO-STATISTICS - Micro data processing"
"Indonesia","LFS - National Labour Force Survey","Employment by sex, status in employment and economic activity (thousands)","Female","Status in employment (Aggregate): Total","Economic activity (Aggregate): Agriculture","2007",15223.071,,,,"Repository: ILO-STATISTICS - Micro data processing"
"Indonesia","LFS - National Labour Force Survey","Employment by sex, status in employment and economic activity (thousands)","Female","Status in employment (Aggregate): Total","Economic activity (Aggregate): Manufacturing","2007",5249.467,,,,"Repository: ILO-STATISTICS - Micro data processing"
"Indonesia","LFS - National Labour Force Survey","Employment by sex, status in employment and economic activity (thousands)","Female","Status in employment (Aggregate): Total","Economic activity (Aggregate): Construction","2007",133.021,,,,"Repository: ILO-STATISTICS - Micro data processing"
"Indonesia","LFS - National Labour Force Survey","Employment by sex, status in employment and economic activity (thousands)","Female","Status in employment (Aggregate): Total","Economic activity (Aggregate): Mining and quarrying; Electricity, gas and water supply","2007",141.558,,,,"Repository: ILO-STATISTICS - Micro data processing"
"Indonesia","LFS - National Labour Force Survey","Employment by sex, status in employment and economic activity (thousands)","Female","Status in employment (Aggregate): Total","Economic activity (Aggregate): Trade, Transportation, Accommodation and Food, and Business and Administrative Services","2007",10958.771,,,,"Repository: ILO-STATISTICS - Micro data processing"
"Indonesia","LFS - National Labour Force Survey","Employment by sex, status in employment and economic activity (thousands)","Female","Status in employment (Aggregate): Total","Economic activity (Aggregate): Public Administration, Community, Social and other Services and Activities","2007",5057.747,,,,"Repository: ILO-STATISTICS - Micro data processing"
"Indonesia","LFS - National Labour Force Survey","Employment by sex, status in employment and economic activity (thousands)","Female","Status in employment (Aggregate): Total","Economic activity (Aggregate): Not classified","2007",18.644,,,,"Repository: ILO-STATISTICS - Micro data processing"
"Indonesia","LFS - National Labour Force Survey","Employment by sex, status in employment and economic activity (thousands)","Total","Status in employment (Aggregate): Total","Economic activity (Aggregate): Total","2006",95456.935,,,,"Repository: ILO-STATISTICS - Micro data processing"
"Indonesia","LFS - National Labour Force Survey","Employment by sex, status in employment and economic activity (thousands)","Total","Status in employment (Aggregate): Total","Economic activity (Aggregate): Agriculture","2006",40136.242,,,,"Repository: ILO-STATISTICS - Micro data processing"
"Indonesia","LFS - National Labour Force Survey","Employment by sex, status in employment and economic activity (thousands)","Total","Status in employment (Aggregate): Total","Economic activity (Aggregate): Manufacturing","2006",11890.17,,,,"Repository: ILO-STATISTICS - Micro data processing"
"Indonesia","LFS - National Labour Force Survey","Employment by sex, status in employment and economic activity (thousands)","Total","Status in employment (Aggregate): Total","Economic activity (Aggregate): Construction","2006",4697.354,,,,"Repository: ILO-STATISTICS - Micro data processing"
"Indonesia","LFS - National Labour Force Survey","Employment by sex, status in employment and economic activity (thousands)","Total","Status in employment (Aggregate): Total","Economic activity (Aggregate): Mining and quarrying; Electricity, gas and water supply","2006",1151.609,,,,"Repository: ILO-STATISTICS - Micro data processing"
"Indonesia","LFS - National Labour Force Survey","Employment by sex, status in employment and economic activity (thousands)","Total","Status in employment (Aggregate): Total","Economic activity (Aggregate): Trade, Transportation, Accommodation and Food, and Business and Administrative Services","2006",26225.66,,,,"Repository: ILO-STATISTICS - Micro data processing"
"Indonesia","LFS - National Labour Force Survey","Employment by sex, status in employment and economic activity (thousands)","Total","Status in employment (Aggregate): Total","Economic activity (Aggregate): Public Administration, Community, Social and other Services and Activities","2006",11315.781,,,,"Repository: ILO-STATISTICS - Micro data processing"
"Indonesia","LFS - National Labour Force Survey","Employment by sex, status in employment and economic activity (thousands)","Total","Status in employment (Aggregate): Total","Economic activity (Aggregate): Not classified","2006",40.119,,,,"Repository: ILO-STATISTICS - Micro data processing"
"Indonesia","LFS - National Labour Force Survey","Employment by sex, status in employment and economic activity (thousands)","Male","Status in employment (Aggregate): Total","Economic activity (Aggregate): Total","2006",61977.289,,,,"Repository: ILO-STATISTICS - Micro data processing"
"Indonesia","LFS - National Labour Force Survey","Employment by sex, status in employment and economic activity (thousands)","Male","Status in employment (Aggregate): Total","Economic activity (Aggregate): Agriculture","2006",26369.336,,,,"Repository: ILO-STATISTICS - Micro data processing"
"Indonesia","LFS - National Labour Force Survey","Employment by sex, status in employment and economic activity (thousands)","Male","Status in employment (Aggregate): Total","Economic activity (Aggregate): Manufacturing","2006",7005.482,,,,"Repository: ILO-STATISTICS - Micro data processing"
"Indonesia","LFS - National Labour Force Survey","Employment by sex, status in employment and economic activity (thousands)","Male","Status in employment (Aggregate): Total","Economic activity (Aggregate): Construction","2006",4574.45,,,,"Repository: ILO-STATISTICS - Micro data processing"
"Indonesia","LFS - National Labour Force Survey","Employment by sex, status in employment and economic activity (thousands)","Male","Status in employment (Aggregate): Total","Economic activity (Aggregate): Mining and quarrying; Electricity, gas and water supply","2006",1020.437,,,,"Repository: ILO-STATISTICS - Micro data processing"
"Indonesia","LFS - National Labour Force Survey","Employment by sex, status in employment and economic activity (thousands)","Male","Status in employment (Aggregate): Total","Economic activity (Aggregate): Trade, Transportation, Accommodation and Food, and Business and Administrative Services","2006",16657.804,,,,"Repository: ILO-STATISTICS - Micro data processing"
"Indonesia","LFS - National Labour Force Survey","Employment by sex, status in employment and economic activity (thousands)","Male","Status in employment (Aggregate): Total","Economic activity (Aggregate): Public Administration, Community, Social and other Services and Activities","2006",6320.827,,,,"Repository: ILO-STATISTICS - Micro data processing"
"Indonesia","LFS - National Labour Force Survey","Employment by sex, status in employment and economic activity (thousands)","Male","Status in employment (Aggregate): Total","Economic activity (Aggregate): Not classified","2006",28.953,,,,"Repository: ILO-STATISTICS - Micro data processing"
"Indonesia","LFS - National Labour Force Survey","Employment by sex, status in employment and economic activity (thousands)","Female","Status in employment (Aggregate): Total","Economic activity (Aggregate): Total","2006",33479.646,,,,"Repository: ILO-STATISTICS - Micro data processing"
"Indonesia","LFS - National Labour Force Survey","Employment by sex, status in employment and economic activity (thousands)","Female","Status in employment (Aggregate): Total","Economic activity (Aggregate): Agriculture","2006",13766.906,,,,"Repository: ILO-STATISTICS - Micro data processing"
"Indonesia","LFS - National Labour Force Survey","Employment by sex, status in employment and economic activity (thousands)","Female","Status in employment (Aggregate): Total","Economic activity (Aggregate): Manufacturing","2006",4884.688,,,,"Repository: ILO-STATISTICS - Micro data processing"
"Indonesia","LFS - National Labour Force Survey","Employment by sex, status in employment and economic activity (thousands)","Female","Status in employment (Aggregate): Total","Economic activity (Aggregate): Construction","2006",122.904,,,,"Repository: ILO-STATISTICS - Micro data processing"
"Indonesia","LFS - National Labour Force Survey","Employment by sex, status in employment and economic activity (thousands)","Female","Status in employment (Aggregate): Total","Economic activity (Aggregate): Mining and quarrying; Electricity, gas and water supply","2006",131.172,,,,"Repository: ILO-STATISTICS - Micro data processing"
"Indonesia","LFS - National Labour Force Survey","Employment by sex, status in employment and economic activity (thousands)","Female","Status in employment (Aggregate): Total","Economic activity (Aggregate): Trade, Transportation, Accommodation and Food, and Business and Administrative Services","2006",9567.856,,,,"Repository: ILO-STATISTICS - Micro data processing"
"Indonesia","LFS - National Labour Force Survey","Employment by sex, status in employment and economic activity (thousands)","Female","Status in employment (Aggregate): Total","Economic activity (Aggregate): Public Administration, Community, Social and other Services and Activities","2006",4994.954,,,,"Repository: ILO-STATISTICS - Micro data processing"
"Indonesia","LFS - National Labour Force Survey","Employment by sex, status in employment and economic activity (thousands)","Female","Status in employment (Aggregate): Total","Economic activity (Aggregate): Not classified","2006",11.166,"Unreliable",,,"Repository: ILO-STATISTICS - Micro data processing"
"Indonesia","LFS - National Labour Force Survey","Employment by sex, status in employment and economic activity (thousands)","Total","Status in employment (Aggregate): Total","Economic activity (Aggregate): Total","2005",93958.387,,,,"Repository: ILO-STATISTICS - Micro data processing"
"Indonesia","LFS - National Labour Force Survey","Employment by sex, status in employment and economic activity (thousands)","Total","Status in employment (Aggregate): Total","Economic activity (Aggregate): Agriculture","2005",41309.776,,,,"Repository: ILO-STATISTICS - Micro data processing"
"Indonesia","LFS - National Labour Force Survey","Employment by sex, status in employment and economic activity (thousands)","Total","Status in employment (Aggregate): Total","Economic activity (Aggregate): Manufacturing","2005",11952.985,,,,"Repository: ILO-STATISTICS - Micro data processing"
"Indonesia","LFS - National Labour Force Survey","Employment by sex, status in employment and economic activity (thousands)","Total","Status in employment (Aggregate): Total","Economic activity (Aggregate): Construction","2005",4565.454,,,,"Repository: ILO-STATISTICS - Micro data processing"
"Indonesia","LFS - National Labour Force Survey","Employment by sex, status in employment and economic activity (thousands)","Total","Status in employment (Aggregate): Total","Economic activity (Aggregate): Mining and quarrying; Electricity, gas and water supply","2005",1098.836,,,,"Repository: ILO-STATISTICS - Micro data processing"
"Indonesia","LFS - National Labour Force Survey","Employment by sex, status in employment and economic activity (thousands)","Total","Status in employment (Aggregate): Total","Economic activity (Aggregate): Trade, Transportation, Accommodation and Food, and Business and Administrative Services","2005",24703.84,,,,"Repository: ILO-STATISTICS - Micro data processing"
"Indonesia","LFS - National Labour Force Survey","Employment by sex, status in employment and economic activity (thousands)","Total","Status in employment (Aggregate): Total","Economic activity (Aggregate): Public Administration, Community, Social and other Services and Activities","2005",10266.114,,,,"Repository: ILO-STATISTICS - Micro data processing"
"Indonesia","LFS - National Labour Force Survey","Employment by sex, status in employment and economic activity (thousands)","Total","Status in employment (Aggregate): Total","Economic activity (Aggregate): Not classified","2005",61.382,,,,"Repository: ILO-STATISTICS - Micro data processing"
"Indonesia","LFS - National Labour Force Survey","Employment by sex, status in employment and economic activity (thousands)","Male","Status in employment (Aggregate): Total","Economic activity (Aggregate): Total","2005",61439.086,,,,"Repository: ILO-STATISTICS - Micro data processing"
"Indonesia","LFS - National Labour Force Survey","Employment by sex, status in employment and economic activity (thousands)","Male","Status in employment (Aggregate): Total","Economic activity (Aggregate): Agriculture","2005",26891.514,,,,"Repository: ILO-STATISTICS - Micro data processing"
"Indonesia","LFS - National Labour Force Survey","Employment by sex, status in employment and economic activity (thousands)","Male","Status in employment (Aggregate): Total","Economic activity (Aggregate): Manufacturing","2005",7033.757,,,,"Repository: ILO-STATISTICS - Micro data processing"
"Indonesia","LFS - National Labour Force Survey","Employment by sex, status in employment and economic activity (thousands)","Male","Status in employment (Aggregate): Total","Economic activity (Aggregate): Construction","2005",4465.861,,,,"Repository: ILO-STATISTICS - Micro data processing"
"Indonesia","LFS - National Labour Force Survey","Employment by sex, status in employment and economic activity (thousands)","Male","Status in employment (Aggregate): Total","Economic activity (Aggregate): Mining and quarrying; Electricity, gas and water supply","2005",944.5,,,,"Repository: ILO-STATISTICS - Micro data processing"
"Indonesia","LFS - National Labour Force Survey","Employment by sex, status in employment and economic activity (thousands)","Male","Status in employment (Aggregate): Total","Economic activity (Aggregate): Trade, Transportation, Accommodation and Food, and Business and Administrative Services","2005",16027.545,,,,"Repository: ILO-STATISTICS - Micro data processing"
"Indonesia","LFS - National Labour Force Survey","Employment by sex, status in employment and economic activity (thousands)","Male","Status in employment (Aggregate): Total","Economic activity (Aggregate): Public Administration, Community, Social and other Services and Activities","2005",6036.776,,,,"Repository: ILO-STATISTICS - Micro data processing"
"Indonesia","LFS - National Labour Force Survey","Employment by sex, status in employment and economic activity (thousands)","Male","Status in employment (Aggregate): Total","Economic activity (Aggregate): Not classified","2005",39.133,,,,"Repository: ILO-STATISTICS - Micro data processing"
"Indonesia","LFS - National Labour Force Survey","Employment by sex, status in employment and economic activity (thousands)","Female","Status in employment (Aggregate): Total","Economic activity (Aggregate): Total","2005",32519.301,,,,"Repository: ILO-STATISTICS - Micro data processing"
"Indonesia","LFS - National Labour Force Survey","Employment by sex, status in employment and economic activity (thousands)","Female","Status in employment (Aggregate): Total","Economic activity (Aggregate): Agriculture","2005",14418.262,,,,"Repository: ILO-STATISTICS - Micro data processing"
"Indonesia","LFS - National Labour Force Survey","Employment by sex, status in employment and economic activity (thousands)","Female","Status in employment (Aggregate): Total","Economic activity (Aggregate): Manufacturing","2005",4919.228,,,,"Repository: ILO-STATISTICS - Micro data processing"
"Indonesia","LFS - National Labour Force Survey","Employment by sex, status in employment and economic activity (thousands)","Female","Status in employment (Aggregate): Total","Economic activity (Aggregate): Construction","2005",99.593,,,,"Repository: ILO-STATISTICS - Micro data processing"
"Indonesia","LFS - National Labour Force Survey","Employment by sex, status in employment and economic activity (thousands)","Female","Status in employment (Aggregate): Total","Economic activity (Aggregate): Mining and quarrying; Electricity, gas and water supply","2005",154.336,,,,"Repository: ILO-STATISTICS - Micro data processing"
"Indonesia","LFS - National Labour Force Survey","Employment by sex, status in employment and economic activity (thousands)","Female","Status in employment (Aggregate): Total","Economic activity (Aggregate): Trade, Transportation, Accommodation and Food, and Business and Administrative Services","2005",8676.295,,,,"Repository: ILO-STATISTICS - Micro data processing"
"Indonesia","LFS - National Labour Force Survey","Employment by sex, status in employment and economic activity (thousands)","Female","Status in employment (Aggregate): Total","Economic activity (Aggregate): Public Administration, Community, Social and other Services and Activities","2005",4229.338,,,,"Repository: ILO-STATISTICS - Micro data processing"
"Indonesia","LFS - National Labour Force Survey","Employment by sex, status in employment and economic activity (thousands)","Female","Status in employment (Aggregate): Total","Economic activity (Aggregate): Not classified","2005",22.249,,,,"Repository: ILO-STATISTICS - Micro data processing"
"Indonesia","LFS - National Labour Force Survey","Employment by sex, status in employment and economic activity (thousands)","Total","Status in employment (Aggregate): Total","Economic activity (Aggregate): Total","2004",93722.036,,,,"Repository: ILO-STATISTICS - Micro data processing"
"Indonesia","LFS - National Labour Force Survey","Employment by sex, status in employment and economic activity (thousands)","Total","Status in employment (Aggregate): Total","Economic activity (Aggregate): Agriculture","2004",40608.019,,,,"Repository: ILO-STATISTICS - Micro data processing"
"Indonesia","LFS - National Labour Force Survey","Employment by sex, status in employment and economic activity (thousands)","Total","Status in employment (Aggregate): Total","Economic activity (Aggregate): Manufacturing","2004",11070.498,,,,"Repository: ILO-STATISTICS - Micro data processing"
"Indonesia","LFS - National Labour Force Survey","Employment by sex, status in employment and economic activity (thousands)","Total","Status in employment (Aggregate): Total","Economic activity (Aggregate): Construction","2004",4540.102,,,,"Repository: ILO-STATISTICS - Micro data processing"
"Indonesia","LFS - National Labour Force Survey","Employment by sex, status in employment and economic activity (thousands)","Total","Status in employment (Aggregate): Total","Economic activity (Aggregate): Mining and quarrying; Electricity, gas and water supply","2004",1263.013,,,,"Repository: ILO-STATISTICS - Micro data processing"
"Indonesia","LFS - National Labour Force Survey","Employment by sex, status in employment and economic activity (thousands)","Total","Status in employment (Aggregate): Total","Economic activity (Aggregate): Trade, Transportation, Accommodation and Food, and Business and Administrative Services","2004",25724.739,,,,"Repository: ILO-STATISTICS - Micro data processing"
"Indonesia","LFS - National Labour Force Survey","Employment by sex, status in employment and economic activity (thousands)","Total","Status in employment (Aggregate): Total","Economic activity (Aggregate): Public Administration, Community, Social and other Services and Activities","2004",10511.762,,,,"Repository: ILO-STATISTICS - Micro data processing"
"Indonesia","LFS - National Labour Force Survey","Employment by sex, status in employment and economic activity (thousands)","Total","Status in employment (Aggregate): Total","Economic activity (Aggregate): Not classified","2004",3.903,,,,"Repository: ILO-STATISTICS - Micro data processing"
"Indonesia","LFS - National Labour Force Survey","Employment by sex, status in employment and economic activity (thousands)","Male","Status in employment (Aggregate): Total","Economic activity (Aggregate): Total","2004",60581.511,,,,"Repository: ILO-STATISTICS - Micro data processing"
"Indonesia","LFS - National Labour Force Survey","Employment by sex, status in employment and economic activity (thousands)","Male","Status in employment (Aggregate): Total","Economic activity (Aggregate): Agriculture","2004",25819.512,,,,"Repository: ILO-STATISTICS - Micro data processing"
"Indonesia","LFS - National Labour Force Survey","Employment by sex, status in employment and economic activity (thousands)","Male","Status in employment (Aggregate): Total","Economic activity (Aggregate): Manufacturing","2004",6660.143,,,,"Repository: ILO-STATISTICS - Micro data processing"
"Indonesia","LFS - National Labour Force Survey","Employment by sex, status in employment and economic activity (thousands)","Male","Status in employment (Aggregate): Total","Economic activity (Aggregate): Construction","2004",4428.668,,,,"Repository: ILO-STATISTICS - Micro data processing"
"Indonesia","LFS - National Labour Force Survey","Employment by sex, status in employment and economic activity (thousands)","Male","Status in employment (Aggregate): Total","Economic activity (Aggregate): Mining and quarrying; Electricity, gas and water supply","2004",1076.976,,,,"Repository: ILO-STATISTICS - Micro data processing"
"Indonesia","LFS - National Labour Force Survey","Employment by sex, status in employment and economic activity (thousands)","Male","Status in employment (Aggregate): Total","Economic activity (Aggregate): Trade, Transportation, Accommodation and Food, and Business and Administrative Services","2004",16359.854,,,,"Repository: ILO-STATISTICS - Micro data processing"
"Indonesia","LFS - National Labour Force Survey","Employment by sex, status in employment and economic activity (thousands)","Male","Status in employment (Aggregate): Total","Economic activity (Aggregate): Public Administration, Community, Social and other Services and Activities","2004",6234.345,,,,"Repository: ILO-STATISTICS - Micro data processing"
"Indonesia","LFS - National Labour Force Survey","Employment by sex, status in employment and economic activity (thousands)","Male","Status in employment (Aggregate): Total","Economic activity (Aggregate): Not classified","2004",2.013,"Unreliable",,,"Repository: ILO-STATISTICS - Micro data processing"
"Indonesia","LFS - National Labour Force Survey","Employment by sex, status in employment and economic activity (thousands)","Female","Status in employment (Aggregate): Total","Economic activity (Aggregate): Total","2004",33140.525,,,,"Repository: ILO-STATISTICS - Micro data processing"
"Indonesia","LFS - National Labour Force Survey","Employment by sex, status in employment and economic activity (thousands)","Female","Status in employment (Aggregate): Total","Economic activity (Aggregate): Agriculture","2004",14788.507,,,,"Repository: ILO-STATISTICS - Micro data processing"
"Indonesia","LFS - National Labour Force Survey","Employment by sex, status in employment and economic activity (thousands)","Female","Status in employment (Aggregate): Total","Economic activity (Aggregate): Manufacturing","2004",4410.355,,,,"Repository: ILO-STATISTICS - Micro data processing"
"Indonesia","LFS - National Labour Force Survey","Employment by sex, status in employment and economic activity (thousands)","Female","Status in employment (Aggregate): Total","Economic activity (Aggregate): Construction","2004",111.434,,,,"Repository: ILO-STATISTICS - Micro data processing"
"Indonesia","LFS - National Labour Force Survey","Employment by sex, status in employment and economic activity (thousands)","Female","Status in employment (Aggregate): Total","Economic activity (Aggregate): Mining and quarrying; Electricity, gas and water supply","2004",186.037,,,,"Repository: ILO-STATISTICS - Micro data processing"
"Indonesia","LFS - National Labour Force Survey","Employment by sex, status in employment and economic activity (thousands)","Female","Status in employment (Aggregate): Total","Economic activity (Aggregate): Trade, Transportation, Accommodation and Food, and Business and Administrative Services","2004",9364.885,,,,"Repository: ILO-STATISTICS - Micro data processing"
"Indonesia","LFS - National Labour Force Survey","Employment by sex, status in employment and economic activity (thousands)","Female","Status in employment (Aggregate): Total","Economic activity (Aggregate): Public Administration, Community, Social and other Services and Activities","2004",4277.417,,,,"Repository: ILO-STATISTICS - Micro data processing"
"Indonesia","LFS - National Labour Force Survey","Employment by sex, status in employment and economic activity (thousands)","Female","Status in employment (Aggregate): Total","Economic activity (Aggregate): Not classified","2004",1.89,"Unreliable",,,"Repository: ILO-STATISTICS - Micro data processing"
"Indonesia","LFS - National Labour Force Survey","Employment by sex, status in employment and economic activity (thousands)","Total","Status in employment (Aggregate): Total","Economic activity (Aggregate): Total","2003",92810.791,,,,"Repository: ILO-STATISTICS - Micro data processing"
"Indonesia","LFS - National Labour Force Survey","Employment by sex, status in employment and economic activity (thousands)","Total","Status in employment (Aggregate): Total","Economic activity (Aggregate): Agriculture","2003",43042.104,,,,"Repository: ILO-STATISTICS - Micro data processing"
"Indonesia","LFS - National Labour Force Survey","Employment by sex, status in employment and economic activity (thousands)","Total","Status in employment (Aggregate): Total","Economic activity (Aggregate): Manufacturing","2003",11495.887,,,,"Repository: ILO-STATISTICS - Micro data processing"
"Indonesia","LFS - National Labour Force Survey","Employment by sex, status in employment and economic activity (thousands)","Total","Status in employment (Aggregate): Total","Economic activity (Aggregate): Construction","2003",4054.741,,,,"Repository: ILO-STATISTICS - Micro data processing"
"Indonesia","LFS - National Labour Force Survey","Employment by sex, status in employment and economic activity (thousands)","Total","Status in employment (Aggregate): Total","Economic activity (Aggregate): Mining and quarrying; Electricity, gas and water supply","2003",884.599,,,,"Repository: ILO-STATISTICS - Micro data processing"
"Indonesia","LFS - National Labour Force Survey","Employment by sex, status in employment and economic activity (thousands)","Total","Status in employment (Aggregate): Total","Economic activity (Aggregate): Trade, Transportation, Accommodation and Food, and Business and Administrative Services","2003",23495.7,,,,"Repository: ILO-STATISTICS - Micro data processing"
"Indonesia","LFS - National Labour Force Survey","Employment by sex, status in employment and economic activity (thousands)","Total","Status in employment (Aggregate): Total","Economic activity (Aggregate): Public Administration, Community, Social and other Services and Activities","2003",9832.322,,,,"Repository: ILO-STATISTICS - Micro data processing"
"Indonesia","LFS - National Labour Force Survey","Employment by sex, status in employment and economic activity (thousands)","Total","Status in employment (Aggregate): Total","Economic activity (Aggregate): Not classified","2003",5.438,,,,"Repository: ILO-STATISTICS - Micro data processing"
"Indonesia","LFS - National Labour Force Survey","Employment by sex, status in employment and economic activity (thousands)","Male","Status in employment (Aggregate): Total","Economic activity (Aggregate): Total","2003",59499.768,,,,"Repository: ILO-STATISTICS - Micro data processing"
"Indonesia","LFS - National Labour Force Survey","Employment by sex, status in employment and economic activity (thousands)","Male","Status in employment (Aggregate): Total","Economic activity (Aggregate): Agriculture","2003",27205.486,,,,"Repository: ILO-STATISTICS - Micro data processing"
"Indonesia","LFS - National Labour Force Survey","Employment by sex, status in employment and economic activity (thousands)","Male","Status in employment (Aggregate): Total","Economic activity (Aggregate): Manufacturing","2003",6688.302,,,,"Repository: ILO-STATISTICS - Micro data processing"
"Indonesia","LFS - National Labour Force Survey","Employment by sex, status in employment and economic activity (thousands)","Male","Status in employment (Aggregate): Total","Economic activity (Aggregate): Construction","2003",3917.095,,,,"Repository: ILO-STATISTICS - Micro data processing"
"Indonesia","LFS - National Labour Force Survey","Employment by sex, status in employment and economic activity (thousands)","Male","Status in employment (Aggregate): Total","Economic activity (Aggregate): Mining and quarrying; Electricity, gas and water supply","2003",779.216,,,,"Repository: ILO-STATISTICS - Micro data processing"
"Indonesia","LFS - National Labour Force Survey","Employment by sex, status in employment and economic activity (thousands)","Male","Status in employment (Aggregate): Total","Economic activity (Aggregate): Trade, Transportation, Accommodation and Food, and Business and Administrative Services","2003",14852.923,,,,"Repository: ILO-STATISTICS - Micro data processing"
"Indonesia","LFS - National Labour Force Survey","Employment by sex, status in employment and economic activity (thousands)","Male","Status in employment (Aggregate): Total","Economic activity (Aggregate): Public Administration, Community, Social and other Services and Activities","2003",6051.542,,,,"Repository: ILO-STATISTICS - Micro data processing"
"Indonesia","LFS - National Labour Force Survey","Employment by sex, status in employment and economic activity (thousands)","Male","Status in employment (Aggregate): Total","Economic activity (Aggregate): Not classified","2003",5.204,,,,"Repository: ILO-STATISTICS - Micro data processing"
"Indonesia","LFS - National Labour Force Survey","Employment by sex, status in employment and economic activity (thousands)","Female","Status in employment (Aggregate): Total","Economic activity (Aggregate): Total","2003",33311.023,,,,"Repository: ILO-STATISTICS - Micro data processing"
"Indonesia","LFS - National Labour Force Survey","Employment by sex, status in employment and economic activity (thousands)","Female","Status in employment (Aggregate): Total","Economic activity (Aggregate): Agriculture","2003",15836.618,,,,"Repository: ILO-STATISTICS - Micro data processing"
"Indonesia","LFS - National Labour Force Survey","Employment by sex, status in employment and economic activity (thousands)","Female","Status in employment (Aggregate): Total","Economic activity (Aggregate): Manufacturing","2003",4807.585,,,,"Repository: ILO-STATISTICS - Micro data processing"
"Indonesia","LFS - National Labour Force Survey","Employment by sex, status in employment and economic activity (thousands)","Female","Status in employment (Aggregate): Total","Economic activity (Aggregate): Construction","2003",137.646,,,,"Repository: ILO-STATISTICS - Micro data processing"
"Indonesia","LFS - National Labour Force Survey","Employment by sex, status in employment and economic activity (thousands)","Female","Status in employment (Aggregate): Total","Economic activity (Aggregate): Mining and quarrying; Electricity, gas and water supply","2003",105.383,,,,"Repository: ILO-STATISTICS - Micro data processing"
"Indonesia","LFS - National Labour Force Survey","Employment by sex, status in employment and economic activity (thousands)","Female","Status in employment (Aggregate): Total","Economic activity (Aggregate): Trade, Transportation, Accommodation and Food, and Business and Administrative Services","2003",8642.777,,,,"Repository: ILO-STATISTICS - Micro data processing"
"Indonesia","LFS - National Labour Force Survey","Employment by sex, status in employment and economic activity (thousands)","Female","Status in employment (Aggregate): Total","Economic activity (Aggregate): Public Administration, Community, Social and other Services and Activities","2003",3780.78,,,,"Repository: ILO-STATISTICS - Micro data processing"
"Indonesia","LFS - National Labour Force Survey","Employment by sex, status in employment and economic activity (thousands)","Female","Status in employment (Aggregate): Total","Economic activity (Aggregate): Not classified","2003",,"Unreliable",,,"Repository: ILO-STATISTICS - Micro data processing"
"Indonesia","LFS - National Labour Force Survey","Employment by sex, status in employment and economic activity (thousands)","Total","Status in employment (Aggregate): Total","Economic activity (Aggregate): Total","2002",91647.166,,,,"Repository: ILO-STATISTICS - Micro data processing"
"Indonesia","LFS - National Labour Force Survey","Employment by sex, status in employment and economic activity (thousands)","Total","Status in employment (Aggregate): Total","Economic activity (Aggregate): Agriculture","2002",40633.627,,,,"Repository: ILO-STATISTICS - Micro data processing"
"Indonesia","LFS - National Labour Force Survey","Employment by sex, status in employment and economic activity (thousands)","Total","Status in employment (Aggregate): Total","Economic activity (Aggregate): Manufacturing","2002",12109.997,,,,"Repository: ILO-STATISTICS - Micro data processing"
"Indonesia","LFS - National Labour Force Survey","Employment by sex, status in employment and economic activity (thousands)","Total","Status in employment (Aggregate): Total","Economic activity (Aggregate): Construction","2002",4273.914,,,,"Repository: ILO-STATISTICS - Micro data processing"
"Indonesia","LFS - National Labour Force Survey","Employment by sex, status in employment and economic activity (thousands)","Total","Status in employment (Aggregate): Total","Economic activity (Aggregate): Mining and quarrying; Electricity, gas and water supply","2002",810.081,,,,"Repository: ILO-STATISTICS - Micro data processing"
"Indonesia","LFS - National Labour Force Survey","Employment by sex, status in employment and economic activity (thousands)","Total","Status in employment (Aggregate): Total","Economic activity (Aggregate): Trade, Transportation, Accommodation and Food, and Business and Administrative Services","2002",23459.359,,,,"Repository: ILO-STATISTICS - Micro data processing"
"Indonesia","LFS - National Labour Force Survey","Employment by sex, status in employment and economic activity (thousands)","Total","Status in employment (Aggregate): Total","Economic activity (Aggregate): Public Administration, Community, Social and other Services and Activities","2002",10357.662,,,,"Repository: ILO-STATISTICS - Micro data processing"
"Indonesia","LFS - National Labour Force Survey","Employment by sex, status in employment and economic activity (thousands)","Total","Status in employment (Aggregate): Total","Economic activity (Aggregate): Not classified","2002",,"Unreliable",,,"Repository: ILO-STATISTICS - Micro data processing"
"Indonesia","LFS - National Labour Force Survey","Employment by sex, status in employment and economic activity (thousands)","Male","Status in employment (Aggregate): Total","Economic activity (Aggregate): Total","2002",58583.187,,,,"Repository: ILO-STATISTICS - Micro data processing"
"Indonesia","LFS - National Labour Force Survey","Employment by sex, status in employment and economic activity (thousands)","Male","Status in employment (Aggregate): Total","Economic activity (Aggregate): Agriculture","2002",25621.956,,,,"Repository: ILO-STATISTICS - Micro data processing"
"Indonesia","LFS - National Labour Force Survey","Employment by sex, status in employment and economic activity (thousands)","Male","Status in employment (Aggregate): Total","Economic activity (Aggregate): Manufacturing","2002",7117.179,,,,"Repository: ILO-STATISTICS - Micro data processing"
"Indonesia","LFS - National Labour Force Survey","Employment by sex, status in employment and economic activity (thousands)","Male","Status in employment (Aggregate): Total","Economic activity (Aggregate): Construction","2002",4153.336,,,,"Repository: ILO-STATISTICS - Micro data processing"
"Indonesia","LFS - National Labour Force Survey","Employment by sex, status in employment and economic activity (thousands)","Male","Status in employment (Aggregate): Total","Economic activity (Aggregate): Mining and quarrying; Electricity, gas and water supply","2002",708.3,,,,"Repository: ILO-STATISTICS - Micro data processing"
"Indonesia","LFS - National Labour Force Survey","Employment by sex, status in employment and economic activity (thousands)","Male","Status in employment (Aggregate): Total","Economic activity (Aggregate): Trade, Transportation, Accommodation and Food, and Business and Administrative Services","2002",14674.879,,,,"Repository: ILO-STATISTICS - Micro data processing"
"Indonesia","LFS - National Labour Force Survey","Employment by sex, status in employment and economic activity (thousands)","Male","Status in employment (Aggregate): Total","Economic activity (Aggregate): Public Administration, Community, Social and other Services and Activities","2002",6305.865,,,,"Repository: ILO-STATISTICS - Micro data processing"
"Indonesia","LFS - National Labour Force Survey","Employment by sex, status in employment and economic activity (thousands)","Male","Status in employment (Aggregate): Total","Economic activity (Aggregate): Not classified","2002",,"Unreliable",,,"Repository: ILO-STATISTICS - Micro data processing"
"Indonesia","LFS - National Labour Force Survey","Employment by sex, status in employment and economic activity (thousands)","Female","Status in employment (Aggregate): Total","Economic activity (Aggregate): Total","2002",33063.979,,,,"Repository: ILO-STATISTICS - Micro data processing"
"Indonesia","LFS - National Labour Force Survey","Employment by sex, status in employment and economic activity (thousands)","Female","Status in employment (Aggregate): Total","Economic activity (Aggregate): Agriculture","2002",15011.671,,,,"Repository: ILO-STATISTICS - Micro data processing"
"Indonesia","LFS - National Labour Force Survey","Employment by sex, status in employment and economic activity (thousands)","Female","Status in employment (Aggregate): Total","Economic activity (Aggregate): Manufacturing","2002",4992.818,,,,"Repository: ILO-STATISTICS - Micro data processing"
"Indonesia","LFS - National Labour Force Survey","Employment by sex, status in employment and economic activity (thousands)","Female","Status in employment (Aggregate): Total","Economic activity (Aggregate): Construction","2002",120.578,,,,"Repository: ILO-STATISTICS - Micro data processing"
"Indonesia","LFS - National Labour Force Survey","Employment by sex, status in employment and economic activity (thousands)","Female","Status in employment (Aggregate): Total","Economic activity (Aggregate): Mining and quarrying; Electricity, gas and water supply","2002",101.781,,,,"Repository: ILO-STATISTICS - Micro data processing"
"Indonesia","LFS - National Labour Force Survey","Employment by sex, status in employment and economic activity (thousands)","Female","Status in employment (Aggregate): Total","Economic activity (Aggregate): Trade, Transportation, Accommodation and Food, and Business and Administrative Services","2002",8784.48,,,,"Repository: ILO-STATISTICS - Micro data processing"
"Indonesia","LFS - National Labour Force Survey","Employment by sex, status in employment and economic activity (thousands)","Female","Status in employment (Aggregate): Total","Economic activity (Aggregate): Public Administration, Community, Social and other Services and Activities","2002",4051.797,,,,"Repository: ILO-STATISTICS - Micro data processing"
"Indonesia","LFS - National Labour Force Survey","Employment by sex, status in employment and economic activity (thousands)","Female","Status in employment (Aggregate): Total","Economic activity (Aggregate): Not classified","2002",,"Unreliable",,,"Repository: ILO-STATISTICS - Micro data processing"
"Indonesia","LFS - National Labour Force Survey","Employment by sex, status in employment and economic activity (thousands)","Total","Status in employment (Aggregate): Total","Economic activity (Aggregate): Total","2001",90807.417,,,,"Repository: ILO-STATISTICS - Micro data processing"
"Indonesia","LFS - National Labour Force Survey","Employment by sex, status in employment and economic activity (thousands)","Total","Status in employment (Aggregate): Total","Economic activity (Aggregate): Agriculture","2001",39743.908,,,,"Repository: ILO-STATISTICS - Micro data processing"
"Indonesia","LFS - National Labour Force Survey","Employment by sex, status in employment and economic activity (thousands)","Total","Status in employment (Aggregate): Total","Economic activity (Aggregate): Manufacturing","2001",12086.122,,,,"Repository: ILO-STATISTICS - Micro data processing"
"Indonesia","LFS - National Labour Force Survey","Employment by sex, status in employment and economic activity (thousands)","Total","Status in employment (Aggregate): Total","Economic activity (Aggregate): Construction","2001",3837.554,,,,"Repository: ILO-STATISTICS - Micro data processing"
"Indonesia","LFS - National Labour Force Survey","Employment by sex, status in employment and economic activity (thousands)","Total","Status in employment (Aggregate): Total","Economic activity (Aggregate): Mining and quarrying; Electricity, gas and water supply","2001",1091.12,,,,"Repository: ILO-STATISTICS - Micro data processing"
"Indonesia","LFS - National Labour Force Survey","Employment by sex, status in employment and economic activity (thousands)","Total","Status in employment (Aggregate): Total","Economic activity (Aggregate): Trade, Transportation, Accommodation and Food, and Business and Administrative Services","2001",23045.231,,,,"Repository: ILO-STATISTICS - Micro data processing"
"Indonesia","LFS - National Labour Force Survey","Employment by sex, status in employment and economic activity (thousands)","Total","Status in employment (Aggregate): Total","Economic activity (Aggregate): Public Administration, Community, Social and other Services and Activities","2001",10996.369,,,,"Repository: ILO-STATISTICS - Micro data processing"
"Indonesia","LFS - National Labour Force Survey","Employment by sex, status in employment and economic activity (thousands)","Total","Status in employment (Aggregate): Total","Economic activity (Aggregate): Not classified","2001",7.113,,,,"Repository: ILO-STATISTICS - Micro data processing"
"Indonesia","LFS - National Labour Force Survey","Employment by sex, status in employment and economic activity (thousands)","Male","Status in employment (Aggregate): Total","Economic activity (Aggregate): Total","2001",57131.424,,,,"Repository: ILO-STATISTICS - Micro data processing"
"Indonesia","LFS - National Labour Force Survey","Employment by sex, status in employment and economic activity (thousands)","Male","Status in employment (Aggregate): Total","Economic activity (Aggregate): Agriculture","2001",24749.588,,,,"Repository: ILO-STATISTICS - Micro data processing"
"Indonesia","LFS - National Labour Force Survey","Employment by sex, status in employment and economic activity (thousands)","Male","Status in employment (Aggregate): Total","Economic activity (Aggregate): Manufacturing","2001",6953.573,,,,"Repository: ILO-STATISTICS - Micro data processing"
"Indonesia","LFS - National Labour Force Survey","Employment by sex, status in employment and economic activity (thousands)","Male","Status in employment (Aggregate): Total","Economic activity (Aggregate): Construction","2001",3725.118,,,,"Repository: ILO-STATISTICS - Micro data processing"
"Indonesia","LFS - National Labour Force Survey","Employment by sex, status in employment and economic activity (thousands)","Male","Status in employment (Aggregate): Total","Economic activity (Aggregate): Mining and quarrying; Electricity, gas and water supply","2001",910.191,,,,"Repository: ILO-STATISTICS - Micro data processing"
"Indonesia","LFS - National Labour Force Survey","Employment by sex, status in employment and economic activity (thousands)","Male","Status in employment (Aggregate): Total","Economic activity (Aggregate): Trade, Transportation, Accommodation and Food, and Business and Administrative Services","2001",14121.839,,,,"Repository: ILO-STATISTICS - Micro data processing"
"Indonesia","LFS - National Labour Force Survey","Employment by sex, status in employment and economic activity (thousands)","Male","Status in employment (Aggregate): Total","Economic activity (Aggregate): Public Administration, Community, Social and other Services and Activities","2001",6667.21,,,,"Repository: ILO-STATISTICS - Micro data processing"
"Indonesia","LFS - National Labour Force Survey","Employment by sex, status in employment and economic activity (thousands)","Male","Status in employment (Aggregate): Total","Economic activity (Aggregate): Not classified","2001",3.905,"Unreliable",,,"Repository: ILO-STATISTICS - Micro data processing"
"Indonesia","LFS - National Labour Force Survey","Employment by sex, status in employment and economic activity (thousands)","Female","Status in employment (Aggregate): Total","Economic activity (Aggregate): Total","2001",33675.993,,,,"Repository: ILO-STATISTICS - Micro data processing"
"Indonesia","LFS - National Labour Force Survey","Employment by sex, status in employment and economic activity (thousands)","Female","Status in employment (Aggregate): Total","Economic activity (Aggregate): Agriculture","2001",14994.32,,,,"Repository: ILO-STATISTICS - Micro data processing"
"Indonesia","LFS - National Labour Force Survey","Employment by sex, status in employment and economic activity (thousands)","Female","Status in employment (Aggregate): Total","Economic activity (Aggregate): Manufacturing","2001",5132.549,,,,"Repository: ILO-STATISTICS - Micro data processing"
"Indonesia","LFS - National Labour Force Survey","Employment by sex, status in employment and economic activity (thousands)","Female","Status in employment (Aggregate): Total","Economic activity (Aggregate): Construction","2001",112.436,,,,"Repository: ILO-STATISTICS - Micro data processing"
"Indonesia","LFS - National Labour Force Survey","Employment by sex, status in employment and economic activity (thousands)","Female","Status in employment (Aggregate): Total","Economic activity (Aggregate): Mining and quarrying; Electricity, gas and water supply","2001",180.929,,,,"Repository: ILO-STATISTICS - Micro data processing"
"Indonesia","LFS - National Labour Force Survey","Employment by sex, status in employment and economic activity (thousands)","Female","Status in employment (Aggregate): Total","Economic activity (Aggregate): Trade, Transportation, Accommodation and Food, and Business and Administrative Services","2001",8923.392,,,,"Repository: ILO-STATISTICS - Micro data processing"
"Indonesia","LFS - National Labour Force Survey","Employment by sex, status in employment and economic activity (thousands)","Female","Status in employment (Aggregate): Total","Economic activity (Aggregate): Public Administration, Community, Social and other Services and Activities","2001",4329.159,,,,"Repository: ILO-STATISTICS - Micro data processing"
"Indonesia","LFS - National Labour Force Survey","Employment by sex, status in employment and economic activity (thousands)","Female","Status in employment (Aggregate): Total","Economic activity (Aggregate): Not classified","2001",,"Unreliable",,,"Repository: ILO-STATISTICS - Micro data processing"
"Indonesia","LFS - National Labour Force Survey","Employment by sex, status in employment and economic activity (thousands)","Total","Status in employment (Aggregate): Total","Economic activity (Aggregate): Total","2000",89837.73,,,,"Repository: ILO-STATISTICS - Micro data processing"
"Indonesia","LFS - National Labour Force Survey","Employment by sex, status in employment and economic activity (thousands)","Total","Status in employment (Aggregate): Total","Economic activity (Aggregate): Agriculture","2000",40676.713,,,,"Repository: ILO-STATISTICS - Micro data processing"
"Indonesia","LFS - National Labour Force Survey","Employment by sex, status in employment and economic activity (thousands)","Total","Status in employment (Aggregate): Total","Economic activity (Aggregate): Manufacturing","2000",11645.272,,,,"Repository: ILO-STATISTICS - Micro data processing"
"Indonesia","LFS - National Labour Force Survey","Employment by sex, status in employment and economic activity (thousands)","Total","Status in employment (Aggregate): Total","Economic activity (Aggregate): Construction","2000",3497.232,,,,"Repository: ILO-STATISTICS - Micro data processing"
"Indonesia","LFS - National Labour Force Survey","Employment by sex, status in employment and economic activity (thousands)","Total","Status in employment (Aggregate): Total","Economic activity (Aggregate): Mining and quarrying; Electricity, gas and water supply","2000",522.56,,,,"Repository: ILO-STATISTICS - Micro data processing"
"Indonesia","LFS - National Labour Force Survey","Employment by sex, status in employment and economic activity (thousands)","Total","Status in employment (Aggregate): Total","Economic activity (Aggregate): Trade, Transportation, Accommodation and Food, and Business and Administrative Services","2000",23925.46,,,,"Repository: ILO-STATISTICS - Micro data processing"
"Indonesia","LFS - National Labour Force Survey","Employment by sex, status in employment and economic activity (thousands)","Total","Status in employment (Aggregate): Total","Economic activity (Aggregate): Public Administration, Community, Social and other Services and Activities","2000",9570.493,,,,"Repository: ILO-STATISTICS - Micro data processing"
"Indonesia","LFS - National Labour Force Survey","Employment by sex, status in employment and economic activity (thousands)","Male","Status in employment (Aggregate): Total","Economic activity (Aggregate): Total","2000",55439.063,,,,"Repository: ILO-STATISTICS - Micro data processing"
"Indonesia","LFS - National Labour Force Survey","Employment by sex, status in employment and economic activity (thousands)","Male","Status in employment (Aggregate): Total","Economic activity (Aggregate): Agriculture","2000",24600.319,,,,"Repository: ILO-STATISTICS - Micro data processing"
"Indonesia","LFS - National Labour Force Survey","Employment by sex, status in employment and economic activity (thousands)","Male","Status in employment (Aggregate): Total","Economic activity (Aggregate): Manufacturing","2000",6726.366,,,,"Repository: ILO-STATISTICS - Micro data processing"
"Indonesia","LFS - National Labour Force Survey","Employment by sex, status in employment and economic activity (thousands)","Male","Status in employment (Aggregate): Total","Economic activity (Aggregate): Construction","2000",3356.604,,,,"Repository: ILO-STATISTICS - Micro data processing"
"Indonesia","LFS - National Labour Force Survey","Employment by sex, status in employment and economic activity (thousands)","Male","Status in employment (Aggregate): Total","Economic activity (Aggregate): Mining and quarrying; Electricity, gas and water supply","2000",435.273,,,,"Repository: ILO-STATISTICS - Micro data processing"
"Indonesia","LFS - National Labour Force Survey","Employment by sex, status in employment and economic activity (thousands)","Male","Status in employment (Aggregate): Total","Economic activity (Aggregate): Trade, Transportation, Accommodation and Food, and Business and Administrative Services","2000",14676.115,,,,"Repository: ILO-STATISTICS - Micro data processing"
"Indonesia","LFS - National Labour Force Survey","Employment by sex, status in employment and economic activity (thousands)","Male","Status in employment (Aggregate): Total","Economic activity (Aggregate): Public Administration, Community, Social and other Services and Activities","2000",5644.386,,,,"Repository: ILO-STATISTICS - Micro data processing"
"Indonesia","LFS - National Labour Force Survey","Employment by sex, status in employment and economic activity (thousands)","Female","Status in employment (Aggregate): Total","Economic activity (Aggregate): Total","2000",34398.667,,,,"Repository: ILO-STATISTICS - Micro data processing"
"Indonesia","LFS - National Labour Force Survey","Employment by sex, status in employment and economic activity (thousands)","Female","Status in employment (Aggregate): Total","Economic activity (Aggregate): Agriculture","2000",16076.394,,,,"Repository: ILO-STATISTICS - Micro data processing"
"Indonesia","LFS - National Labour Force Survey","Employment by sex, status in employment and economic activity (thousands)","Female","Status in employment (Aggregate): Total","Economic activity (Aggregate): Manufacturing","2000",4918.906,,,,"Repository: ILO-STATISTICS - Micro data processing"
"Indonesia","LFS - National Labour Force Survey","Employment by sex, status in employment and economic activity (thousands)","Female","Status in employment (Aggregate): Total","Economic activity (Aggregate): Construction","2000",140.628,,,,"Repository: ILO-STATISTICS - Micro data processing"
"Indonesia","LFS - National Labour Force Survey","Employment by sex, status in employment and economic activity (thousands)","Female","Status in employment (Aggregate): Total","Economic activity (Aggregate): Mining and quarrying; Electricity, gas and water supply","2000",87.287,,,,"Repository: ILO-STATISTICS - Micro data processing"
"Indonesia","LFS - National Labour Force Survey","Employment by sex, status in employment and economic activity (thousands)","Female","Status in employment (Aggregate): Total","Economic activity (Aggregate): Trade, Transportation, Accommodation and Food, and Business and Administrative Services","2000",9249.345,,,,"Repository: ILO-STATISTICS - Micro data processing"
"Indonesia","LFS - National Labour Force Survey","Employment by sex, status in employment and economic activity (thousands)","Female","Status in employment (Aggregate): Total","Economic activity (Aggregate): Public Administration, Community, Social and other Services and Activities","2000",3926.107,,,,"Repository: ILO-STATISTICS - Micro data processing"
"India","LFS - Periodic Labour Force Survey","Employment by sex, status in employment and economic activity (thousands)","Total","Status in employment (Aggregate): Total","Economic activity (Aggregate): Total","2025",476557.086,,,,"Repository: ILO-STATISTICS - Micro data processing"
"India","LFS - Periodic Labour Force Survey","Employment by sex, status in employment and economic activity (thousands)","Total","Status in employment (Aggregate): Total","Economic activity (Aggregate): Agriculture","2025",197860.229,,,,"Repository: ILO-STATISTICS - Micro data processing"
"India","LFS - Periodic Labour Force Survey","Employment by sex, status in employment and economic activity (thousands)","Total","Status in employment (Aggregate): Total","Economic activity (Aggregate): Manufacturing","2025",59533.055,,,,"Repository: ILO-STATISTICS - Micro data processing"
"India","LFS - Periodic Labour Force Survey","Employment by sex, status in employment and economic activity (thousands)","Total","Status in employment (Aggregate): Total","Economic activity (Aggregate): Construction","2025",56210.645,,,,"Repository: ILO-STATISTICS - Micro data processing"
"India","LFS - Periodic Labour Force Survey","Employment by sex, status in employment and economic activity (thousands)","Total","Status in employment (Aggregate): Total","Economic activity (Aggregate): Mining and quarrying; Electricity, gas and water supply","2025",4759.7,,,,"Repository: ILO-STATISTICS - Micro data processing"
"India","LFS - Periodic Labour Force Survey","Employment by sex, status in employment and economic activity (thousands)","Total","Status in employment (Aggregate): Total","Economic activity (Aggregate): Trade, Transportation, Accommodation and Food, and Business and Administrative Services","2025",109862.969,,,,"Repository: ILO-STATISTICS - Micro data processing"
"India","LFS - Periodic Labour Force Survey","Employment by sex, status in employment and economic activity (thousands)","Total","Status in employment (Aggregate): Total","Economic activity (Aggregate): Public Administration, Community, Social and other Services and Activities","2025",48330.488,,,,"Repository: ILO-STATISTICS - Micro data processing"
"India","LFS - Periodic Labour Force Survey","Employment by sex, status in employment and economic activity (thousands)","Male","Status in employment (Aggregate): Total","Economic activity (Aggregate): Total","2025",327732.877,,,,"Repository: ILO-STATISTICS - Micro data processing"
"India","LFS - Periodic Labour Force Survey","Employment by sex, status in employment and economic activity (thousands)","Male","Status in employment (Aggregate): Total","Economic activity (Aggregate): Agriculture","2025",110302.41,,,,"Repository: ILO-STATISTICS - Micro data processing"
"India","LFS - Periodic Labour Force Survey","Employment by sex, status in employment and economic activity (thousands)","Male","Status in employment (Aggregate): Total","Economic activity (Aggregate): Manufacturing","2025",41180.35,,,,"Repository: ILO-STATISTICS - Micro data processing"
"India","LFS - Periodic Labour Force Survey","Employment by sex, status in employment and economic activity (thousands)","Male","Status in employment (Aggregate): Total","Economic activity (Aggregate): Construction","2025",51846.35,,,,"Repository: ILO-STATISTICS - Micro data processing"
"India","LFS - Periodic Labour Force Survey","Employment by sex, status in employment and economic activity (thousands)","Male","Status in employment (Aggregate): Total","Economic activity (Aggregate): Mining and quarrying; Electricity, gas and water supply","2025",4294.361,,,,"Repository: ILO-STATISTICS - Micro data processing"
"India","LFS - Periodic Labour Force Survey","Employment by sex, status in employment and economic activity (thousands)","Male","Status in employment (Aggregate): Total","Economic activity (Aggregate): Trade, Transportation, Accommodation and Food, and Business and Administrative Services","2025",93468.207,,,,"Repository: ILO-STATISTICS - Micro data processing"
"India","LFS - Periodic Labour Force Survey","Employment by sex, status in employment and economic activity (thousands)","Male","Status in employment (Aggregate): Total","Economic activity (Aggregate): Public Administration, Community, Social and other Services and Activities","2025",26641.199,,,,"Repository: ILO-STATISTICS - Micro data processing"
"India","LFS - Periodic Labour Force Survey","Employment by sex, status in employment and economic activity (thousands)","Female","Status in employment (Aggregate): Total","Economic activity (Aggregate): Total","2025",148809.44,,,,"Repository: ILO-STATISTICS - Micro data processing"
"India","LFS - Periodic Labour Force Survey","Employment by sex, status in employment and economic activity (thousands)","Female","Status in employment (Aggregate): Total","Economic activity (Aggregate): Agriculture","2025",87557.43,,,,"Repository: ILO-STATISTICS - Micro data processing"
"India","LFS - Periodic Labour Force Survey","Employment by sex, status in employment and economic activity (thousands)","Female","Status in employment (Aggregate): Total","Economic activity (Aggregate): Manufacturing","2025",18350.703,,,,"Repository: ILO-STATISTICS - Micro data processing"
"India","LFS - Periodic Labour Force Survey","Employment by sex, status in employment and economic activity (thousands)","Female","Status in employment (Aggregate): Total","Economic activity (Aggregate): Construction","2025",4363.472,,,,"Repository: ILO-STATISTICS - Micro data processing"
"India","LFS - Periodic Labour Force Survey","Employment by sex, status in employment and economic activity (thousands)","Female","Status in employment (Aggregate): Total","Economic activity (Aggregate): Mining and quarrying; Electricity, gas and water supply","2025",465.339,,,,"Repository: ILO-STATISTICS - Micro data processing"
"India","LFS - Periodic Labour Force Survey","Employment by sex, status in employment and economic activity (thousands)","Female","Status in employment (Aggregate): Total","Economic activity (Aggregate): Trade, Transportation, Accommodation and Food, and Business and Administrative Services","2025",16390.418,,,,"Repository: ILO-STATISTICS - Micro data processing"
"India","LFS - Periodic Labour Force Survey","Employment by sex, status in employment and economic activity (thousands)","Female","Status in employment (Aggregate): Total","Economic activity (Aggregate): Public Administration, Community, Social and other Services and Activities","2025",21682.079,,,,"Repository: ILO-STATISTICS - Micro data processing"
"India","LFS - Periodic Labour Force Survey","Employment by sex, status in employment and economic activity (thousands)","Other","Status in employment (Aggregate): Total","Economic activity (Aggregate): Total","2025",14.768,"Unreliable",,,"Repository: ILO-STATISTICS - Micro data processing"
"India","LFS - Periodic Labour Force Survey","Employment by sex, status in employment and economic activity (thousands)","Other","Status in employment (Aggregate): Total","Economic activity (Aggregate): Agriculture","2025",,"Unreliable",,,"Repository: ILO-STATISTICS - Micro data processing"
"India","LFS - Periodic Labour Force Survey","Employment by sex, status in employment and economic activity (thousands)","Other","Status in employment (Aggregate): Total","Economic activity (Aggregate): Manufacturing","2025",,"Unreliable",,,"Repository: ILO-STATISTICS - Micro data processing"
"India","LFS - Periodic Labour Force Survey","Employment by sex, status in employment and economic activity (thousands)","Other","Status in employment (Aggregate): Total","Economic activity (Aggregate): Construction","2025",,"Unreliable",,,"Repository: ILO-STATISTICS - Micro data processing"
"India","LFS - Periodic Labour Force Survey","Employment by sex, status in employment and economic activity (thousands)","Other","Status in employment (Aggregate): Total","Economic activity (Aggregate): Trade, Transportation, Accommodation and Food, and Business and Administrative Services","2025",,"Unreliable",,,"Repository: ILO-STATISTICS - Micro data processing"
"India","LFS - Periodic Labour Force Survey","Employment by sex, status in employment and economic activity (thousands)","Other","Status in employment (Aggregate): Total","Economic activity (Aggregate): Public Administration, Community, Social and other Services and Activities","2025",7.211,"Unreliable",,,"Repository: ILO-STATISTICS - Micro data processing"
"India","LFS - Periodic Labour Force Survey","Employment by sex, status in employment and economic activity (thousands)","Total","Status in employment (Aggregate): Total","Economic activity (Aggregate): Total","2024",482793.235,,,,"Repository: ILO-STATISTICS - Micro data processing"
"India","LFS - Periodic Labour Force Survey","Employment by sex, status in employment and economic activity (thousands)","Total","Status in employment (Aggregate): Total","Economic activity (Aggregate): Agriculture","2024",204485.976,,,,"Repository: ILO-STATISTICS - Micro data processing"
"India","LFS - Periodic Labour Force Survey","Employment by sex, status in employment and economic activity (thousands)","Total","Status in employment (Aggregate): Total","Economic activity (Aggregate): Manufacturing","2024",57694.355,,,,"Repository: ILO-STATISTICS - Micro data processing"
"India","LFS - Periodic Labour Force Survey","Employment by sex, status in employment and economic activity (thousands)","Total","Status in employment (Aggregate): Total","Economic activity (Aggregate): Construction","2024",60557.654,,,,"Repository: ILO-STATISTICS - Micro data processing"
"India","LFS - Periodic Labour Force Survey","Employment by sex, status in employment and economic activity (thousands)","Total","Status in employment (Aggregate): Total","Economic activity (Aggregate): Mining and quarrying; Electricity, gas and water supply","2024",4237.092,,,,"Repository: ILO-STATISTICS - Micro data processing"
"India","LFS - Periodic Labour Force Survey","Employment by sex, status in employment and economic activity (thousands)","Total","Status in employment (Aggregate): Total","Economic activity (Aggregate): Trade, Transportation, Accommodation and Food, and Business and Administrative Services","2024",108843.311,,,,"Repository: ILO-STATISTICS - Micro data processing"
"India","LFS - Periodic Labour Force Survey","Employment by sex, status in employment and economic activity (thousands)","Total","Status in employment (Aggregate): Total","Economic activity (Aggregate): Public Administration, Community, Social and other Services and Activities","2024",46974.846,,,,"Repository: ILO-STATISTICS - Micro data processing"
"India","LFS - Periodic Labour Force Survey","Employment by sex, status in employment and economic activity (thousands)","Male","Status in employment (Aggregate): Total","Economic activity (Aggregate): Total","2024",332877.239,,,,"Repository: ILO-STATISTICS - Micro data processing"
"India","LFS - Periodic Labour Force Survey","Employment by sex, status in employment and economic activity (thousands)","Male","Status in employment (Aggregate): Total","Economic activity (Aggregate): Agriculture","2024",114537.844,,,,"Repository: ILO-STATISTICS - Micro data processing"
"India","LFS - Periodic Labour Force Survey","Employment by sex, status in employment and economic activity (thousands)","Male","Status in employment (Aggregate): Total","Economic activity (Aggregate): Manufacturing","2024",39290.795,,,,"Repository: ILO-STATISTICS - Micro data processing"
"India","LFS - Periodic Labour Force Survey","Employment by sex, status in employment and economic activity (thousands)","Male","Status in employment (Aggregate): Total","Economic activity (Aggregate): Construction","2024",55136.149,,,,"Repository: ILO-STATISTICS - Micro data processing"
"India","LFS - Periodic Labour Force Survey","Employment by sex, status in employment and economic activity (thousands)","Male","Status in employment (Aggregate): Total","Economic activity (Aggregate): Mining and quarrying; Electricity, gas and water supply","2024",3781.01,,,,"Repository: ILO-STATISTICS - Micro data processing"
"India","LFS - Periodic Labour Force Survey","Employment by sex, status in employment and economic activity (thousands)","Male","Status in employment (Aggregate): Total","Economic activity (Aggregate): Trade, Transportation, Accommodation and Food, and Business and Administrative Services","2024",93598.811,,,,"Repository: ILO-STATISTICS - Micro data processing"
"India","LFS - Periodic Labour Force Survey","Employment by sex, status in employment and economic activity (thousands)","Male","Status in employment (Aggregate): Total","Economic activity (Aggregate): Public Administration, Community, Social and other Services and Activities","2024",26532.631,,,,"Repository: ILO-STATISTICS - Micro data processing"
"India","LFS - Periodic Labour Force Survey","Employment by sex, status in employment and economic activity (thousands)","Female","Status in employment (Aggregate): Total","Economic activity (Aggregate): Total","2024",149915.309,,,,"Repository: ILO-STATISTICS - Micro data processing"
"India","LFS - Periodic Labour Force Survey","Employment by sex, status in employment and economic activity (thousands)","Female","Status in employment (Aggregate): Total","Economic activity (Aggregate): Agriculture","2024",89947.927,,,,"Repository: ILO-STATISTICS - Micro data processing"
"India","LFS - Periodic Labour Force Survey","Employment by sex, status in employment and economic activity (thousands)","Female","Status in employment (Aggregate): Total","Economic activity (Aggregate): Manufacturing","2024",18403.56,,,,"Repository: ILO-STATISTICS - Micro data processing"
"India","LFS - Periodic Labour Force Survey","Employment by sex, status in employment and economic activity (thousands)","Female","Status in employment (Aggregate): Total","Economic activity (Aggregate): Construction","2024",5421.506,,,,"Repository: ILO-STATISTICS - Micro data processing"
"India","LFS - Periodic Labour Force Survey","Employment by sex, status in employment and economic activity (thousands)","Female","Status in employment (Aggregate): Total","Economic activity (Aggregate): Mining and quarrying; Electricity, gas and water supply","2024",456.082,,,,"Repository: ILO-STATISTICS - Micro data processing"
"India","LFS - Periodic Labour Force Survey","Employment by sex, status in employment and economic activity (thousands)","Female","Status in employment (Aggregate): Total","Economic activity (Aggregate): Trade, Transportation, Accommodation and Food, and Business and Administrative Services","2024",15244.5,,,,"Repository: ILO-STATISTICS - Micro data processing"
"India","LFS - Periodic Labour Force Survey","Employment by sex, status in employment and economic activity (thousands)","Female","Status in employment (Aggregate): Total","Economic activity (Aggregate): Public Administration, Community, Social and other Services and Activities","2024",20441.734,,,,"Repository: ILO-STATISTICS - Micro data processing"
"India","LFS - Periodic Labour Force Survey","Employment by sex, status in employment and economic activity (thousands)","Other","Status in employment (Aggregate): Total","Economic activity (Aggregate): Total","2024",,"Unreliable",,,"Repository: ILO-STATISTICS - Micro data processing"
"India","LFS - Periodic Labour Force Survey","Employment by sex, status in employment and economic activity (thousands)","Other","Status in employment (Aggregate): Total","Economic activity (Aggregate): Agriculture","2024",,"Unreliable",,,"Repository: ILO-STATISTICS - Micro data processing"
"India","LFS - Periodic Labour Force Survey","Employment by sex, status in employment and economic activity (thousands)","Other","Status in employment (Aggregate): Total","Economic activity (Aggregate): Public Administration, Community, Social and other Services and Activities","2024",,"Unreliable",,,"Repository: ILO-STATISTICS - Micro data processing"
"India","LFS - Periodic Labour Force Survey","Employment by sex, status in employment and economic activity (thousands)","Total","Status in employment (Aggregate): Total","Economic activity (Aggregate): Total","2023",471885.685,,,,"Repository: ILO-STATISTICS - Micro data processing"
"India","LFS - Periodic Labour Force Survey","Employment by sex, status in employment and economic activity (thousands)","Total","Status in employment (Aggregate): Total","Economic activity (Aggregate): Agriculture","2023",205334.373,,,,"Repository: ILO-STATISTICS - Micro data processing"
"India","LFS - Periodic Labour Force Survey","Employment by sex, status in employment and economic activity (thousands)","Total","Status in employment (Aggregate): Total","Economic activity (Aggregate): Manufacturing","2023",56550.081,,,,"Repository: ILO-STATISTICS - Micro data processing"
"India","LFS - Periodic Labour Force Survey","Employment by sex, status in employment and economic activity (thousands)","Total","Status in employment (Aggregate): Total","Economic activity (Aggregate): Construction","2023",57290.116,,,,"Repository: ILO-STATISTICS - Micro data processing"
"India","LFS - Periodic Labour Force Survey","Employment by sex, status in employment and economic activity (thousands)","Total","Status in employment (Aggregate): Total","Economic activity (Aggregate): Mining and quarrying; Electricity, gas and water supply","2023",4269.054,,,,"Repository: ILO-STATISTICS - Micro data processing"
"India","LFS - Periodic Labour Force Survey","Employment by sex, status in employment and economic activity (thousands)","Total","Status in employment (Aggregate): Total","Economic activity (Aggregate): Trade, Transportation, Accommodation and Food, and Business and Administrative Services","2023",103689.663,,,,"Repository: ILO-STATISTICS - Micro data processing"
"India","LFS - Periodic Labour Force Survey","Employment by sex, status in employment and economic activity (thousands)","Total","Status in employment (Aggregate): Total","Economic activity (Aggregate): Public Administration, Community, Social and other Services and Activities","2023",44752.398,,,,"Repository: ILO-STATISTICS - Micro data processing"
"India","LFS - Periodic Labour Force Survey","Employment by sex, status in employment and economic activity (thousands)","Male","Status in employment (Aggregate): Total","Economic activity (Aggregate): Total","2023",323285.03,,,,"Repository: ILO-STATISTICS - Micro data processing"
"India","LFS - Periodic Labour Force Survey","Employment by sex, status in employment and economic activity (thousands)","Male","Status in employment (Aggregate): Total","Economic activity (Aggregate): Agriculture","2023",114938.346,,,,"Repository: ILO-STATISTICS - Micro data processing"
"India","LFS - Periodic Labour Force Survey","Employment by sex, status in employment and economic activity (thousands)","Male","Status in employment (Aggregate): Total","Economic activity (Aggregate): Manufacturing","2023",38767.14,,,,"Repository: ILO-STATISTICS - Micro data processing"
"India","LFS - Periodic Labour Force Survey","Employment by sex, status in employment and economic activity (thousands)","Male","Status in employment (Aggregate): Total","Economic activity (Aggregate): Construction","2023",51129.272,,,,"Repository: ILO-STATISTICS - Micro data processing"
"India","LFS - Periodic Labour Force Survey","Employment by sex, status in employment and economic activity (thousands)","Male","Status in employment (Aggregate): Total","Economic activity (Aggregate): Mining and quarrying; Electricity, gas and water supply","2023",3865.788,,,,"Repository: ILO-STATISTICS - Micro data processing"
"India","LFS - Periodic Labour Force Survey","Employment by sex, status in employment and economic activity (thousands)","Male","Status in employment (Aggregate): Total","Economic activity (Aggregate): Trade, Transportation, Accommodation and Food, and Business and Administrative Services","2023",89231.71,,,,"Repository: ILO-STATISTICS - Micro data processing"
"India","LFS - Periodic Labour Force Survey","Employment by sex, status in employment and economic activity (thousands)","Male","Status in employment (Aggregate): Total","Economic activity (Aggregate): Public Administration, Community, Social and other Services and Activities","2023",25352.773,,,,"Repository: ILO-STATISTICS - Micro data processing"
"India","LFS - Periodic Labour Force Survey","Employment by sex, status in employment and economic activity (thousands)","Female","Status in employment (Aggregate): Total","Economic activity (Aggregate): Total","2023",148584.642,,,,"Repository: ILO-STATISTICS - Micro data processing"
"India","LFS - Periodic Labour Force Survey","Employment by sex, status in employment and economic activity (thousands)","Female","Status in employment (Aggregate): Total","Economic activity (Aggregate): Agriculture","2023",90386.477,,,,"Repository: ILO-STATISTICS - Micro data processing"
"India","LFS - Periodic Labour Force Survey","Employment by sex, status in employment and economic activity (thousands)","Female","Status in employment (Aggregate): Total","Economic activity (Aggregate): Manufacturing","2023",17779.316,,,,"Repository: ILO-STATISTICS - Micro data processing"
"India","LFS - Periodic Labour Force Survey","Employment by sex, status in employment and economic activity (thousands)","Female","Status in employment (Aggregate): Total","Economic activity (Aggregate): Construction","2023",6160.845,,,,"Repository: ILO-STATISTICS - Micro data processing"
"India","LFS - Periodic Labour Force Survey","Employment by sex, status in employment and economic activity (thousands)","Female","Status in employment (Aggregate): Total","Economic activity (Aggregate): Mining and quarrying; Electricity, gas and water supply","2023",403.266,,,,"Repository: ILO-STATISTICS - Micro data processing"
"India","LFS - Periodic Labour Force Survey","Employment by sex, status in employment and economic activity (thousands)","Female","Status in employment (Aggregate): Total","Economic activity (Aggregate): Trade, Transportation, Accommodation and Food, and Business and Administrative Services","2023",14457.613,,,,"Repository: ILO-STATISTICS - Micro data processing"
"India","LFS - Periodic Labour Force Survey","Employment by sex, status in employment and economic activity (thousands)","Female","Status in employment (Aggregate): Total","Economic activity (Aggregate): Public Administration, Community, Social and other Services and Activities","2023",19397.125,,,,"Repository: ILO-STATISTICS - Micro data processing"
"India","LFS - Periodic Labour Force Survey","Employment by sex, status in employment and economic activity (thousands)","Other","Status in employment (Aggregate): Total","Economic activity (Aggregate): Total","2023",16.014,"Unreliable",,,"Repository: ILO-STATISTICS - Micro data processing"
"India","LFS - Periodic Labour Force Survey","Employment by sex, status in employment and economic activity (thousands)","Other","Status in employment (Aggregate): Total","Economic activity (Aggregate): Agriculture","2023",,"Unreliable",,,"Repository: ILO-STATISTICS - Micro data processing"
"India","LFS - Periodic Labour Force Survey","Employment by sex, status in employment and economic activity (thousands)","Other","Status in employment (Aggregate): Total","Economic activity (Aggregate): Manufacturing","2023",,"Unreliable",,,"Repository: ILO-STATISTICS - Micro data processing"
"India","LFS - Periodic Labour Force Survey","Employment by sex, status in employment and economic activity (thousands)","Other","Status in employment (Aggregate): Total","Economic activity (Aggregate): Trade, Transportation, Accommodation and Food, and Business and Administrative Services","2023",,"Unreliable",,,"Repository: ILO-STATISTICS - Micro data processing"
"India","LFS - Periodic Labour Force Survey","Employment by sex, status in employment and economic activity (thousands)","Other","Status in employment (Aggregate): Total","Economic activity (Aggregate): Public Administration, Community, Social and other Services and Activities","2023",,"Unreliable",,,"Repository: ILO-STATISTICS - Micro data processing"
"India","LFS - Periodic Labour Force Survey","Employment by sex, status in employment and economic activity (thousands)","Total","Status in employment (Aggregate): Total","Economic activity (Aggregate): Total","2022",444845.808,,,,"Repository: ILO-STATISTICS - Micro data processing"
"India","LFS - Periodic Labour Force Survey","Employment by sex, status in employment and economic activity (thousands)","Total","Status in employment (Aggregate): Total","Economic activity (Aggregate): Agriculture","2022",190665.352,,,,"Repository: ILO-STATISTICS - Micro data processing"
"India","LFS - Periodic Labour Force Survey","Employment by sex, status in employment and economic activity (thousands)","Total","Status in employment (Aggregate): Total","Economic activity (Aggregate): Manufacturing","2022",51991.836,,,,"Repository: ILO-STATISTICS - Micro data processing"
"India","LFS - Periodic Labour Force Survey","Employment by sex, status in employment and economic activity (thousands)","Total","Status in employment (Aggregate): Total","Economic activity (Aggregate): Construction","2022",60020.696,,,,"Repository: ILO-STATISTICS - Micro data processing"
"India","LFS - Periodic Labour Force Survey","Employment by sex, status in employment and economic activity (thousands)","Total","Status in employment (Aggregate): Total","Economic activity (Aggregate): Mining and quarrying; Electricity, gas and water supply","2022",4182.677,,,,"Repository: ILO-STATISTICS - Micro data processing"
"India","LFS - Periodic Labour Force Survey","Employment by sex, status in employment and economic activity (thousands)","Total","Status in employment (Aggregate): Total","Economic activity (Aggregate): Trade, Transportation, Accommodation and Food, and Business and Administrative Services","2022",96332.006,,,,"Repository: ILO-STATISTICS - Micro data processing"
"India","LFS - Periodic Labour Force Survey","Employment by sex, status in employment and economic activity (thousands)","Total","Status in employment (Aggregate): Total","Economic activity (Aggregate): Public Administration, Community, Social and other Services and Activities","2022",41653.24,,,,"Repository: ILO-STATISTICS - Micro data processing"
"India","LFS - Periodic Labour Force Survey","Employment by sex, status in employment and economic activity (thousands)","Male","Status in employment (Aggregate): Total","Economic activity (Aggregate): Total","2022",325252.861,,,,"Repository: ILO-STATISTICS - Micro data processing"
"India","LFS - Periodic Labour Force Survey","Employment by sex, status in employment and economic activity (thousands)","Male","Status in employment (Aggregate): Total","Economic activity (Aggregate): Agriculture","2022",119956.102,,,,"Repository: ILO-STATISTICS - Micro data processing"
"India","LFS - Periodic Labour Force Survey","Employment by sex, status in employment and economic activity (thousands)","Male","Status in employment (Aggregate): Total","Economic activity (Aggregate): Manufacturing","2022",37347.661,,,,"Repository: ILO-STATISTICS - Micro data processing"
"India","LFS - Periodic Labour Force Survey","Employment by sex, status in employment and economic activity (thousands)","Male","Status in employment (Aggregate): Total","Economic activity (Aggregate): Construction","2022",55602.708,,,,"Repository: ILO-STATISTICS - Micro data processing"
"India","LFS - Periodic Labour Force Survey","Employment by sex, status in employment and economic activity (thousands)","Male","Status in employment (Aggregate): Total","Economic activity (Aggregate): Mining and quarrying; Electricity, gas and water supply","2022",3850.816,,,,"Repository: ILO-STATISTICS - Micro data processing"
"India","LFS - Periodic Labour Force Survey","Employment by sex, status in employment and economic activity (thousands)","Male","Status in employment (Aggregate): Total","Economic activity (Aggregate): Trade, Transportation, Accommodation and Food, and Business and Administrative Services","2022",84050.392,,,,"Repository: ILO-STATISTICS - Micro data processing"
"India","LFS - Periodic Labour Force Survey","Employment by sex, status in employment and economic activity (thousands)","Male","Status in employment (Aggregate): Total","Economic activity (Aggregate): Public Administration, Community, Social and other Services and Activities","2022",24445.182,,,,"Repository: ILO-STATISTICS - Micro data processing"
"India","LFS - Periodic Labour Force Survey","Employment by sex, status in employment and economic activity (thousands)","Female","Status in employment (Aggregate): Total","Economic activity (Aggregate): Total","2022",119585.263,,,,"Repository: ILO-STATISTICS - Micro data processing"
"India","LFS - Periodic Labour Force Survey","Employment by sex, status in employment and economic activity (thousands)","Female","Status in employment (Aggregate): Total","Economic activity (Aggregate): Agriculture","2022",70706.408,,,,"Repository: ILO-STATISTICS - Micro data processing"
"India","LFS - Periodic Labour Force Survey","Employment by sex, status in employment and economic activity (thousands)","Female","Status in employment (Aggregate): Total","Economic activity (Aggregate): Manufacturing","2022",14644.175,,,,"Repository: ILO-STATISTICS - Micro data processing"
"India","LFS - Periodic Labour Force Survey","Employment by sex, status in employment and economic activity (thousands)","Female","Status in employment (Aggregate): Total","Economic activity (Aggregate): Construction","2022",4417.989,,,,"Repository: ILO-STATISTICS - Micro data processing"
"India","LFS - Periodic Labour Force Survey","Employment by sex, status in employment and economic activity (thousands)","Female","Status in employment (Aggregate): Total","Economic activity (Aggregate): Mining and quarrying; Electricity, gas and water supply","2022",331.862,,,,"Repository: ILO-STATISTICS - Micro data processing"
"India","LFS - Periodic Labour Force Survey","Employment by sex, status in employment and economic activity (thousands)","Female","Status in employment (Aggregate): Total","Economic activity (Aggregate): Trade, Transportation, Accommodation and Food, and Business and Administrative Services","2022",12277.513,,,,"Repository: ILO-STATISTICS - Micro data processing"
"India","LFS - Periodic Labour Force Survey","Employment by sex, status in employment and economic activity (thousands)","Female","Status in employment (Aggregate): Total","Economic activity (Aggregate): Public Administration, Community, Social and other Services and Activities","2022",17207.317,,,,"Repository: ILO-STATISTICS - Micro data processing"
"India","LFS - Periodic Labour Force Survey","Employment by sex, status in employment and economic activity (thousands)","Other","Status in employment (Aggregate): Total","Economic activity (Aggregate): Total","2022",7.684,"Unreliable",,,"Repository: ILO-STATISTICS - Micro data processing"
"India","LFS - Periodic Labour Force Survey","Employment by sex, status in employment and economic activity (thousands)","Other","Status in employment (Aggregate): Total","Economic activity (Aggregate): Agriculture","2022",,"Unreliable",,,"Repository: ILO-STATISTICS - Micro data processing"
"India","LFS - Periodic Labour Force Survey","Employment by sex, status in employment and economic activity (thousands)","Other","Status in employment (Aggregate): Total","Economic activity (Aggregate): Trade, Transportation, Accommodation and Food, and Business and Administrative Services","2022",,"Unreliable",,,"Repository: ILO-STATISTICS - Micro data processing"
"India","LFS - Periodic Labour Force Survey","Employment by sex, status in employment and economic activity (thousands)","Other","Status in employment (Aggregate): Total","Economic activity (Aggregate): Public Administration, Community, Social and other Services and Activities","2022",,"Unreliable",,,"Repository: ILO-STATISTICS - Micro data processing"
"India","LFS - Periodic Labour Force Survey","Employment by sex, status in employment and economic activity (thousands)","Total","Status in employment (Aggregate): Total","Economic activity (Aggregate): Total","2021",406349.847,,,,"Repository: ILO-STATISTICS - Micro data processing"
"India","LFS - Periodic Labour Force Survey","Employment by sex, status in employment and economic activity (thousands)","Total","Status in employment (Aggregate): Total","Economic activity (Aggregate): Agriculture","2021",179115.733,,,,"Repository: ILO-STATISTICS - Micro data processing"
"India","LFS - Periodic Labour Force Survey","Employment by sex, status in employment and economic activity (thousands)","Total","Status in employment (Aggregate): Total","Economic activity (Aggregate): Manufacturing","2021",46866.523,,,,"Repository: ILO-STATISTICS - Micro data processing"
"India","LFS - Periodic Labour Force Survey","Employment by sex, status in employment and economic activity (thousands)","Total","Status in employment (Aggregate): Total","Economic activity (Aggregate): Construction","2021",48835.251,,,,"Repository: ILO-STATISTICS - Micro data processing"
"India","LFS - Periodic Labour Force Survey","Employment by sex, status in employment and economic activity (thousands)","Total","Status in employment (Aggregate): Total","Economic activity (Aggregate): Mining and quarrying; Electricity, gas and water supply","2021",3733.976,,,,"Repository: ILO-STATISTICS - Micro data processing"
"India","LFS - Periodic Labour Force Survey","Employment by sex, status in employment and economic activity (thousands)","Total","Status in employment (Aggregate): Total","Economic activity (Aggregate): Trade, Transportation, Accommodation and Food, and Business and Administrative Services","2021",89012.695,,,,"Repository: ILO-STATISTICS - Micro data processing"
"India","LFS - Periodic Labour Force Survey","Employment by sex, status in employment and economic activity (thousands)","Total","Status in employment (Aggregate): Total","Economic activity (Aggregate): Public Administration, Community, Social and other Services and Activities","2021",38785.669,,,,"Repository: ILO-STATISTICS - Micro data processing"
"India","LFS - Periodic Labour Force Survey","Employment by sex, status in employment and economic activity (thousands)","Male","Status in employment (Aggregate): Total","Economic activity (Aggregate): Total","2021",298123.562,,,,"Repository: ILO-STATISTICS - Micro data processing"
"India","LFS - Periodic Labour Force Survey","Employment by sex, status in employment and economic activity (thousands)","Male","Status in employment (Aggregate): Total","Economic activity (Aggregate): Agriculture","2021",115048.313,,,,"Repository: ILO-STATISTICS - Micro data processing"
"India","LFS - Periodic Labour Force Survey","Employment by sex, status in employment and economic activity (thousands)","Male","Status in employment (Aggregate): Total","Economic activity (Aggregate): Manufacturing","2021",34751.78,,,,"Repository: ILO-STATISTICS - Micro data processing"
"India","LFS - Periodic Labour Force Survey","Employment by sex, status in employment and economic activity (thousands)","Male","Status in employment (Aggregate): Total","Economic activity (Aggregate): Construction","2021",43555.739,,,,"Repository: ILO-STATISTICS - Micro data processing"
"India","LFS - Periodic Labour Force Survey","Employment by sex, status in employment and economic activity (thousands)","Male","Status in employment (Aggregate): Total","Economic activity (Aggregate): Mining and quarrying; Electricity, gas and water supply","2021",3430.719,,,,"Repository: ILO-STATISTICS - Micro data processing"
"India","LFS - Periodic Labour Force Survey","Employment by sex, status in employment and economic activity (thousands)","Male","Status in employment (Aggregate): Total","Economic activity (Aggregate): Trade, Transportation, Accommodation and Food, and Business and Administrative Services","2021",78432.42,,,,"Repository: ILO-STATISTICS - Micro data processing"
"India","LFS - Periodic Labour Force Survey","Employment by sex, status in employment and economic activity (thousands)","Male","Status in employment (Aggregate): Total","Economic activity (Aggregate): Public Administration, Community, Social and other Services and Activities","2021",22904.591,,,,"Repository: ILO-STATISTICS - Micro data processing"
"India","LFS - Periodic Labour Force Survey","Employment by sex, status in employment and economic activity (thousands)","Female","Status in employment (Aggregate): Total","Economic activity (Aggregate): Total","2021",108189.459,,,,"Repository: ILO-STATISTICS - Micro data processing"
"India","LFS - Periodic Labour Force Survey","Employment by sex, status in employment and economic activity (thousands)","Female","Status in employment (Aggregate): Total","Economic activity (Aggregate): Agriculture","2021",64054.854,,,,"Repository: ILO-STATISTICS - Micro data processing"
"India","LFS - Periodic Labour Force Survey","Employment by sex, status in employment and economic activity (thousands)","Female","Status in employment (Aggregate): Total","Economic activity (Aggregate): Manufacturing","2021",12110.649,,,,"Repository: ILO-STATISTICS - Micro data processing"
"India","LFS - Periodic Labour Force Survey","Employment by sex, status in employment and economic activity (thousands)","Female","Status in employment (Aggregate): Total","Economic activity (Aggregate): Construction","2021",5275.028,,,,"Repository: ILO-STATISTICS - Micro data processing"
"India","LFS - Periodic Labour Force Survey","Employment by sex, status in employment and economic activity (thousands)","Female","Status in employment (Aggregate): Total","Economic activity (Aggregate): Mining and quarrying; Electricity, gas and water supply","2021",303.257,,,,"Repository: ILO-STATISTICS - Micro data processing"
"India","LFS - Periodic Labour Force Survey","Employment by sex, status in employment and economic activity (thousands)","Female","Status in employment (Aggregate): Total","Economic activity (Aggregate): Trade, Transportation, Accommodation and Food, and Business and Administrative Services","2021",10571.633,,,,"Repository: ILO-STATISTICS - Micro data processing"
"India","LFS - Periodic Labour Force Survey","Employment by sex, status in employment and economic activity (thousands)","Female","Status in employment (Aggregate): Total","Economic activity (Aggregate): Public Administration, Community, Social and other Services and Activities","2021",15874.039,,,,"Repository: ILO-STATISTICS - Micro data processing"
"India","LFS - Periodic Labour Force Survey","Employment by sex, status in employment and economic activity (thousands)","Other","Status in employment (Aggregate): Total","Economic activity (Aggregate): Total","2021",36.826,,,,"Repository: ILO-STATISTICS - Micro data processing"
"India","LFS - Periodic Labour Force Survey","Employment by sex, status in employment and economic activity (thousands)","Other","Status in employment (Aggregate): Total","Economic activity (Aggregate): Agriculture","2021",12.567,"Unreliable",,,"Repository: ILO-STATISTICS - Micro data processing"
"India","LFS - Periodic Labour Force Survey","Employment by sex, status in employment and economic activity (thousands)","Other","Status in employment (Aggregate): Total","Economic activity (Aggregate): Manufacturing","2021",,"Unreliable",,,"Repository: ILO-STATISTICS - Micro data processing"
"India","LFS - Periodic Labour Force Survey","Employment by sex, status in employment and economic activity (thousands)","Other","Status in employment (Aggregate): Total","Economic activity (Aggregate): Construction","2021",,"Unreliable",,,"Repository: ILO-STATISTICS - Micro data processing"
"India","LFS - Periodic Labour Force Survey","Employment by sex, status in employment and economic activity (thousands)","Other","Status in employment (Aggregate): Total","Economic activity (Aggregate): Trade, Transportation, Accommodation and Food, and Business and Administrative Services","2021",,"Unreliable",,,"Repository: ILO-STATISTICS - Micro data processing"
"India","LFS - Periodic Labour Force Survey","Employment by sex, status in employment and economic activity (thousands)","Other","Status in employment (Aggregate): Total","Economic activity (Aggregate): Public Administration, Community, Social and other Services and Activities","2021",,"Unreliable",,,"Repository: ILO-STATISTICS - Micro data processing"
"India","LFS - Periodic Labour Force Survey","Employment by sex, status in employment and economic activity (thousands)","Total","Status in employment (Aggregate): Total","Economic activity (Aggregate): Total","2020",386824.866,,,,"Repository: ILO-STATISTICS - Micro data processing"
"India","LFS - Periodic Labour Force Survey","Employment by sex, status in employment and economic activity (thousands)","Total","Status in employment (Aggregate): Total","Economic activity (Aggregate): Agriculture","2020",172815.92,,,,"Repository: ILO-STATISTICS - Micro data processing"
"India","LFS - Periodic Labour Force Survey","Employment by sex, status in employment and economic activity (thousands)","Total","Status in employment (Aggregate): Total","Economic activity (Aggregate): Manufacturing","2020",43832.47,,,,"Repository: ILO-STATISTICS - Micro data processing"
"India","LFS - Periodic Labour Force Survey","Employment by sex, status in employment and economic activity (thousands)","Total","Status in employment (Aggregate): Total","Economic activity (Aggregate): Construction","2020",44137.454,,,,"Repository: ILO-STATISTICS - Micro data processing"
"India","LFS - Periodic Labour Force Survey","Employment by sex, status in employment and economic activity (thousands)","Total","Status in employment (Aggregate): Total","Economic activity (Aggregate): Mining and quarrying; Electricity, gas and water supply","2020",3721.687,,,,"Repository: ILO-STATISTICS - Micro data processing"
"India","LFS - Periodic Labour Force Survey","Employment by sex, status in employment and economic activity (thousands)","Total","Status in employment (Aggregate): Total","Economic activity (Aggregate): Trade, Transportation, Accommodation and Food, and Business and Administrative Services","2020",83011.082,,,,"Repository: ILO-STATISTICS - Micro data processing"
"India","LFS - Periodic Labour Force Survey","Employment by sex, status in employment and economic activity (thousands)","Total","Status in employment (Aggregate): Total","Economic activity (Aggregate): Public Administration, Community, Social and other Services and Activities","2020",39306.253,,,,"Repository: ILO-STATISTICS - Micro data processing"
"India","LFS - Periodic Labour Force Survey","Employment by sex, status in employment and economic activity (thousands)","Male","Status in employment (Aggregate): Total","Economic activity (Aggregate): Total","2020",286314.661,,,,"Repository: ILO-STATISTICS - Micro data processing"
"India","LFS - Periodic Labour Force Survey","Employment by sex, status in employment and economic activity (thousands)","Male","Status in employment (Aggregate): Total","Economic activity (Aggregate): Agriculture","2020",114585.507,,,,"Repository: ILO-STATISTICS - Micro data processing"
"India","LFS - Periodic Labour Force Survey","Employment by sex, status in employment and economic activity (thousands)","Male","Status in employment (Aggregate): Total","Economic activity (Aggregate): Manufacturing","2020",32507.389,,,,"Repository: ILO-STATISTICS - Micro data processing"
"India","LFS - Periodic Labour Force Survey","Employment by sex, status in employment and economic activity (thousands)","Male","Status in employment (Aggregate): Total","Economic activity (Aggregate): Construction","2020",38993.576,,,,"Repository: ILO-STATISTICS - Micro data processing"
"India","LFS - Periodic Labour Force Survey","Employment by sex, status in employment and economic activity (thousands)","Male","Status in employment (Aggregate): Total","Economic activity (Aggregate): Mining and quarrying; Electricity, gas and water supply","2020",3472.482,,,,"Repository: ILO-STATISTICS - Micro data processing"
"India","LFS - Periodic Labour Force Survey","Employment by sex, status in employment and economic activity (thousands)","Male","Status in employment (Aggregate): Total","Economic activity (Aggregate): Trade, Transportation, Accommodation and Food, and Business and Administrative Services","2020",72986.184,,,,"Repository: ILO-STATISTICS - Micro data processing"
"India","LFS - Periodic Labour Force Survey","Employment by sex, status in employment and economic activity (thousands)","Male","Status in employment (Aggregate): Total","Economic activity (Aggregate): Public Administration, Community, Social and other Services and Activities","2020",23769.524,,,,"Repository: ILO-STATISTICS - Micro data processing"
"India","LFS - Periodic Labour Force Survey","Employment by sex, status in employment and economic activity (thousands)","Female","Status in employment (Aggregate): Total","Economic activity (Aggregate): Total","2020",100431.592,,,,"Repository: ILO-STATISTICS - Micro data processing"
"India","LFS - Periodic Labour Force Survey","Employment by sex, status in employment and economic activity (thousands)","Female","Status in employment (Aggregate): Total","Economic activity (Aggregate): Agriculture","2020",58199.133,,,,"Repository: ILO-STATISTICS - Micro data processing"
"India","LFS - Periodic Labour Force Survey","Employment by sex, status in employment and economic activity (thousands)","Female","Status in employment (Aggregate): Total","Economic activity (Aggregate): Manufacturing","2020",11317.005,,,,"Repository: ILO-STATISTICS - Micro data processing"
"India","LFS - Periodic Labour Force Survey","Employment by sex, status in employment and economic activity (thousands)","Female","Status in employment (Aggregate): Total","Economic activity (Aggregate): Construction","2020",5143.766,,,,"Repository: ILO-STATISTICS - Micro data processing"
"India","LFS - Periodic Labour Force Survey","Employment by sex, status in employment and economic activity (thousands)","Female","Status in employment (Aggregate): Total","Economic activity (Aggregate): Mining and quarrying; Electricity, gas and water supply","2020",249.205,,,,"Repository: ILO-STATISTICS - Micro data processing"
"India","LFS - Periodic Labour Force Survey","Employment by sex, status in employment and economic activity (thousands)","Female","Status in employment (Aggregate): Total","Economic activity (Aggregate): Trade, Transportation, Accommodation and Food, and Business and Administrative Services","2020",9986.359,,,,"Repository: ILO-STATISTICS - Micro data processing"
"India","LFS - Periodic Labour Force Survey","Employment by sex, status in employment and economic activity (thousands)","Female","Status in employment (Aggregate): Total","Economic activity (Aggregate): Public Administration, Community, Social and other Services and Activities","2020",15536.124,,,,"Repository: ILO-STATISTICS - Micro data processing"
"India","LFS - Periodic Labour Force Survey","Employment by sex, status in employment and economic activity (thousands)","Other","Status in employment (Aggregate): Total","Economic activity (Aggregate): Total","2020",78.612,,,,"Repository: ILO-STATISTICS - Micro data processing"
"India","LFS - Periodic Labour Force Survey","Employment by sex, status in employment and economic activity (thousands)","Other","Status in employment (Aggregate): Total","Economic activity (Aggregate): Agriculture","2020",31.281,"Unreliable",,,"Repository: ILO-STATISTICS - Micro data processing"
"India","LFS - Periodic Labour Force Survey","Employment by sex, status in employment and economic activity (thousands)","Other","Status in employment (Aggregate): Total","Economic activity (Aggregate): Manufacturing","2020",,"Unreliable",,,"Repository: ILO-STATISTICS - Micro data processing"
"India","LFS - Periodic Labour Force Survey","Employment by sex, status in employment and economic activity (thousands)","Other","Status in employment (Aggregate): Total","Economic activity (Aggregate): Construction","2020",,"Unreliable",,,"Repository: ILO-STATISTICS - Micro data processing"
"India","LFS - Periodic Labour Force Survey","Employment by sex, status in employment and economic activity (thousands)","Other","Status in employment (Aggregate): Total","Economic activity (Aggregate): Trade, Transportation, Accommodation and Food, and Business and Administrative Services","2020",38.539,"Unreliable",,,"Repository: ILO-STATISTICS - Micro data processing"
"India","LFS - Periodic Labour Force Survey","Employment by sex, status in employment and economic activity (thousands)","Other","Status in employment (Aggregate): Total","Economic activity (Aggregate): Public Administration, Community, Social and other Services and Activities","2020",,"Unreliable",,,"Repository: ILO-STATISTICS - Micro data processing"
"India","LFS - Periodic Labour Force Survey","Employment by sex, status in employment and economic activity (thousands)","Total","Status in employment (Aggregate): Total","Economic activity (Aggregate): Total","2019",379952.36,,,,"Repository: ILO-STATISTICS - Micro data processing"
"India","LFS - Periodic Labour Force Survey","Employment by sex, status in employment and economic activity (thousands)","Total","Status in employment (Aggregate): Total","Economic activity (Aggregate): Agriculture","2019",154457.524,,,,"Repository: ILO-STATISTICS - Micro data processing"
"India","LFS - Periodic Labour Force Survey","Employment by sex, status in employment and economic activity (thousands)","Total","Status in employment (Aggregate): Total","Economic activity (Aggregate): Manufacturing","2019",46833.358,,,,"Repository: ILO-STATISTICS - Micro data processing"
"India","LFS - Periodic Labour Force Survey","Employment by sex, status in employment and economic activity (thousands)","Total","Status in employment (Aggregate): Total","Economic activity (Aggregate): Construction","2019",45526.465,,,,"Repository: ILO-STATISTICS - Micro data processing"
"India","LFS - Periodic Labour Force Survey","Employment by sex, status in employment and economic activity (thousands)","Total","Status in employment (Aggregate): Total","Economic activity (Aggregate): Mining and quarrying; Electricity, gas and water supply","2019",3582.366,,,,"Repository: ILO-STATISTICS - Micro data processing"
"India","LFS - Periodic Labour Force Survey","Employment by sex, status in employment and economic activity (thousands)","Total","Status in employment (Aggregate): Total","Economic activity (Aggregate): Trade, Transportation, Accommodation and Food, and Business and Administrative Services","2019",88184.647,,,,"Repository: ILO-STATISTICS - Micro data processing"
"India","LFS - Periodic Labour Force Survey","Employment by sex, status in employment and economic activity (thousands)","Total","Status in employment (Aggregate): Total","Economic activity (Aggregate): Public Administration, Community, Social and other Services and Activities","2019",41368,,,,"Repository: ILO-STATISTICS - Micro data processing"
"India","LFS - Periodic Labour Force Survey","Employment by sex, status in employment and economic activity (thousands)","Male","Status in employment (Aggregate): Total","Economic activity (Aggregate): Total","2019",287110.456,,,,"Repository: ILO-STATISTICS - Micro data processing"
"India","LFS - Periodic Labour Force Survey","Employment by sex, status in employment and economic activity (thousands)","Male","Status in employment (Aggregate): Total","Economic activity (Aggregate): Agriculture","2019",105771.288,,,,"Repository: ILO-STATISTICS - Micro data processing"
"India","LFS - Periodic Labour Force Survey","Employment by sex, status in employment and economic activity (thousands)","Male","Status in employment (Aggregate): Total","Economic activity (Aggregate): Manufacturing","2019",34298.427,,,,"Repository: ILO-STATISTICS - Micro data processing"
"India","LFS - Periodic Labour Force Survey","Employment by sex, status in employment and economic activity (thousands)","Male","Status in employment (Aggregate): Total","Economic activity (Aggregate): Construction","2019",40571.719,,,,"Repository: ILO-STATISTICS - Micro data processing"
"India","LFS - Periodic Labour Force Survey","Employment by sex, status in employment and economic activity (thousands)","Male","Status in employment (Aggregate): Total","Economic activity (Aggregate): Mining and quarrying; Electricity, gas and water supply","2019",3125.481,,,,"Repository: ILO-STATISTICS - Micro data processing"
"India","LFS - Periodic Labour Force Survey","Employment by sex, status in employment and economic activity (thousands)","Male","Status in employment (Aggregate): Total","Economic activity (Aggregate): Trade, Transportation, Accommodation and Food, and Business and Administrative Services","2019",78122.447,,,,"Repository: ILO-STATISTICS - Micro data processing"
"India","LFS - Periodic Labour Force Survey","Employment by sex, status in employment and economic activity (thousands)","Male","Status in employment (Aggregate): Total","Economic activity (Aggregate): Public Administration, Community, Social and other Services and Activities","2019",25221.092,,,,"Repository: ILO-STATISTICS - Micro data processing"
"India","LFS - Periodic Labour Force Survey","Employment by sex, status in employment and economic activity (thousands)","Female","Status in employment (Aggregate): Total","Economic activity (Aggregate): Total","2019",92743.911,,,,"Repository: ILO-STATISTICS - Micro data processing"
"India","LFS - Periodic Labour Force Survey","Employment by sex, status in employment and economic activity (thousands)","Female","Status in employment (Aggregate): Total","Economic activity (Aggregate): Agriculture","2019",48616.935,,,,"Repository: ILO-STATISTICS - Micro data processing"
"India","LFS - Periodic Labour Force Survey","Employment by sex, status in employment and economic activity (thousands)","Female","Status in employment (Aggregate): Total","Economic activity (Aggregate): Manufacturing","2019",12534.93,,,,"Repository: ILO-STATISTICS - Micro data processing"
"India","LFS - Periodic Labour Force Survey","Employment by sex, status in employment and economic activity (thousands)","Female","Status in employment (Aggregate): Total","Economic activity (Aggregate): Construction","2019",4946.713,,,,"Repository: ILO-STATISTICS - Micro data processing"
"India","LFS - Periodic Labour Force Survey","Employment by sex, status in employment and economic activity (thousands)","Female","Status in employment (Aggregate): Total","Economic activity (Aggregate): Mining and quarrying; Electricity, gas and water supply","2019",456.885,,,,"Repository: ILO-STATISTICS - Micro data processing"
"India","LFS - Periodic Labour Force Survey","Employment by sex, status in employment and economic activity (thousands)","Female","Status in employment (Aggregate): Total","Economic activity (Aggregate): Trade, Transportation, Accommodation and Food, and Business and Administrative Services","2019",10053.672,,,,"Repository: ILO-STATISTICS - Micro data processing"
"India","LFS - Periodic Labour Force Survey","Employment by sex, status in employment and economic activity (thousands)","Female","Status in employment (Aggregate): Total","Economic activity (Aggregate): Public Administration, Community, Social and other Services and Activities","2019",16134.776,,,,"Repository: ILO-STATISTICS - Micro data processing"
"India","LFS - Periodic Labour Force Survey","Employment by sex, status in employment and economic activity (thousands)","Other","Status in employment (Aggregate): Total","Economic activity (Aggregate): Total","2019",97.994,,,,"Repository: ILO-STATISTICS - Micro data processing"
"India","LFS - Periodic Labour Force Survey","Employment by sex, status in employment and economic activity (thousands)","Other","Status in employment (Aggregate): Total","Economic activity (Aggregate): Agriculture","2019",69.302,"Unreliable",,,"Repository: ILO-STATISTICS - Micro data processing"
"India","LFS - Periodic Labour Force Survey","Employment by sex, status in employment and economic activity (thousands)","Other","Status in employment (Aggregate): Total","Economic activity (Aggregate): Construction","2019",,"Unreliable",,,"Repository: ILO-STATISTICS - Micro data processing"
"India","LFS - Periodic Labour Force Survey","Employment by sex, status in employment and economic activity (thousands)","Other","Status in employment (Aggregate): Total","Economic activity (Aggregate): Trade, Transportation, Accommodation and Food, and Business and Administrative Services","2019",8.527,"Unreliable",,,"Repository: ILO-STATISTICS - Micro data processing"
"India","LFS - Periodic Labour Force Survey","Employment by sex, status in employment and economic activity (thousands)","Other","Status in employment (Aggregate): Total","Economic activity (Aggregate): Public Administration, Community, Social and other Services and Activities","2019",12.132,"Unreliable",,,"Repository: ILO-STATISTICS - Micro data processing"
"India","LFS - Periodic Labour Force Survey","Employment by sex, status in employment and economic activity (thousands)","Total","Status in employment (Aggregate): Total","Economic activity (Aggregate): Total","2018",347379.145,,,,"Repository: ILO-STATISTICS - Micro data processing"
"India","LFS - Periodic Labour Force Survey","Employment by sex, status in employment and economic activity (thousands)","Total","Status in employment (Aggregate): Total","Economic activity (Aggregate): Agriculture","2018",143450.206,,,,"Repository: ILO-STATISTICS - Micro data processing"
"India","LFS - Periodic Labour Force Survey","Employment by sex, status in employment and economic activity (thousands)","Total","Status in employment (Aggregate): Total","Economic activity (Aggregate): Manufacturing","2018",43390.908,,,,"Repository: ILO-STATISTICS - Micro data processing"
"India","LFS - Periodic Labour Force Survey","Employment by sex, status in employment and economic activity (thousands)","Total","Status in employment (Aggregate): Total","Economic activity (Aggregate): Construction","2018",41067.545,,,,"Repository: ILO-STATISTICS - Micro data processing"
"India","LFS - Periodic Labour Force Survey","Employment by sex, status in employment and economic activity (thousands)","Total","Status in employment (Aggregate): Total","Economic activity (Aggregate): Mining and quarrying; Electricity, gas and water supply","2018",3657.299,,,,"Repository: ILO-STATISTICS - Micro data processing"
"India","LFS - Periodic Labour Force Survey","Employment by sex, status in employment and economic activity (thousands)","Total","Status in employment (Aggregate): Total","Economic activity (Aggregate): Trade, Transportation, Accommodation and Food, and Business and Administrative Services","2018",78038.775,,,,"Repository: ILO-STATISTICS - Micro data processing"
"India","LFS - Periodic Labour Force Survey","Employment by sex, status in employment and economic activity (thousands)","Total","Status in employment (Aggregate): Total","Economic activity (Aggregate): Public Administration, Community, Social and other Services and Activities","2018",37774.412,,,,"Repository: ILO-STATISTICS - Micro data processing"
"India","LFS - Periodic Labour Force Survey","Employment by sex, status in employment and economic activity (thousands)","Male","Status in employment (Aggregate): Total","Economic activity (Aggregate): Total","2018",272384.529,,,,"Repository: ILO-STATISTICS - Micro data processing"
"India","LFS - Periodic Labour Force Survey","Employment by sex, status in employment and economic activity (thousands)","Male","Status in employment (Aggregate): Total","Economic activity (Aggregate): Agriculture","2018",105053.037,,,,"Repository: ILO-STATISTICS - Micro data processing"
"India","LFS - Periodic Labour Force Survey","Employment by sex, status in employment and economic activity (thousands)","Male","Status in employment (Aggregate): Total","Economic activity (Aggregate): Manufacturing","2018",32958.034,,,,"Repository: ILO-STATISTICS - Micro data processing"
"India","LFS - Periodic Labour Force Survey","Employment by sex, status in employment and economic activity (thousands)","Male","Status in employment (Aggregate): Total","Economic activity (Aggregate): Construction","2018",37540.723,,,,"Repository: ILO-STATISTICS - Micro data processing"
"India","LFS - Periodic Labour Force Survey","Employment by sex, status in employment and economic activity (thousands)","Male","Status in employment (Aggregate): Total","Economic activity (Aggregate): Mining and quarrying; Electricity, gas and water supply","2018",3390.528,,,,"Repository: ILO-STATISTICS - Micro data processing"
"India","LFS - Periodic Labour Force Survey","Employment by sex, status in employment and economic activity (thousands)","Male","Status in employment (Aggregate): Total","Economic activity (Aggregate): Trade, Transportation, Accommodation and Food, and Business and Administrative Services","2018",69903.307,,,,"Repository: ILO-STATISTICS - Micro data processing"
"India","LFS - Periodic Labour Force Survey","Employment by sex, status in employment and economic activity (thousands)","Male","Status in employment (Aggregate): Total","Economic activity (Aggregate): Public Administration, Community, Social and other Services and Activities","2018",23538.898,,,,"Repository: ILO-STATISTICS - Micro data processing"
"India","LFS - Periodic Labour Force Survey","Employment by sex, status in employment and economic activity (thousands)","Female","Status in employment (Aggregate): Total","Economic activity (Aggregate): Total","2018",74952.427,,,,"Repository: ILO-STATISTICS - Micro data processing"
"India","LFS - Periodic Labour Force Survey","Employment by sex, status in employment and economic activity (thousands)","Female","Status in employment (Aggregate): Total","Economic activity (Aggregate): Agriculture","2018",38385.442,,,,"Repository: ILO-STATISTICS - Micro data processing"
"India","LFS - Periodic Labour Force Survey","Employment by sex, status in employment and economic activity (thousands)","Female","Status in employment (Aggregate): Total","Economic activity (Aggregate): Manufacturing","2018",10429.164,,,,"Repository: ILO-STATISTICS - Micro data processing"
"India","LFS - Periodic Labour Force Survey","Employment by sex, status in employment and economic activity (thousands)","Female","Status in employment (Aggregate): Total","Economic activity (Aggregate): Construction","2018",3526.823,,,,"Repository: ILO-STATISTICS - Micro data processing"
"India","LFS - Periodic Labour Force Survey","Employment by sex, status in employment and economic activity (thousands)","Female","Status in employment (Aggregate): Total","Economic activity (Aggregate): Mining and quarrying; Electricity, gas and water supply","2018",266.77,,,,"Repository: ILO-STATISTICS - Micro data processing"
"India","LFS - Periodic Labour Force Survey","Employment by sex, status in employment and economic activity (thousands)","Female","Status in employment (Aggregate): Total","Economic activity (Aggregate): Trade, Transportation, Accommodation and Food, and Business and Administrative Services","2018",8132.859,,,,"Repository: ILO-STATISTICS - Micro data processing"
"India","LFS - Periodic Labour Force Survey","Employment by sex, status in employment and economic activity (thousands)","Female","Status in employment (Aggregate): Total","Economic activity (Aggregate): Public Administration, Community, Social and other Services and Activities","2018",14211.37,,,,"Repository: ILO-STATISTICS - Micro data processing"
"India","LFS - Periodic Labour Force Survey","Employment by sex, status in employment and economic activity (thousands)","Other","Status in employment (Aggregate): Total","Economic activity (Aggregate): Total","2018",42.19,"Unreliable",,,"Repository: ILO-STATISTICS - Micro data processing"
"India","LFS - Periodic Labour Force Survey","Employment by sex, status in employment and economic activity (thousands)","Other","Status in employment (Aggregate): Total","Economic activity (Aggregate): Agriculture","2018",,"Unreliable",,,"Repository: ILO-STATISTICS - Micro data processing"
"India","LFS - Periodic Labour Force Survey","Employment by sex, status in employment and economic activity (thousands)","Other","Status in employment (Aggregate): Total","Economic activity (Aggregate): Manufacturing","2018",,"Unreliable",,,"Repository: ILO-STATISTICS - Micro data processing"
"India","LFS - Periodic Labour Force Survey","Employment by sex, status in employment and economic activity (thousands)","Other","Status in employment (Aggregate): Total","Economic activity (Aggregate): Trade, Transportation, Accommodation and Food, and Business and Administrative Services","2018",,"Unreliable",,,"Repository: ILO-STATISTICS - Micro data processing"
"India","LFS - Periodic Labour Force Survey","Employment by sex, status in employment and economic activity (thousands)","Other","Status in employment (Aggregate): Total","Economic activity (Aggregate): Public Administration, Community, Social and other Services and Activities","2018",24.144,"Unreliable",,,"Repository: ILO-STATISTICS - Micro data processing"
"India","HS - National Sample Survey","Employment by sex, status in employment and economic activity (thousands)","Total","Status in employment (Aggregate): Total","Economic activity (Aggregate): Total","2012",394554.396,,,,"Repository: ILO-STATISTICS - Micro data processing"
"India","HS - National Sample Survey","Employment by sex, status in employment and economic activity (thousands)","Total","Status in employment (Aggregate): Total","Economic activity (Aggregate): Agriculture","2012",184919.818,,,,"Repository: ILO-STATISTICS - Micro data processing"
"India","HS - National Sample Survey","Employment by sex, status in employment and economic activity (thousands)","Total","Status in employment (Aggregate): Total","Economic activity (Aggregate): Manufacturing","2012",50716.408,,,,"Repository: ILO-STATISTICS - Micro data processing"
"India","HS - National Sample Survey","Employment by sex, status in employment and economic activity (thousands)","Total","Status in employment (Aggregate): Total","Economic activity (Aggregate): Construction","2012",41814.441,,,,"Repository: ILO-STATISTICS - Micro data processing"
"India","HS - National Sample Survey","Employment by sex, status in employment and economic activity (thousands)","Total","Status in employment (Aggregate): Total","Economic activity (Aggregate): Mining and quarrying; Electricity, gas and water supply","2012",4437.22,,,,"Repository: ILO-STATISTICS - Micro data processing"
"India","HS - National Sample Survey","Employment by sex, status in employment and economic activity (thousands)","Total","Status in employment (Aggregate): Total","Economic activity (Aggregate): Trade, Transportation, Accommodation and Food, and Business and Administrative Services","2012",74748.446,,,,"Repository: ILO-STATISTICS - Micro data processing"
"India","HS - National Sample Survey","Employment by sex, status in employment and economic activity (thousands)","Total","Status in employment (Aggregate): Total","Economic activity (Aggregate): Public Administration, Community, Social and other Services and Activities","2012",36073.55,,,,"Repository: ILO-STATISTICS - Micro data processing"
"India","HS - National Sample Survey","Employment by sex, status in employment and economic activity (thousands)","Total","Status in employment (Aggregate): Total","Economic activity (Aggregate): Not classified","2012",1844.514,,,,"Repository: ILO-STATISTICS - Micro data processing"
"India","HS - National Sample Survey","Employment by sex, status in employment and economic activity (thousands)","Male","Status in employment (Aggregate): Total","Economic activity (Aggregate): Total","2012",295878.877,,,,"Repository: ILO-STATISTICS - Micro data processing"
"India","HS - National Sample Survey","Employment by sex, status in employment and economic activity (thousands)","Male","Status in employment (Aggregate): Total","Economic activity (Aggregate): Agriculture","2012",126417.332,,,,"Repository: ILO-STATISTICS - Micro data processing"
"India","HS - National Sample Survey","Employment by sex, status in employment and economic activity (thousands)","Male","Status in employment (Aggregate): Total","Economic activity (Aggregate): Manufacturing","2012",36543.799,,,,"Repository: ILO-STATISTICS - Micro data processing"
"India","HS - National Sample Survey","Employment by sex, status in employment and economic activity (thousands)","Male","Status in employment (Aggregate): Total","Economic activity (Aggregate): Construction","2012",36197.201,,,,"Repository: ILO-STATISTICS - Micro data processing"
"India","HS - National Sample Survey","Employment by sex, status in employment and economic activity (thousands)","Male","Status in employment (Aggregate): Total","Economic activity (Aggregate): Mining and quarrying; Electricity, gas and water supply","2012",3848.111,,,,"Repository: ILO-STATISTICS - Micro data processing"
"India","HS - National Sample Survey","Employment by sex, status in employment and economic activity (thousands)","Male","Status in employment (Aggregate): Total","Economic activity (Aggregate): Trade, Transportation, Accommodation and Food, and Business and Administrative Services","2012",67462.726,,,,"Repository: ILO-STATISTICS - Micro data processing"
"India","HS - National Sample Survey","Employment by sex, status in employment and economic activity (thousands)","Male","Status in employment (Aggregate): Total","Economic activity (Aggregate): Public Administration, Community, Social and other Services and Activities","2012",24126.667,,,,"Repository: ILO-STATISTICS - Micro data processing"
"India","HS - National Sample Survey","Employment by sex, status in employment and economic activity (thousands)","Male","Status in employment (Aggregate): Total","Economic activity (Aggregate): Not classified","2012",1283.042,,,,"Repository: ILO-STATISTICS - Micro data processing"
"India","HS - National Sample Survey","Employment by sex, status in employment and economic activity (thousands)","Female","Status in employment (Aggregate): Total","Economic activity (Aggregate): Total","2012",98675.519,,,,"Repository: ILO-STATISTICS - Micro data processing"
"India","HS - National Sample Survey","Employment by sex, status in employment and economic activity (thousands)","Female","Status in employment (Aggregate): Total","Economic activity (Aggregate): Agriculture","2012",58502.486,,,,"Repository: ILO-STATISTICS - Micro data processing"
"India","HS - National Sample Survey","Employment by sex, status in employment and economic activity (thousands)","Female","Status in employment (Aggregate): Total","Economic activity (Aggregate): Manufacturing","2012",14172.608,,,,"Repository: ILO-STATISTICS - Micro data processing"
"India","HS - National Sample Survey","Employment by sex, status in employment and economic activity (thousands)","Female","Status in employment (Aggregate): Total","Economic activity (Aggregate): Construction","2012",5617.24,,,,"Repository: ILO-STATISTICS - Micro data processing"
"India","HS - National Sample Survey","Employment by sex, status in employment and economic activity (thousands)","Female","Status in employment (Aggregate): Total","Economic activity (Aggregate): Mining and quarrying; Electricity, gas and water supply","2012",589.109,,,,"Repository: ILO-STATISTICS - Micro data processing"
"India","HS - National Sample Survey","Employment by sex, status in employment and economic activity (thousands)","Female","Status in employment (Aggregate): Total","Economic activity (Aggregate): Trade, Transportation, Accommodation and Food, and Business and Administrative Services","2012",7285.72,,,,"Repository: ILO-STATISTICS - Micro data processing"
"India","HS - National Sample Survey","Employment by sex, status in employment and economic activity (thousands)","Female","Status in employment (Aggregate): Total","Economic activity (Aggregate): Public Administration, Community, Social and other Services and Activities","2012",11946.883,,,,"Repository: ILO-STATISTICS - Micro data processing"
"India","HS - National Sample Survey","Employment by sex, status in employment and economic activity (thousands)","Female","Status in employment (Aggregate): Total","Economic activity (Aggregate): Not classified","2012",561.472,,,,"Repository: ILO-STATISTICS - Micro data processing"
"India","HS - National Sample Survey","Employment by sex, status in employment and economic activity (thousands)","Total","Status in employment (Aggregate): Total","Economic activity (Aggregate): Total","2010",375343.78,,,,"Repository: ILO-STATISTICS - Micro data processing"
"India","HS - National Sample Survey","Employment by sex, status in employment and economic activity (thousands)","Total","Status in employment (Aggregate): Total","Economic activity (Aggregate): Agriculture","2010",191095.574,,,,"Repository: ILO-STATISTICS - Micro data processing"
"India","HS - National Sample Survey","Employment by sex, status in employment and economic activity (thousands)","Total","Status in employment (Aggregate): Total","Economic activity (Aggregate): Manufacturing","2010",42495.125,,,,"Repository: ILO-STATISTICS - Micro data processing"
"India","HS - National Sample Survey","Employment by sex, status in employment and economic activity (thousands)","Total","Status in employment (Aggregate): Total","Economic activity (Aggregate): Construction","2010",37264.21,,,,"Repository: ILO-STATISTICS - Micro data processing"
"India","HS - National Sample Survey","Employment by sex, status in employment and economic activity (thousands)","Total","Status in employment (Aggregate): Total","Economic activity (Aggregate): Mining and quarrying; Electricity, gas and water supply","2010",3997.893,,,,"Repository: ILO-STATISTICS - Micro data processing"
"India","HS - National Sample Survey","Employment by sex, status in employment and economic activity (thousands)","Total","Status in employment (Aggregate): Total","Economic activity (Aggregate): Trade, Transportation, Accommodation and Food, and Business and Administrative Services","2010",67783.724,,,,"Repository: ILO-STATISTICS - Micro data processing"
"India","HS - National Sample Survey","Employment by sex, status in employment and economic activity (thousands)","Total","Status in employment (Aggregate): Total","Economic activity (Aggregate): Public Administration, Community, Social and other Services and Activities","2010",31649.159,,,,"Repository: ILO-STATISTICS - Micro data processing"
"India","HS - National Sample Survey","Employment by sex, status in employment and economic activity (thousands)","Total","Status in employment (Aggregate): Total","Economic activity (Aggregate): Not classified","2010",1058.094,,,,"Repository: ILO-STATISTICS - Micro data processing"
"India","HS - National Sample Survey","Employment by sex, status in employment and economic activity (thousands)","Male","Status in employment (Aggregate): Total","Economic activity (Aggregate): Total","2010",278750.984,,,,"Repository: ILO-STATISTICS - Micro data processing"
"India","HS - National Sample Survey","Employment by sex, status in employment and economic activity (thousands)","Male","Status in employment (Aggregate): Total","Economic activity (Aggregate): Agriculture","2010",128282.387,,,,"Repository: ILO-STATISTICS - Micro data processing"
"India","HS - National Sample Survey","Employment by sex, status in employment and economic activity (thousands)","Male","Status in employment (Aggregate): Total","Economic activity (Aggregate): Manufacturing","2010",31259.292,,,,"Repository: ILO-STATISTICS - Micro data processing"
"India","HS - National Sample Survey","Employment by sex, status in employment and economic activity (thousands)","Male","Status in employment (Aggregate): Total","Economic activity (Aggregate): Construction","2010",31963.755,,,,"Repository: ILO-STATISTICS - Micro data processing"
"India","HS - National Sample Survey","Employment by sex, status in employment and economic activity (thousands)","Male","Status in employment (Aggregate): Total","Economic activity (Aggregate): Mining and quarrying; Electricity, gas and water supply","2010",3441.791,,,,"Repository: ILO-STATISTICS - Micro data processing"
"India","HS - National Sample Survey","Employment by sex, status in employment and economic activity (thousands)","Male","Status in employment (Aggregate): Total","Economic activity (Aggregate): Trade, Transportation, Accommodation and Food, and Business and Administrative Services","2010",61695.042,,,,"Repository: ILO-STATISTICS - Micro data processing"
"India","HS - National Sample Survey","Employment by sex, status in employment and economic activity (thousands)","Male","Status in employment (Aggregate): Total","Economic activity (Aggregate): Public Administration, Community, Social and other Services and Activities","2010",21407.635,,,,"Repository: ILO-STATISTICS - Micro data processing"
"India","HS - National Sample Survey","Employment by sex, status in employment and economic activity (thousands)","Male","Status in employment (Aggregate): Total","Economic activity (Aggregate): Not classified","2010",701.082,,,,"Repository: ILO-STATISTICS - Micro data processing"
"India","HS - National Sample Survey","Employment by sex, status in employment and economic activity (thousands)","Female","Status in employment (Aggregate): Total","Economic activity (Aggregate): Total","2010",96592.796,,,,"Repository: ILO-STATISTICS - Micro data processing"
"India","HS - National Sample Survey","Employment by sex, status in employment and economic activity (thousands)","Female","Status in employment (Aggregate): Total","Economic activity (Aggregate): Agriculture","2010",62813.188,,,,"Repository: ILO-STATISTICS - Micro data processing"
"India","HS - National Sample Survey","Employment by sex, status in employment and economic activity (thousands)","Female","Status in employment (Aggregate): Total","Economic activity (Aggregate): Manufacturing","2010",11235.833,,,,"Repository: ILO-STATISTICS - Micro data processing"
"India","HS - National Sample Survey","Employment by sex, status in employment and economic activity (thousands)","Female","Status in employment (Aggregate): Total","Economic activity (Aggregate): Construction","2010",5300.454,,,,"Repository: ILO-STATISTICS - Micro data processing"
"India","HS - National Sample Survey","Employment by sex, status in employment and economic activity (thousands)","Female","Status in employment (Aggregate): Total","Economic activity (Aggregate): Mining and quarrying; Electricity, gas and water supply","2010",556.103,,,,"Repository: ILO-STATISTICS - Micro data processing"
"India","HS - National Sample Survey","Employment by sex, status in employment and economic activity (thousands)","Female","Status in employment (Aggregate): Total","Economic activity (Aggregate): Trade, Transportation, Accommodation and Food, and Business and Administrative Services","2010",6088.683,,,,"Repository: ILO-STATISTICS - Micro data processing"
"India","HS - National Sample Survey","Employment by sex, status in employment and economic activity (thousands)","Female","Status in employment (Aggregate): Total","Economic activity (Aggregate): Public Administration, Community, Social and other Services and Activities","2010",10241.524,,,,"Repository: ILO-STATISTICS - Micro data processing"
"India","HS - National Sample Survey","Employment by sex, status in employment and economic activity (thousands)","Female","Status in employment (Aggregate): Total","Economic activity (Aggregate): Not classified","2010",357.012,,,,"Repository: ILO-STATISTICS - Micro data processing"
"India","HS - National Sample Survey","Employment by sex, status in employment and economic activity (thousands)","Total","Status in employment (Aggregate): Total","Economic activity (Aggregate): Total","2005",373284.449,,,,"Repository: ILO-STATISTICS - Micro data processing | Data reference period: Noncalendar year"
"India","HS - National Sample Survey","Employment by sex, status in employment and economic activity (thousands)","Total","Status in employment (Aggregate): Total","Economic activity (Aggregate): Agriculture","2005",191370.946,,,,"Repository: ILO-STATISTICS - Micro data processing | Data reference period: Noncalendar year"
"India","HS - National Sample Survey","Employment by sex, status in employment and economic activity (thousands)","Total","Status in employment (Aggregate): Total","Economic activity (Aggregate): Manufacturing","2005",41801.784,,,,"Repository: ILO-STATISTICS - Micro data processing | Data reference period: Noncalendar year"
"India","HS - National Sample Survey","Employment by sex, status in employment and economic activity (thousands)","Total","Status in employment (Aggregate): Total","Economic activity (Aggregate): Construction","2005",21013.047,,,,"Repository: ILO-STATISTICS - Micro data processing | Data reference period: Noncalendar year"
"India","HS - National Sample Survey","Employment by sex, status in employment and economic activity (thousands)","Total","Status in employment (Aggregate): Total","Economic activity (Aggregate): Mining and quarrying; Electricity, gas and water supply","2005",3274.848,,,,"Repository: ILO-STATISTICS - Micro data processing | Data reference period: Noncalendar year"
"India","HS - National Sample Survey","Employment by sex, status in employment and economic activity (thousands)","Total","Status in employment (Aggregate): Total","Economic activity (Aggregate): Trade, Transportation, Accommodation and Food, and Business and Administrative Services","2005",60717.105,,,,"Repository: ILO-STATISTICS - Micro data processing | Data reference period: Noncalendar year"
"India","HS - National Sample Survey","Employment by sex, status in employment and economic activity (thousands)","Total","Status in employment (Aggregate): Total","Economic activity (Aggregate): Public Administration, Community, Social and other Services and Activities","2005",29640.129,,,,"Repository: ILO-STATISTICS - Micro data processing | Data reference period: Noncalendar year"
"India","HS - National Sample Survey","Employment by sex, status in employment and economic activity (thousands)","Total","Status in employment (Aggregate): Total","Economic activity (Aggregate): Not classified","2005",25466.588,,,,"Repository: ILO-STATISTICS - Micro data processing | Data reference period: Noncalendar year"
"India","HS - National Sample Survey","Employment by sex, status in employment and economic activity (thousands)","Male","Status in employment (Aggregate): Total","Economic activity (Aggregate): Total","2005",260038.435,,,,"Repository: ILO-STATISTICS - Micro data processing | Data reference period: Noncalendar year"
"India","HS - National Sample Survey","Employment by sex, status in employment and economic activity (thousands)","Male","Status in employment (Aggregate): Total","Economic activity (Aggregate): Agriculture","2005",128674.689,,,,"Repository: ILO-STATISTICS - Micro data processing | Data reference period: Noncalendar year"
"India","HS - National Sample Survey","Employment by sex, status in employment and economic activity (thousands)","Male","Status in employment (Aggregate): Total","Economic activity (Aggregate): Manufacturing","2005",31176.902,,,,"Repository: ILO-STATISTICS - Micro data processing | Data reference period: Noncalendar year"
"India","HS - National Sample Survey","Employment by sex, status in employment and economic activity (thousands)","Male","Status in employment (Aggregate): Total","Economic activity (Aggregate): Construction","2005",19020.597,,,,"Repository: ILO-STATISTICS - Micro data processing | Data reference period: Noncalendar year"
"India","HS - National Sample Survey","Employment by sex, status in employment and economic activity (thousands)","Male","Status in employment (Aggregate): Total","Economic activity (Aggregate): Mining and quarrying; Electricity, gas and water supply","2005",2909.975,,,,"Repository: ILO-STATISTICS - Micro data processing | Data reference period: Noncalendar year"
"India","HS - National Sample Survey","Employment by sex, status in employment and economic activity (thousands)","Male","Status in employment (Aggregate): Total","Economic activity (Aggregate): Trade, Transportation, Accommodation and Food, and Business and Administrative Services","2005",55301.545,,,,"Repository: ILO-STATISTICS - Micro data processing | Data reference period: Noncalendar year"
"India","HS - National Sample Survey","Employment by sex, status in employment and economic activity (thousands)","Male","Status in employment (Aggregate): Total","Economic activity (Aggregate): Public Administration, Community, Social and other Services and Activities","2005",20163.926,,,,"Repository: ILO-STATISTICS - Micro data processing | Data reference period: Noncalendar year"
"India","HS - National Sample Survey","Employment by sex, status in employment and economic activity (thousands)","Male","Status in employment (Aggregate): Total","Economic activity (Aggregate): Not classified","2005",2790.801,,,,"Repository: ILO-STATISTICS - Micro data processing | Data reference period: Noncalendar year"
"India","HS - National Sample Survey","Employment by sex, status in employment and economic activity (thousands)","Female","Status in employment (Aggregate): Total","Economic activity (Aggregate): Total","2005",113246.014,,,,"Repository: ILO-STATISTICS - Micro data processing | Data reference period: Noncalendar year"
"India","HS - National Sample Survey","Employment by sex, status in employment and economic activity (thousands)","Female","Status in employment (Aggregate): Total","Economic activity (Aggregate): Agriculture","2005",62696.257,,,,"Repository: ILO-STATISTICS - Micro data processing | Data reference period: Noncalendar year"
"India","HS - National Sample Survey","Employment by sex, status in employment and economic activity (thousands)","Female","Status in employment (Aggregate): Total","Economic activity (Aggregate): Manufacturing","2005",10624.882,,,,"Repository: ILO-STATISTICS - Micro data processing | Data reference period: Noncalendar year"
"India","HS - National Sample Survey","Employment by sex, status in employment and economic activity (thousands)","Female","Status in employment (Aggregate): Total","Economic activity (Aggregate): Construction","2005",1992.451,,,,"Repository: ILO-STATISTICS - Micro data processing | Data reference period: Noncalendar year"
"India","HS - National Sample Survey","Employment by sex, status in employment and economic activity (thousands)","Female","Status in employment (Aggregate): Total","Economic activity (Aggregate): Mining and quarrying; Electricity, gas and water supply","2005",364.873,,,,"Repository: ILO-STATISTICS - Micro data processing | Data reference period: Noncalendar year"
"India","HS - National Sample Survey","Employment by sex, status in employment and economic activity (thousands)","Female","Status in employment (Aggregate): Total","Economic activity (Aggregate): Trade, Transportation, Accommodation and Food, and Business and Administrative Services","2005",5415.56,,,,"Repository: ILO-STATISTICS - Micro data processing | Data reference period: Noncalendar year"
"India","HS - National Sample Survey","Employment by sex, status in employment and economic activity (thousands)","Female","Status in employment (Aggregate): Total","Economic activity (Aggregate): Public Administration, Community, Social and other Services and Activities","2005",9476.203,,,,"Repository: ILO-STATISTICS - Micro data processing | Data reference period: Noncalendar year"
"India","HS - National Sample Survey","Employment by sex, status in employment and economic activity (thousands)","Female","Status in employment (Aggregate): Total","Economic activity (Aggregate): Not classified","2005",22675.787,,,,"Repository: ILO-STATISTICS - Micro data processing | Data reference period: Noncalendar year"
"India","HS - National Sample Survey","Employment by sex, status in employment and economic activity (thousands)","Total","Status in employment (Aggregate): Total","Economic activity (Aggregate): Total","2000",327037.016,,,,"Repository: ILO-STATISTICS - Micro data processing | Data reference period: Noncalendar year"
"India","HS - National Sample Survey","Employment by sex, status in employment and economic activity (thousands)","Total","Status in employment (Aggregate): Total","Economic activity (Aggregate): Agriculture","2000",195060.345,,,,"Repository: ILO-STATISTICS - Micro data processing | Data reference period: Noncalendar year"
"India","HS - National Sample Survey","Employment by sex, status in employment and economic activity (thousands)","Total","Status in employment (Aggregate): Total","Economic activity (Aggregate): Manufacturing","2000",35094.975,,,,"Repository: ILO-STATISTICS - Micro data processing | Data reference period: Noncalendar year"
"India","HS - National Sample Survey","Employment by sex, status in employment and economic activity (thousands)","Total","Status in employment (Aggregate): Total","Economic activity (Aggregate): Construction","2000",15290.716,,,,"Repository: ILO-STATISTICS - Micro data processing | Data reference period: Noncalendar year"
"India","HS - National Sample Survey","Employment by sex, status in employment and economic activity (thousands)","Total","Status in employment (Aggregate): Total","Economic activity (Aggregate): Mining and quarrying; Electricity, gas and water supply","2000",2986.478,,,,"Repository: ILO-STATISTICS - Micro data processing | Data reference period: Noncalendar year"
"India","HS - National Sample Survey","Employment by sex, status in employment and economic activity (thousands)","Total","Status in employment (Aggregate): Total","Economic activity (Aggregate): Trade, Transportation, Accommodation and Food, and Business and Administrative Services","2000",50507.066,,,,"Repository: ILO-STATISTICS - Micro data processing | Data reference period: Noncalendar year"
"India","HS - National Sample Survey","Employment by sex, status in employment and economic activity (thousands)","Total","Status in employment (Aggregate): Total","Economic activity (Aggregate): Public Administration, Community, Social and other Services and Activities","2000",28097.435,,,,"Repository: ILO-STATISTICS - Micro data processing | Data reference period: Noncalendar year"
"India","HS - National Sample Survey","Employment by sex, status in employment and economic activity (thousands)","Male","Status in employment (Aggregate): Total","Economic activity (Aggregate): Total","2000",240511.34,,,,"Repository: ILO-STATISTICS - Micro data processing | Data reference period: Noncalendar year"
"India","HS - National Sample Survey","Employment by sex, status in employment and economic activity (thousands)","Male","Status in employment (Aggregate): Total","Economic activity (Aggregate): Agriculture","2000",130785.958,,,,"Repository: ILO-STATISTICS - Micro data processing | Data reference period: Noncalendar year"
"India","HS - National Sample Survey","Employment by sex, status in employment and economic activity (thousands)","Male","Status in employment (Aggregate): Total","Economic activity (Aggregate): Manufacturing","2000",26905.157,,,,"Repository: ILO-STATISTICS - Micro data processing | Data reference period: Noncalendar year"
"India","HS - National Sample Survey","Employment by sex, status in employment and economic activity (thousands)","Male","Status in employment (Aggregate): Total","Economic activity (Aggregate): Construction","2000",13695.553,,,,"Repository: ILO-STATISTICS - Micro data processing | Data reference period: Noncalendar year"
"India","HS - National Sample Survey","Employment by sex, status in employment and economic activity (thousands)","Male","Status in employment (Aggregate): Total","Economic activity (Aggregate): Mining and quarrying; Electricity, gas and water supply","2000",2648.753,,,,"Repository: ILO-STATISTICS - Micro data processing | Data reference period: Noncalendar year"
"India","HS - National Sample Survey","Employment by sex, status in employment and economic activity (thousands)","Male","Status in employment (Aggregate): Total","Economic activity (Aggregate): Trade, Transportation, Accommodation and Food, and Business and Administrative Services","2000",46013.62,,,,"Repository: ILO-STATISTICS - Micro data processing | Data reference period: Noncalendar year"
"India","HS - National Sample Survey","Employment by sex, status in employment and economic activity (thousands)","Male","Status in employment (Aggregate): Total","Economic activity (Aggregate): Public Administration, Community, Social and other Services and Activities","2000",20462.299,,,,"Repository: ILO-STATISTICS - Micro data processing | Data reference period: Noncalendar year"
"India","HS - National Sample Survey","Employment by sex, status in employment and economic activity (thousands)","Female","Status in employment (Aggregate): Total","Economic activity (Aggregate): Total","2000",86525.675,,,,"Repository: ILO-STATISTICS - Micro data processing | Data reference period: Noncalendar year"
"India","HS - National Sample Survey","Employment by sex, status in employment and economic activity (thousands)","Female","Status in employment (Aggregate): Total","Economic activity (Aggregate): Agriculture","2000",64274.387,,,,"Repository: ILO-STATISTICS - Micro data processing | Data reference period: Noncalendar year"
"India","HS - National Sample Survey","Employment by sex, status in employment and economic activity (thousands)","Female","Status in employment (Aggregate): Total","Economic activity (Aggregate): Manufacturing","2000",8189.818,,,,"Repository: ILO-STATISTICS - Micro data processing | Data reference period: Noncalendar year"
"India","HS - National Sample Survey","Employment by sex, status in employment and economic activity (thousands)","Female","Status in employment (Aggregate): Total","Economic activity (Aggregate): Construction","2000",1595.163,,,,"Repository: ILO-STATISTICS - Micro data processing | Data reference period: Noncalendar year"
"India","HS - National Sample Survey","Employment by sex, status in employment and economic activity (thousands)","Female","Status in employment (Aggregate): Total","Economic activity (Aggregate): Mining and quarrying; Electricity, gas and water supply","2000",337.724,,,,"Repository: ILO-STATISTICS - Micro data processing | Data reference period: Noncalendar year"
"India","HS - National Sample Survey","Employment by sex, status in employment and economic activity (thousands)","Female","Status in employment (Aggregate): Total","Economic activity (Aggregate): Trade, Transportation, Accommodation and Food, and Business and Administrative Services","2000",4493.447,,,,"Repository: ILO-STATISTICS - Micro data processing | Data reference period: Noncalendar year"
"India","HS - National Sample Survey","Employment by sex, status in employment and economic activity (thousands)","Female","Status in employment (Aggregate): Total","Economic activity (Aggregate): Public Administration, Community, Social and other Services and Activities","2000",7635.136,,,,"Repository: ILO-STATISTICS - Micro data processing | Data reference period: Noncalendar year"
"Japan","LFS - Labour Force Survey","Employment by sex, status in employment and economic activity (thousands)","Total","Status in employment (Aggregate): Total","Economic activity (Aggregate): Total","2023",67140.978,,,,"Repository: ILO-STATISTICS - Micro data processing"
"Japan","LFS - Labour Force Survey","Employment by sex, status in employment and economic activity (thousands)","Total","Status in employment (Aggregate): Total","Economic activity (Aggregate): Agriculture","2023",1966.469,,,,"Repository: ILO-STATISTICS - Micro data processing"
"Japan","LFS - Labour Force Survey","Employment by sex, status in employment and economic activity (thousands)","Total","Status in employment (Aggregate): Total","Economic activity (Aggregate): Manufacturing","2023",9758.409,,,,"Repository: ILO-STATISTICS - Micro data processing"
"Japan","LFS - Labour Force Survey","Employment by sex, status in employment and economic activity (thousands)","Total","Status in employment (Aggregate): Total","Economic activity (Aggregate): Construction","2023",4795.556,,,,"Repository: ILO-STATISTICS - Micro data processing"
"Japan","LFS - Labour Force Survey","Employment by sex, status in employment and economic activity (thousands)","Total","Status in employment (Aggregate): Total","Economic activity (Aggregate): Mining and quarrying; Electricity, gas and water supply","2023",994.968,,,,"Repository: ILO-STATISTICS - Micro data processing"
"Japan","LFS - Labour Force Survey","Employment by sex, status in employment and economic activity (thousands)","Total","Status in employment (Aggregate): Total","Economic activity (Aggregate): Trade, Transportation, Accommodation and Food, and Business and Administrative Services","2023",30033.149,,,,"Repository: ILO-STATISTICS - Micro data processing"
"Japan","LFS - Labour Force Survey","Employment by sex, status in employment and economic activity (thousands)","Total","Status in employment (Aggregate): Total","Economic activity (Aggregate): Public Administration, Community, Social and other Services and Activities","2023",18897.586,,,,"Repository: ILO-STATISTICS - Micro data processing"
"Japan","LFS - Labour Force Survey","Employment by sex, status in employment and economic activity (thousands)","Total","Status in employment (Aggregate): Total","Economic activity (Aggregate): Not classified","2023",694.842,,,,"Repository: ILO-STATISTICS - Micro data processing"
"Japan","LFS - Labour Force Survey","Employment by sex, status in employment and economic activity (thousands)","Male","Status in employment (Aggregate): Total","Economic activity (Aggregate): Total","2023",36765.426,,,,"Repository: ILO-STATISTICS - Micro data processing"
"Japan","LFS - Labour Force Survey","Employment by sex, status in employment and economic activity (thousands)","Male","Status in employment (Aggregate): Total","Economic activity (Aggregate): Agriculture","2023",1238.417,,,,"Repository: ILO-STATISTICS - Micro data processing"
"Japan","LFS - Labour Force Survey","Employment by sex, status in employment and economic activity (thousands)","Male","Status in employment (Aggregate): Total","Economic activity (Aggregate): Manufacturing","2023",6792.129,,,,"Repository: ILO-STATISTICS - Micro data processing"
"Japan","LFS - Labour Force Survey","Employment by sex, status in employment and economic activity (thousands)","Male","Status in employment (Aggregate): Total","Economic activity (Aggregate): Construction","2023",3930.594,,,,"Repository: ILO-STATISTICS - Micro data processing"
"Japan","LFS - Labour Force Survey","Employment by sex, status in employment and economic activity (thousands)","Male","Status in employment (Aggregate): Total","Economic activity (Aggregate): Mining and quarrying; Electricity, gas and water supply","2023",780.757,,,,"Repository: ILO-STATISTICS - Micro data processing"
"Japan","LFS - Labour Force Survey","Employment by sex, status in employment and economic activity (thousands)","Male","Status in employment (Aggregate): Total","Economic activity (Aggregate): Trade, Transportation, Accommodation and Food, and Business and Administrative Services","2023",16368.334,,,,"Repository: ILO-STATISTICS - Micro data processing"
"Japan","LFS - Labour Force Survey","Employment by sex, status in employment and economic activity (thousands)","Male","Status in employment (Aggregate): Total","Economic activity (Aggregate): Public Administration, Community, Social and other Services and Activities","2023",7089.516,,,,"Repository: ILO-STATISTICS - Micro data processing"
"Japan","LFS - Labour Force Survey","Employment by sex, status in employment and economic activity (thousands)","Male","Status in employment (Aggregate): Total","Economic activity (Aggregate): Not classified","2023",565.678,,,,"Repository: ILO-STATISTICS - Micro data processing"
"Japan","LFS - Labour Force Survey","Employment by sex, status in employment and economic activity (thousands)","Female","Status in employment (Aggregate): Total","Economic activity (Aggregate): Total","2023",30375.552,,,,"Repository: ILO-STATISTICS - Micro data processing"
"Japan","LFS - Labour Force Survey","Employment by sex, status in employment and economic activity (thousands)","Female","Status in employment (Aggregate): Total","Economic activity (Aggregate): Agriculture","2023",728.052,,,,"Repository: ILO-STATISTICS - Micro data processing"
"Japan","LFS - Labour Force Survey","Employment by sex, status in employment and economic activity (thousands)","Female","Status in employment (Aggregate): Total","Economic activity (Aggregate): Manufacturing","2023",2966.279,,,,"Repository: ILO-STATISTICS - Micro data processing"
"Japan","LFS - Labour Force Survey","Employment by sex, status in employment and economic activity (thousands)","Female","Status in employment (Aggregate): Total","Economic activity (Aggregate): Construction","2023",864.962,,,,"Repository: ILO-STATISTICS - Micro data processing"
"Japan","LFS - Labour Force Survey","Employment by sex, status in employment and economic activity (thousands)","Female","Status in employment (Aggregate): Total","Economic activity (Aggregate): Mining and quarrying; Electricity, gas and water supply","2023",214.211,,,,"Repository: ILO-STATISTICS - Micro data processing"
"Japan","LFS - Labour Force Survey","Employment by sex, status in employment and economic activity (thousands)","Female","Status in employment (Aggregate): Total","Economic activity (Aggregate): Trade, Transportation, Accommodation and Food, and Business and Administrative Services","2023",13664.815,,,,"Repository: ILO-STATISTICS - Micro data processing"
"Japan","LFS - Labour Force Survey","Employment by sex, status in employment and economic activity (thousands)","Female","Status in employment (Aggregate): Total","Economic activity (Aggregate): Public Administration, Community, Social and other Services and Activities","2023",11808.07,,,,"Repository: ILO-STATISTICS - Micro data processing"
"Japan","LFS - Labour Force Survey","Employment by sex, status in employment and economic activity (thousands)","Female","Status in employment (Aggregate): Total","Economic activity (Aggregate): Not classified","2023",129.164,,,,"Repository: ILO-STATISTICS - Micro data processing"
"Japan","LFS - Labour Force Survey","Employment by sex, status in employment and economic activity (thousands)","Total","Status in employment (Aggregate): Total","Economic activity (Aggregate): Total","2022",66853.454,,,,"Repository: ILO-STATISTICS - Micro data processing"
"Japan","LFS - Labour Force Survey","Employment by sex, status in employment and economic activity (thousands)","Total","Status in employment (Aggregate): Total","Economic activity (Aggregate): Agriculture","2022",2001.152,,,,"Repository: ILO-STATISTICS - Micro data processing"
"Japan","LFS - Labour Force Survey","Employment by sex, status in employment and economic activity (thousands)","Total","Status in employment (Aggregate): Total","Economic activity (Aggregate): Manufacturing","2022",9630.472,,,,"Repository: ILO-STATISTICS - Micro data processing"
"Japan","LFS - Labour Force Survey","Employment by sex, status in employment and economic activity (thousands)","Total","Status in employment (Aggregate): Total","Economic activity (Aggregate): Construction","2022",4759.297,,,,"Repository: ILO-STATISTICS - Micro data processing"
"Japan","LFS - Labour Force Survey","Employment by sex, status in employment and economic activity (thousands)","Total","Status in employment (Aggregate): Total","Economic activity (Aggregate): Mining and quarrying; Electricity, gas and water supply","2022",1019.282,,,,"Repository: ILO-STATISTICS - Micro data processing"
"Japan","LFS - Labour Force Survey","Employment by sex, status in employment and economic activity (thousands)","Total","Status in employment (Aggregate): Total","Economic activity (Aggregate): Trade, Transportation, Accommodation and Food, and Business and Administrative Services","2022",29936.396,,,,"Repository: ILO-STATISTICS - Micro data processing"
"Japan","LFS - Labour Force Survey","Employment by sex, status in employment and economic activity (thousands)","Total","Status in employment (Aggregate): Total","Economic activity (Aggregate): Public Administration, Community, Social and other Services and Activities","2022",18802.234,,,,"Repository: ILO-STATISTICS - Micro data processing"
"Japan","LFS - Labour Force Survey","Employment by sex, status in employment and economic activity (thousands)","Total","Status in employment (Aggregate): Total","Economic activity (Aggregate): Not classified","2022",704.62,,,,"Repository: ILO-STATISTICS - Micro data processing"
"Japan","LFS - Labour Force Survey","Employment by sex, status in employment and economic activity (thousands)","Male","Status in employment (Aggregate): Total","Economic activity (Aggregate): Total","2022",36771.312,,,,"Repository: ILO-STATISTICS - Micro data processing"
"Japan","LFS - Labour Force Survey","Employment by sex, status in employment and economic activity (thousands)","Male","Status in employment (Aggregate): Total","Economic activity (Aggregate): Agriculture","2022",1255.785,,,,"Repository: ILO-STATISTICS - Micro data processing"
"Japan","LFS - Labour Force Survey","Employment by sex, status in employment and economic activity (thousands)","Male","Status in employment (Aggregate): Total","Economic activity (Aggregate): Manufacturing","2022",6703.004,,,,"Repository: ILO-STATISTICS - Micro data processing"
"Japan","LFS - Labour Force Survey","Employment by sex, status in employment and economic activity (thousands)","Male","Status in employment (Aggregate): Total","Economic activity (Aggregate): Construction","2022",3913.55,,,,"Repository: ILO-STATISTICS - Micro data processing"
"Japan","LFS - Labour Force Survey","Employment by sex, status in employment and economic activity (thousands)","Male","Status in employment (Aggregate): Total","Economic activity (Aggregate): Mining and quarrying; Electricity, gas and water supply","2022",794.991,,,,"Repository: ILO-STATISTICS - Micro data processing"
"Japan","LFS - Labour Force Survey","Employment by sex, status in employment and economic activity (thousands)","Male","Status in employment (Aggregate): Total","Economic activity (Aggregate): Trade, Transportation, Accommodation and Food, and Business and Administrative Services","2022",16450.507,,,,"Repository: ILO-STATISTICS - Micro data processing"
"Japan","LFS - Labour Force Survey","Employment by sex, status in employment and economic activity (thousands)","Male","Status in employment (Aggregate): Total","Economic activity (Aggregate): Public Administration, Community, Social and other Services and Activities","2022",7067.414,,,,"Repository: ILO-STATISTICS - Micro data processing"
"Japan","LFS - Labour Force Survey","Employment by sex, status in employment and economic activity (thousands)","Male","Status in employment (Aggregate): Total","Economic activity (Aggregate): Not classified","2022",586.062,,,,"Repository: ILO-STATISTICS - Micro data processing"
"Japan","LFS - Labour Force Survey","Employment by sex, status in employment and economic activity (thousands)","Female","Status in employment (Aggregate): Total","Economic activity (Aggregate): Total","2022",30082.142,,,,"Repository: ILO-STATISTICS - Micro data processing"
"Japan","LFS - Labour Force Survey","Employment by sex, status in employment and economic activity (thousands)","Female","Status in employment (Aggregate): Total","Economic activity (Aggregate): Agriculture","2022",745.367,,,,"Repository: ILO-STATISTICS - Micro data processing"
"Japan","LFS - Labour Force Survey","Employment by sex, status in employment and economic activity (thousands)","Female","Status in employment (Aggregate): Total","Economic activity (Aggregate): Manufacturing","2022",2927.468,,,,"Repository: ILO-STATISTICS - Micro data processing"
"Japan","LFS - Labour Force Survey","Employment by sex, status in employment and economic activity (thousands)","Female","Status in employment (Aggregate): Total","Economic activity (Aggregate): Construction","2022",845.747,,,,"Repository: ILO-STATISTICS - Micro data processing"
"Japan","LFS - Labour Force Survey","Employment by sex, status in employment and economic activity (thousands)","Female","Status in employment (Aggregate): Total","Economic activity (Aggregate): Mining and quarrying; Electricity, gas and water supply","2022",224.291,,,,"Repository: ILO-STATISTICS - Micro data processing"
"Japan","LFS - Labour Force Survey","Employment by sex, status in employment and economic activity (thousands)","Female","Status in employment (Aggregate): Total","Economic activity (Aggregate): Trade, Transportation, Accommodation and Food, and Business and Administrative Services","2022",13485.889,,,,"Repository: ILO-STATISTICS - Micro data processing"
"Japan","LFS - Labour Force Survey","Employment by sex, status in employment and economic activity (thousands)","Female","Status in employment (Aggregate): Total","Economic activity (Aggregate): Public Administration, Community, Social and other Services and Activities","2022",11734.82,,,,"Repository: ILO-STATISTICS - Micro data processing"
"Japan","LFS - Labour Force Survey","Employment by sex, status in employment and economic activity (thousands)","Female","Status in employment (Aggregate): Total","Economic activity (Aggregate): Not classified","2022",118.558,,,,"Repository: ILO-STATISTICS - Micro data processing"
"Japan","LFS - Labour Force Survey","Employment by sex, status in employment and economic activity (thousands)","Total","Status in employment (Aggregate): Total","Economic activity (Aggregate): Total","2021",66266.405,,,,"Repository: ILO-STATISTICS - Micro data processing"
"Japan","LFS - Labour Force Survey","Employment by sex, status in employment and economic activity (thousands)","Total","Status in employment (Aggregate): Total","Economic activity (Aggregate): Agriculture","2021",2027.069,,,,"Repository: ILO-STATISTICS - Micro data processing"
"Japan","LFS - Labour Force Survey","Employment by sex, status in employment and economic activity (thousands)","Total","Status in employment (Aggregate): Total","Economic activity (Aggregate): Manufacturing","2021",9506.802,,,,"Repository: ILO-STATISTICS - Micro data processing"
"Japan","LFS - Labour Force Survey","Employment by sex, status in employment and economic activity (thousands)","Total","Status in employment (Aggregate): Total","Economic activity (Aggregate): Construction","2021",4773.383,,,,"Repository: ILO-STATISTICS - Micro data processing"
"Japan","LFS - Labour Force Survey","Employment by sex, status in employment and economic activity (thousands)","Total","Status in employment (Aggregate): Total","Economic activity (Aggregate): Mining and quarrying; Electricity, gas and water supply","2021",1065.828,,,,"Repository: ILO-STATISTICS - Micro data processing"
"Japan","LFS - Labour Force Survey","Employment by sex, status in employment and economic activity (thousands)","Total","Status in employment (Aggregate): Total","Economic activity (Aggregate): Trade, Transportation, Accommodation and Food, and Business and Administrative Services","2021",29750.524,,,,"Repository: ILO-STATISTICS - Micro data processing"
"Japan","LFS - Labour Force Survey","Employment by sex, status in employment and economic activity (thousands)","Total","Status in employment (Aggregate): Total","Economic activity (Aggregate): Public Administration, Community, Social and other Services and Activities","2021",18431.437,,,,"Repository: ILO-STATISTICS - Micro data processing"
"Japan","LFS - Labour Force Survey","Employment by sex, status in employment and economic activity (thousands)","Total","Status in employment (Aggregate): Total","Economic activity (Aggregate): Not classified","2021",711.362,,,,"Repository: ILO-STATISTICS - Micro data processing"
"Japan","LFS - Labour Force Survey","Employment by sex, status in employment and economic activity (thousands)","Male","Status in employment (Aggregate): Total","Economic activity (Aggregate): Total","2021",36595.127,,,,"Repository: ILO-STATISTICS - Micro data processing"
"Japan","LFS - Labour Force Survey","Employment by sex, status in employment and economic activity (thousands)","Male","Status in employment (Aggregate): Total","Economic activity (Aggregate): Agriculture","2021",1268.92,,,,"Repository: ILO-STATISTICS - Micro data processing"
"Japan","LFS - Labour Force Survey","Employment by sex, status in employment and economic activity (thousands)","Male","Status in employment (Aggregate): Total","Economic activity (Aggregate): Manufacturing","2021",6612.444,,,,"Repository: ILO-STATISTICS - Micro data processing"
"Japan","LFS - Labour Force Survey","Employment by sex, status in employment and economic activity (thousands)","Male","Status in employment (Aggregate): Total","Economic activity (Aggregate): Construction","2021",3963.993,,,,"Repository: ILO-STATISTICS - Micro data processing"
"Japan","LFS - Labour Force Survey","Employment by sex, status in employment and economic activity (thousands)","Male","Status in employment (Aggregate): Total","Economic activity (Aggregate): Mining and quarrying; Electricity, gas and water supply","2021",834.763,,,,"Repository: ILO-STATISTICS - Micro data processing"
"Japan","LFS - Labour Force Survey","Employment by sex, status in employment and economic activity (thousands)","Male","Status in employment (Aggregate): Total","Economic activity (Aggregate): Trade, Transportation, Accommodation and Food, and Business and Administrative Services","2021",16404.177,,,,"Repository: ILO-STATISTICS - Micro data processing"
"Japan","LFS - Labour Force Survey","Employment by sex, status in employment and economic activity (thousands)","Male","Status in employment (Aggregate): Total","Economic activity (Aggregate): Public Administration, Community, Social and other Services and Activities","2021",6929.888,,,,"Repository: ILO-STATISTICS - Micro data processing"
"Japan","LFS - Labour Force Survey","Employment by sex, status in employment and economic activity (thousands)","Male","Status in employment (Aggregate): Total","Economic activity (Aggregate): Not classified","2021",580.942,,,,"Repository: ILO-STATISTICS - Micro data processing"
"Japan","LFS - Labour Force Survey","Employment by sex, status in employment and economic activity (thousands)","Female","Status in employment (Aggregate): Total","Economic activity (Aggregate): Total","2021",29671.278,,,,"Repository: ILO-STATISTICS - Micro data processing"
"Japan","LFS - Labour Force Survey","Employment by sex, status in employment and economic activity (thousands)","Female","Status in employment (Aggregate): Total","Economic activity (Aggregate): Agriculture","2021",758.149,,,,"Repository: ILO-STATISTICS - Micro data processing"
"Japan","LFS - Labour Force Survey","Employment by sex, status in employment and economic activity (thousands)","Female","Status in employment (Aggregate): Total","Economic activity (Aggregate): Manufacturing","2021",2894.358,,,,"Repository: ILO-STATISTICS - Micro data processing"
"Japan","LFS - Labour Force Survey","Employment by sex, status in employment and economic activity (thousands)","Female","Status in employment (Aggregate): Total","Economic activity (Aggregate): Construction","2021",809.39,,,,"Repository: ILO-STATISTICS - Micro data processing"
"Japan","LFS - Labour Force Survey","Employment by sex, status in employment and economic activity (thousands)","Female","Status in employment (Aggregate): Total","Economic activity (Aggregate): Mining and quarrying; Electricity, gas and water supply","2021",231.065,,,,"Repository: ILO-STATISTICS - Micro data processing"
"Japan","LFS - Labour Force Survey","Employment by sex, status in employment and economic activity (thousands)","Female","Status in employment (Aggregate): Total","Economic activity (Aggregate): Trade, Transportation, Accommodation and Food, and Business and Administrative Services","2021",13346.346,,,,"Repository: ILO-STATISTICS - Micro data processing"
"Japan","LFS - Labour Force Survey","Employment by sex, status in employment and economic activity (thousands)","Female","Status in employment (Aggregate): Total","Economic activity (Aggregate): Public Administration, Community, Social and other Services and Activities","2021",11501.549,,,,"Repository: ILO-STATISTICS - Micro data processing"
"Japan","LFS - Labour Force Survey","Employment by sex, status in employment and economic activity (thousands)","Female","Status in employment (Aggregate): Total","Economic activity (Aggregate): Not classified","2021",130.42,,,,"Repository: ILO-STATISTICS - Micro data processing"
"Japan","LFS - Labour Force Survey","Employment by sex, status in employment and economic activity (thousands)","Total","Status in employment (Aggregate): Total","Economic activity (Aggregate): Total","2020",66329.864,,,,"Repository: ILO-STATISTICS - Micro data processing"
"Japan","LFS - Labour Force Survey","Employment by sex, status in employment and economic activity (thousands)","Total","Status in employment (Aggregate): Total","Economic activity (Aggregate): Agriculture","2020",2087.995,,,,"Repository: ILO-STATISTICS - Micro data processing"
"Japan","LFS - Labour Force Survey","Employment by sex, status in employment and economic activity (thousands)","Total","Status in employment (Aggregate): Total","Economic activity (Aggregate): Manufacturing","2020",9573.888,,,,"Repository: ILO-STATISTICS - Micro data processing"
"Japan","LFS - Labour Force Survey","Employment by sex, status in employment and economic activity (thousands)","Total","Status in employment (Aggregate): Total","Economic activity (Aggregate): Construction","2020",4882.559,,,,"Repository: ILO-STATISTICS - Micro data processing"
"Japan","LFS - Labour Force Survey","Employment by sex, status in employment and economic activity (thousands)","Total","Status in employment (Aggregate): Total","Economic activity (Aggregate): Mining and quarrying; Electricity, gas and water supply","2020",1047.391,,,,"Repository: ILO-STATISTICS - Micro data processing"
"Japan","LFS - Labour Force Survey","Employment by sex, status in employment and economic activity (thousands)","Total","Status in employment (Aggregate): Total","Economic activity (Aggregate): Trade, Transportation, Accommodation and Food, and Business and Administrative Services","2020",29611.176,,,,"Repository: ILO-STATISTICS - Micro data processing"
"Japan","LFS - Labour Force Survey","Employment by sex, status in employment and economic activity (thousands)","Total","Status in employment (Aggregate): Total","Economic activity (Aggregate): Public Administration, Community, Social and other Services and Activities","2020",18422.198,,,,"Repository: ILO-STATISTICS - Micro data processing"
"Japan","LFS - Labour Force Survey","Employment by sex, status in employment and economic activity (thousands)","Total","Status in employment (Aggregate): Total","Economic activity (Aggregate): Not classified","2020",704.657,,,,"Repository: ILO-STATISTICS - Micro data processing"
"Japan","LFS - Labour Force Survey","Employment by sex, status in employment and economic activity (thousands)","Male","Status in employment (Aggregate): Total","Economic activity (Aggregate): Total","2020",36829.117,,,,"Repository: ILO-STATISTICS - Micro data processing"
"Japan","LFS - Labour Force Survey","Employment by sex, status in employment and economic activity (thousands)","Male","Status in employment (Aggregate): Total","Economic activity (Aggregate): Agriculture","2020",1291.971,,,,"Repository: ILO-STATISTICS - Micro data processing"
"Japan","LFS - Labour Force Survey","Employment by sex, status in employment and economic activity (thousands)","Male","Status in employment (Aggregate): Total","Economic activity (Aggregate): Manufacturing","2020",6663.49,,,,"Repository: ILO-STATISTICS - Micro data processing"
"Japan","LFS - Labour Force Survey","Employment by sex, status in employment and economic activity (thousands)","Male","Status in employment (Aggregate): Total","Economic activity (Aggregate): Construction","2020",4072.786,,,,"Repository: ILO-STATISTICS - Micro data processing"
"Japan","LFS - Labour Force Survey","Employment by sex, status in employment and economic activity (thousands)","Male","Status in employment (Aggregate): Total","Economic activity (Aggregate): Mining and quarrying; Electricity, gas and water supply","2020",837.426,,,,"Repository: ILO-STATISTICS - Micro data processing"
"Japan","LFS - Labour Force Survey","Employment by sex, status in employment and economic activity (thousands)","Male","Status in employment (Aggregate): Total","Economic activity (Aggregate): Trade, Transportation, Accommodation and Food, and Business and Administrative Services","2020",16304.153,,,,"Repository: ILO-STATISTICS - Micro data processing"
"Japan","LFS - Labour Force Survey","Employment by sex, status in employment and economic activity (thousands)","Male","Status in employment (Aggregate): Total","Economic activity (Aggregate): Public Administration, Community, Social and other Services and Activities","2020",7081.556,,,,"Repository: ILO-STATISTICS - Micro data processing"
"Japan","LFS - Labour Force Survey","Employment by sex, status in employment and economic activity (thousands)","Male","Status in employment (Aggregate): Total","Economic activity (Aggregate): Not classified","2020",577.735,,,,"Repository: ILO-STATISTICS - Micro data processing"
"Japan","LFS - Labour Force Survey","Employment by sex, status in employment and economic activity (thousands)","Female","Status in employment (Aggregate): Total","Economic activity (Aggregate): Total","2020",29500.747,,,,"Repository: ILO-STATISTICS - Micro data processing"
"Japan","LFS - Labour Force Survey","Employment by sex, status in employment and economic activity (thousands)","Female","Status in employment (Aggregate): Total","Economic activity (Aggregate): Agriculture","2020",796.023,,,,"Repository: ILO-STATISTICS - Micro data processing"
"Japan","LFS - Labour Force Survey","Employment by sex, status in employment and economic activity (thousands)","Female","Status in employment (Aggregate): Total","Economic activity (Aggregate): Manufacturing","2020",2910.398,,,,"Repository: ILO-STATISTICS - Micro data processing"
"Japan","LFS - Labour Force Survey","Employment by sex, status in employment and economic activity (thousands)","Female","Status in employment (Aggregate): Total","Economic activity (Aggregate): Construction","2020",809.773,,,,"Repository: ILO-STATISTICS - Micro data processing"
"Japan","LFS - Labour Force Survey","Employment by sex, status in employment and economic activity (thousands)","Female","Status in employment (Aggregate): Total","Economic activity (Aggregate): Mining and quarrying; Electricity, gas and water supply","2020",209.965,,,,"Repository: ILO-STATISTICS - Micro data processing"
"Japan","LFS - Labour Force Survey","Employment by sex, status in employment and economic activity (thousands)","Female","Status in employment (Aggregate): Total","Economic activity (Aggregate): Trade, Transportation, Accommodation and Food, and Business and Administrative Services","2020",13307.023,,,,"Repository: ILO-STATISTICS - Micro data processing"
"Japan","LFS - Labour Force Survey","Employment by sex, status in employment and economic activity (thousands)","Female","Status in employment (Aggregate): Total","Economic activity (Aggregate): Public Administration, Community, Social and other Services and Activities","2020",11340.642,,,,"Repository: ILO-STATISTICS - Micro data processing"
"Japan","LFS - Labour Force Survey","Employment by sex, status in employment and economic activity (thousands)","Female","Status in employment (Aggregate): Total","Economic activity (Aggregate): Not classified","2020",126.922,,,,"Repository: ILO-STATISTICS - Micro data processing"
"Japan","LFS - Labour Force Survey","Employment by sex, status in employment and economic activity (thousands)","Total","Status in employment (Aggregate): Total","Economic activity (Aggregate): Total","2019",66769.405,,,,"Repository: ILO-STATISTICS - Micro data processing"
"Japan","LFS - Labour Force Survey","Employment by sex, status in employment and economic activity (thousands)","Total","Status in employment (Aggregate): Total","Economic activity (Aggregate): Agriculture","2019",2180.45,,,,"Repository: ILO-STATISTICS - Micro data processing"
"Japan","LFS - Labour Force Survey","Employment by sex, status in employment and economic activity (thousands)","Total","Status in employment (Aggregate): Total","Economic activity (Aggregate): Manufacturing","2019",9807.01,,,,"Repository: ILO-STATISTICS - Micro data processing"
"Japan","LFS - Labour Force Survey","Employment by sex, status in employment and economic activity (thousands)","Total","Status in employment (Aggregate): Total","Economic activity (Aggregate): Construction","2019",4960.678,,,,"Repository: ILO-STATISTICS - Micro data processing"
"Japan","LFS - Labour Force Survey","Employment by sex, status in employment and economic activity (thousands)","Total","Status in employment (Aggregate): Total","Economic activity (Aggregate): Mining and quarrying; Electricity, gas and water supply","2019",994.598,,,,"Repository: ILO-STATISTICS - Micro data processing"
"Japan","LFS - Labour Force Survey","Employment by sex, status in employment and economic activity (thousands)","Total","Status in employment (Aggregate): Total","Economic activity (Aggregate): Trade, Transportation, Accommodation and Food, and Business and Administrative Services","2019",29685.25,,,,"Repository: ILO-STATISTICS - Micro data processing"
"Japan","LFS - Labour Force Survey","Employment by sex, status in employment and economic activity (thousands)","Total","Status in employment (Aggregate): Total","Economic activity (Aggregate): Public Administration, Community, Social and other Services and Activities","2019",18447.868,,,,"Repository: ILO-STATISTICS - Micro data processing"
"Japan","LFS - Labour Force Survey","Employment by sex, status in employment and economic activity (thousands)","Total","Status in employment (Aggregate): Total","Economic activity (Aggregate): Not classified","2019",693.551,,,,"Repository: ILO-STATISTICS - Micro data processing"
"Japan","LFS - Labour Force Survey","Employment by sex, status in employment and economic activity (thousands)","Male","Status in employment (Aggregate): Total","Economic activity (Aggregate): Total","2019",37048.186,,,,"Repository: ILO-STATISTICS - Micro data processing"
"Japan","LFS - Labour Force Survey","Employment by sex, status in employment and economic activity (thousands)","Male","Status in employment (Aggregate): Total","Economic activity (Aggregate): Agriculture","2019",1338.241,,,,"Repository: ILO-STATISTICS - Micro data processing"
"Japan","LFS - Labour Force Survey","Employment by sex, status in employment and economic activity (thousands)","Male","Status in employment (Aggregate): Total","Economic activity (Aggregate): Manufacturing","2019",6829.736,,,,"Repository: ILO-STATISTICS - Micro data processing"
"Japan","LFS - Labour Force Survey","Employment by sex, status in employment and economic activity (thousands)","Male","Status in employment (Aggregate): Total","Economic activity (Aggregate): Construction","2019",4118.141,,,,"Repository: ILO-STATISTICS - Micro data processing"
"Japan","LFS - Labour Force Survey","Employment by sex, status in employment and economic activity (thousands)","Male","Status in employment (Aggregate): Total","Economic activity (Aggregate): Mining and quarrying; Electricity, gas and water supply","2019",787.626,,,,"Repository: ILO-STATISTICS - Micro data processing"
"Japan","LFS - Labour Force Survey","Employment by sex, status in employment and economic activity (thousands)","Male","Status in employment (Aggregate): Total","Economic activity (Aggregate): Trade, Transportation, Accommodation and Food, and Business and Administrative Services","2019",16244.854,,,,"Repository: ILO-STATISTICS - Micro data processing"
"Japan","LFS - Labour Force Survey","Employment by sex, status in employment and economic activity (thousands)","Male","Status in employment (Aggregate): Total","Economic activity (Aggregate): Public Administration, Community, Social and other Services and Activities","2019",7153.866,,,,"Repository: ILO-STATISTICS - Micro data processing"
"Japan","LFS - Labour Force Survey","Employment by sex, status in employment and economic activity (thousands)","Male","Status in employment (Aggregate): Total","Economic activity (Aggregate): Not classified","2019",575.723,,,,"Repository: ILO-STATISTICS - Micro data processing"
"Japan","LFS - Labour Force Survey","Employment by sex, status in employment and economic activity (thousands)","Female","Status in employment (Aggregate): Total","Economic activity (Aggregate): Total","2019",29721.22,,,,"Repository: ILO-STATISTICS - Micro data processing"
"Japan","LFS - Labour Force Survey","Employment by sex, status in employment and economic activity (thousands)","Female","Status in employment (Aggregate): Total","Economic activity (Aggregate): Agriculture","2019",842.209,,,,"Repository: ILO-STATISTICS - Micro data processing"
"Japan","LFS - Labour Force Survey","Employment by sex, status in employment and economic activity (thousands)","Female","Status in employment (Aggregate): Total","Economic activity (Aggregate): Manufacturing","2019",2977.275,,,,"Repository: ILO-STATISTICS - Micro data processing"
"Japan","LFS - Labour Force Survey","Employment by sex, status in employment and economic activity (thousands)","Female","Status in employment (Aggregate): Total","Economic activity (Aggregate): Construction","2019",842.538,,,,"Repository: ILO-STATISTICS - Micro data processing"
"Japan","LFS - Labour Force Survey","Employment by sex, status in employment and economic activity (thousands)","Female","Status in employment (Aggregate): Total","Economic activity (Aggregate): Mining and quarrying; Electricity, gas and water supply","2019",206.972,,,,"Repository: ILO-STATISTICS - Micro data processing"
"Japan","LFS - Labour Force Survey","Employment by sex, status in employment and economic activity (thousands)","Female","Status in employment (Aggregate): Total","Economic activity (Aggregate): Trade, Transportation, Accommodation and Food, and Business and Administrative Services","2019",13440.396,,,,"Repository: ILO-STATISTICS - Micro data processing"
"Japan","LFS - Labour Force Survey","Employment by sex, status in employment and economic activity (thousands)","Female","Status in employment (Aggregate): Total","Economic activity (Aggregate): Public Administration, Community, Social and other Services and Activities","2019",11294.001,,,,"Repository: ILO-STATISTICS - Micro data processing"
"Japan","LFS - Labour Force Survey","Employment by sex, status in employment and economic activity (thousands)","Female","Status in employment (Aggregate): Total","Economic activity (Aggregate): Not classified","2019",117.828,,,,"Repository: ILO-STATISTICS - Micro data processing"
"Japan","LFS - Labour Force Survey","Employment by sex, status in employment and economic activity (thousands)","Total","Status in employment (Aggregate): Total","Economic activity (Aggregate): Total","2018",66129.955,,,,"Repository: ILO-STATISTICS - Micro data processing"
"Japan","LFS - Labour Force Survey","Employment by sex, status in employment and economic activity (thousands)","Total","Status in employment (Aggregate): Total","Economic activity (Aggregate): Agriculture","2018",2246.258,,,,"Repository: ILO-STATISTICS - Micro data processing"
"Japan","LFS - Labour Force Survey","Employment by sex, status in employment and economic activity (thousands)","Total","Status in employment (Aggregate): Total","Economic activity (Aggregate): Manufacturing","2018",9781.444,,,,"Repository: ILO-STATISTICS - Micro data processing"
"Japan","LFS - Labour Force Survey","Employment by sex, status in employment and economic activity (thousands)","Total","Status in employment (Aggregate): Total","Economic activity (Aggregate): Construction","2018",4977.586,,,,"Repository: ILO-STATISTICS - Micro data processing"
"Japan","LFS - Labour Force Survey","Employment by sex, status in employment and economic activity (thousands)","Total","Status in employment (Aggregate): Total","Economic activity (Aggregate): Mining and quarrying; Electricity, gas and water supply","2018",983.393,,,,"Repository: ILO-STATISTICS - Micro data processing"
"Japan","LFS - Labour Force Survey","Employment by sex, status in employment and economic activity (thousands)","Total","Status in employment (Aggregate): Total","Economic activity (Aggregate): Trade, Transportation, Accommodation and Food, and Business and Administrative Services","2018",29499.147,,,,"Repository: ILO-STATISTICS - Micro data processing"
"Japan","LFS - Labour Force Survey","Employment by sex, status in employment and economic activity (thousands)","Total","Status in employment (Aggregate): Total","Economic activity (Aggregate): Public Administration, Community, Social and other Services and Activities","2018",17949.719,,,,"Repository: ILO-STATISTICS - Micro data processing"
"Japan","LFS - Labour Force Survey","Employment by sex, status in employment and economic activity (thousands)","Total","Status in employment (Aggregate): Total","Economic activity (Aggregate): Not classified","2018",692.408,,,,"Repository: ILO-STATISTICS - Micro data processing"
"Japan","LFS - Labour Force Survey","Employment by sex, status in employment and economic activity (thousands)","Male","Status in employment (Aggregate): Total","Economic activity (Aggregate): Total","2018",36866.025,,,,"Repository: ILO-STATISTICS - Micro data processing"
"Japan","LFS - Labour Force Survey","Employment by sex, status in employment and economic activity (thousands)","Male","Status in employment (Aggregate): Total","Economic activity (Aggregate): Agriculture","2018",1386.882,,,,"Repository: ILO-STATISTICS - Micro data processing"
"Japan","LFS - Labour Force Survey","Employment by sex, status in employment and economic activity (thousands)","Male","Status in employment (Aggregate): Total","Economic activity (Aggregate): Manufacturing","2018",6783.55,,,,"Repository: ILO-STATISTICS - Micro data processing"
"Japan","LFS - Labour Force Survey","Employment by sex, status in employment and economic activity (thousands)","Male","Status in employment (Aggregate): Total","Economic activity (Aggregate): Construction","2018",4170.052,,,,"Repository: ILO-STATISTICS - Micro data processing"
"Japan","LFS - Labour Force Survey","Employment by sex, status in employment and economic activity (thousands)","Male","Status in employment (Aggregate): Total","Economic activity (Aggregate): Mining and quarrying; Electricity, gas and water supply","2018",788.666,,,,"Repository: ILO-STATISTICS - Micro data processing"
"Japan","LFS - Labour Force Survey","Employment by sex, status in employment and economic activity (thousands)","Male","Status in employment (Aggregate): Total","Economic activity (Aggregate): Trade, Transportation, Accommodation and Food, and Business and Administrative Services","2018",16259.753,,,,"Repository: ILO-STATISTICS - Micro data processing"
"Japan","LFS - Labour Force Survey","Employment by sex, status in employment and economic activity (thousands)","Male","Status in employment (Aggregate): Total","Economic activity (Aggregate): Public Administration, Community, Social and other Services and Activities","2018",6913.419,,,,"Repository: ILO-STATISTICS - Micro data processing"
"Japan","LFS - Labour Force Survey","Employment by sex, status in employment and economic activity (thousands)","Male","Status in employment (Aggregate): Total","Economic activity (Aggregate): Not classified","2018",563.704,,,,"Repository: ILO-STATISTICS - Micro data processing"
"Japan","LFS - Labour Force Survey","Employment by sex, status in employment and economic activity (thousands)","Female","Status in employment (Aggregate): Total","Economic activity (Aggregate): Total","2018",29263.929,,,,"Repository: ILO-STATISTICS - Micro data processing"
"Japan","LFS - Labour Force Survey","Employment by sex, status in employment and economic activity (thousands)","Female","Status in employment (Aggregate): Total","Economic activity (Aggregate): Agriculture","2018",859.376,,,,"Repository: ILO-STATISTICS - Micro data processing"
"Japan","LFS - Labour Force Survey","Employment by sex, status in employment and economic activity (thousands)","Female","Status in employment (Aggregate): Total","Economic activity (Aggregate): Manufacturing","2018",2997.894,,,,"Repository: ILO-STATISTICS - Micro data processing"
"Japan","LFS - Labour Force Survey","Employment by sex, status in employment and economic activity (thousands)","Female","Status in employment (Aggregate): Total","Economic activity (Aggregate): Construction","2018",807.535,,,,"Repository: ILO-STATISTICS - Micro data processing"
"Japan","LFS - Labour Force Survey","Employment by sex, status in employment and economic activity (thousands)","Female","Status in employment (Aggregate): Total","Economic activity (Aggregate): Mining and quarrying; Electricity, gas and water supply","2018",194.727,,,,"Repository: ILO-STATISTICS - Micro data processing"
"Japan","LFS - Labour Force Survey","Employment by sex, status in employment and economic activity (thousands)","Female","Status in employment (Aggregate): Total","Economic activity (Aggregate): Trade, Transportation, Accommodation and Food, and Business and Administrative Services","2018",13239.394,,,,"Repository: ILO-STATISTICS - Micro data processing"
"Japan","LFS - Labour Force Survey","Employment by sex, status in employment and economic activity (thousands)","Female","Status in employment (Aggregate): Total","Economic activity (Aggregate): Public Administration, Community, Social and other Services and Activities","2018",11036.301,,,,"Repository: ILO-STATISTICS - Micro data processing"
"Japan","LFS - Labour Force Survey","Employment by sex, status in employment and economic activity (thousands)","Female","Status in employment (Aggregate): Total","Economic activity (Aggregate): Not classified","2018",128.703,,,,"Repository: ILO-STATISTICS - Micro data processing"
"Japan","LFS - Labour Force Survey","Employment by sex, status in employment and economic activity (thousands)","Total","Status in employment (Aggregate): Total","Economic activity (Aggregate): Total","2017",64815.098,,,,"Repository: ILO-STATISTICS - Micro data processing"
"Japan","LFS - Labour Force Survey","Employment by sex, status in employment and economic activity (thousands)","Total","Status in employment (Aggregate): Total","Economic activity (Aggregate): Agriculture","2017",2155.204,,,,"Repository: ILO-STATISTICS - Micro data processing"
"Japan","LFS - Labour Force Survey","Employment by sex, status in employment and economic activity (thousands)","Total","Status in employment (Aggregate): Total","Economic activity (Aggregate): Manufacturing","2017",10450.44,,,,"Repository: ILO-STATISTICS - Micro data processing"
"Japan","LFS - Labour Force Survey","Employment by sex, status in employment and economic activity (thousands)","Total","Status in employment (Aggregate): Total","Economic activity (Aggregate): Construction","2017",4950.237,,,,"Repository: ILO-STATISTICS - Micro data processing"
"Japan","LFS - Labour Force Survey","Employment by sex, status in employment and economic activity (thousands)","Total","Status in employment (Aggregate): Total","Economic activity (Aggregate): Mining and quarrying; Electricity, gas and water supply","2017",645.664,,,,"Repository: ILO-STATISTICS - Micro data processing"
"Japan","LFS - Labour Force Survey","Employment by sex, status in employment and economic activity (thousands)","Total","Status in employment (Aggregate): Total","Economic activity (Aggregate): Trade, Transportation, Accommodation and Food, and Business and Administrative Services","2017",26683.683,,,,"Repository: ILO-STATISTICS - Micro data processing"
"Japan","LFS - Labour Force Survey","Employment by sex, status in employment and economic activity (thousands)","Total","Status in employment (Aggregate): Total","Economic activity (Aggregate): Public Administration, Community, Social and other Services and Activities","2017",19929.87,,,,"Repository: ILO-STATISTICS - Micro data processing"
"Japan","LFS - Labour Force Survey","Employment by sex, status in employment and economic activity (thousands)","Male","Status in employment (Aggregate): Total","Economic activity (Aggregate): Total","2017",36418.804,,,,"Repository: ILO-STATISTICS - Micro data processing"
"Japan","LFS - Labour Force Survey","Employment by sex, status in employment and economic activity (thousands)","Male","Status in employment (Aggregate): Total","Economic activity (Aggregate): Agriculture","2017",1346.214,,,,"Repository: ILO-STATISTICS - Micro data processing"
"Japan","LFS - Labour Force Survey","Employment by sex, status in employment and economic activity (thousands)","Male","Status in employment (Aggregate): Total","Economic activity (Aggregate): Manufacturing","2017",7297.033,,,,"Repository: ILO-STATISTICS - Micro data processing"
"Japan","LFS - Labour Force Survey","Employment by sex, status in employment and economic activity (thousands)","Male","Status in employment (Aggregate): Total","Economic activity (Aggregate): Construction","2017",4197.022,,,,"Repository: ILO-STATISTICS - Micro data processing"
"Japan","LFS - Labour Force Survey","Employment by sex, status in employment and economic activity (thousands)","Male","Status in employment (Aggregate): Total","Economic activity (Aggregate): Mining and quarrying; Electricity, gas and water supply","2017",547.391,,,,"Repository: ILO-STATISTICS - Micro data processing"
"Japan","LFS - Labour Force Survey","Employment by sex, status in employment and economic activity (thousands)","Male","Status in employment (Aggregate): Total","Economic activity (Aggregate): Trade, Transportation, Accommodation and Food, and Business and Administrative Services","2017",14943.061,,,,"Repository: ILO-STATISTICS - Micro data processing"
"Japan","LFS - Labour Force Survey","Employment by sex, status in employment and economic activity (thousands)","Male","Status in employment (Aggregate): Total","Economic activity (Aggregate): Public Administration, Community, Social and other Services and Activities","2017",8088.083,,,,"Repository: ILO-STATISTICS - Micro data processing"
"Japan","LFS - Labour Force Survey","Employment by sex, status in employment and economic activity (thousands)","Female","Status in employment (Aggregate): Total","Economic activity (Aggregate): Total","2017",28396.293,,,,"Repository: ILO-STATISTICS - Micro data processing"
"Japan","LFS - Labour Force Survey","Employment by sex, status in employment and economic activity (thousands)","Female","Status in employment (Aggregate): Total","Economic activity (Aggregate): Agriculture","2017",808.99,,,,"Repository: ILO-STATISTICS - Micro data processing"
"Japan","LFS - Labour Force Survey","Employment by sex, status in employment and economic activity (thousands)","Female","Status in employment (Aggregate): Total","Economic activity (Aggregate): Manufacturing","2017",3153.406,,,,"Repository: ILO-STATISTICS - Micro data processing"
"Japan","LFS - Labour Force Survey","Employment by sex, status in employment and economic activity (thousands)","Female","Status in employment (Aggregate): Total","Economic activity (Aggregate): Construction","2017",753.215,,,,"Repository: ILO-STATISTICS - Micro data processing"
"Japan","LFS - Labour Force Survey","Employment by sex, status in employment and economic activity (thousands)","Female","Status in employment (Aggregate): Total","Economic activity (Aggregate): Mining and quarrying; Electricity, gas and water supply","2017",98.272,,,,"Repository: ILO-STATISTICS - Micro data processing"
"Japan","LFS - Labour Force Survey","Employment by sex, status in employment and economic activity (thousands)","Female","Status in employment (Aggregate): Total","Economic activity (Aggregate): Trade, Transportation, Accommodation and Food, and Business and Administrative Services","2017",11740.622,,,,"Repository: ILO-STATISTICS - Micro data processing"
"Japan","LFS - Labour Force Survey","Employment by sex, status in employment and economic activity (thousands)","Female","Status in employment (Aggregate): Total","Economic activity (Aggregate): Public Administration, Community, Social and other Services and Activities","2017",11841.787,,,,"Repository: ILO-STATISTICS - Micro data processing"
"Japan","LFS - Labour Force Survey","Employment by sex, status in employment and economic activity (thousands)","Total","Status in employment (Aggregate): Total","Economic activity (Aggregate): Total","2016",63957.626,,,,"Repository: ILO-STATISTICS - Micro data processing"
"Japan","LFS - Labour Force Survey","Employment by sex, status in employment and economic activity (thousands)","Total","Status in employment (Aggregate): Total","Economic activity (Aggregate): Agriculture","2016",2164.141,,,,"Repository: ILO-STATISTICS - Micro data processing"
"Japan","LFS - Labour Force Survey","Employment by sex, status in employment and economic activity (thousands)","Total","Status in employment (Aggregate): Total","Economic activity (Aggregate): Manufacturing","2016",10317.467,,,,"Repository: ILO-STATISTICS - Micro data processing"
"Japan","LFS - Labour Force Survey","Employment by sex, status in employment and economic activity (thousands)","Total","Status in employment (Aggregate): Total","Economic activity (Aggregate): Construction","2016",4884.891,,,,"Repository: ILO-STATISTICS - Micro data processing"
"Japan","LFS - Labour Force Survey","Employment by sex, status in employment and economic activity (thousands)","Total","Status in employment (Aggregate): Total","Economic activity (Aggregate): Mining and quarrying; Electricity, gas and water supply","2016",643.151,,,,"Repository: ILO-STATISTICS - Micro data processing"
"Japan","LFS - Labour Force Survey","Employment by sex, status in employment and economic activity (thousands)","Total","Status in employment (Aggregate): Total","Economic activity (Aggregate): Trade, Transportation, Accommodation and Food, and Business and Administrative Services","2016",26279.235,,,,"Repository: ILO-STATISTICS - Micro data processing"
"Japan","LFS - Labour Force Survey","Employment by sex, status in employment and economic activity (thousands)","Total","Status in employment (Aggregate): Total","Economic activity (Aggregate): Public Administration, Community, Social and other Services and Activities","2016",19668.741,,,,"Repository: ILO-STATISTICS - Micro data processing"
"Japan","LFS - Labour Force Survey","Employment by sex, status in employment and economic activity (thousands)","Male","Status in employment (Aggregate): Total","Economic activity (Aggregate): Total","2016",36111.113,,,,"Repository: ILO-STATISTICS - Micro data processing"
"Japan","LFS - Labour Force Survey","Employment by sex, status in employment and economic activity (thousands)","Male","Status in employment (Aggregate): Total","Economic activity (Aggregate): Agriculture","2016",1356.263,,,,"Repository: ILO-STATISTICS - Micro data processing"
"Japan","LFS - Labour Force Survey","Employment by sex, status in employment and economic activity (thousands)","Male","Status in employment (Aggregate): Total","Economic activity (Aggregate): Manufacturing","2016",7208.534,,,,"Repository: ILO-STATISTICS - Micro data processing"
"Japan","LFS - Labour Force Survey","Employment by sex, status in employment and economic activity (thousands)","Male","Status in employment (Aggregate): Total","Economic activity (Aggregate): Construction","2016",4156.009,,,,"Repository: ILO-STATISTICS - Micro data processing"
"Japan","LFS - Labour Force Survey","Employment by sex, status in employment and economic activity (thousands)","Male","Status in employment (Aggregate): Total","Economic activity (Aggregate): Mining and quarrying; Electricity, gas and water supply","2016",545.425,,,,"Repository: ILO-STATISTICS - Micro data processing"
"Japan","LFS - Labour Force Survey","Employment by sex, status in employment and economic activity (thousands)","Male","Status in employment (Aggregate): Total","Economic activity (Aggregate): Trade, Transportation, Accommodation and Food, and Business and Administrative Services","2016",14781.882,,,,"Repository: ILO-STATISTICS - Micro data processing"
"Japan","LFS - Labour Force Survey","Employment by sex, status in employment and economic activity (thousands)","Male","Status in employment (Aggregate): Total","Economic activity (Aggregate): Public Administration, Community, Social and other Services and Activities","2016",8063,,,,"Repository: ILO-STATISTICS - Micro data processing"
"Japan","LFS - Labour Force Survey","Employment by sex, status in employment and economic activity (thousands)","Female","Status in employment (Aggregate): Total","Economic activity (Aggregate): Total","2016",27846.513,,,,"Repository: ILO-STATISTICS - Micro data processing"
"Japan","LFS - Labour Force Survey","Employment by sex, status in employment and economic activity (thousands)","Female","Status in employment (Aggregate): Total","Economic activity (Aggregate): Agriculture","2016",807.878,,,,"Repository: ILO-STATISTICS - Micro data processing"
"Japan","LFS - Labour Force Survey","Employment by sex, status in employment and economic activity (thousands)","Female","Status in employment (Aggregate): Total","Economic activity (Aggregate): Manufacturing","2016",3108.932,,,,"Repository: ILO-STATISTICS - Micro data processing"
"Japan","LFS - Labour Force Survey","Employment by sex, status in employment and economic activity (thousands)","Female","Status in employment (Aggregate): Total","Economic activity (Aggregate): Construction","2016",728.883,,,,"Repository: ILO-STATISTICS - Micro data processing"
"Japan","LFS - Labour Force Survey","Employment by sex, status in employment and economic activity (thousands)","Female","Status in employment (Aggregate): Total","Economic activity (Aggregate): Mining and quarrying; Electricity, gas and water supply","2016",97.726,,,,"Repository: ILO-STATISTICS - Micro data processing"
"Japan","LFS - Labour Force Survey","Employment by sex, status in employment and economic activity (thousands)","Female","Status in employment (Aggregate): Total","Economic activity (Aggregate): Trade, Transportation, Accommodation and Food, and Business and Administrative Services","2016",11497.354,,,,"Repository: ILO-STATISTICS - Micro data processing"
"Japan","LFS - Labour Force Survey","Employment by sex, status in employment and economic activity (thousands)","Female","Status in employment (Aggregate): Total","Economic activity (Aggregate): Public Administration, Community, Social and other Services and Activities","2016",11605.741,,,,"Repository: ILO-STATISTICS - Micro data processing"
"Japan","LFS - Labour Force Survey","Employment by sex, status in employment and economic activity (thousands)","Total","Status in employment (Aggregate): Total","Economic activity (Aggregate): Total","2015",63200.991,,,,"Repository: ILO-STATISTICS - Micro data processing"
"Japan","LFS - Labour Force Survey","Employment by sex, status in employment and economic activity (thousands)","Total","Status in employment (Aggregate): Total","Economic activity (Aggregate): Agriculture","2015",2210.597,,,,"Repository: ILO-STATISTICS - Micro data processing"
"Japan","LFS - Labour Force Survey","Employment by sex, status in employment and economic activity (thousands)","Total","Status in employment (Aggregate): Total","Economic activity (Aggregate): Manufacturing","2015",10286.04,,,,"Repository: ILO-STATISTICS - Micro data processing"
"Japan","LFS - Labour Force Survey","Employment by sex, status in employment and economic activity (thousands)","Total","Status in employment (Aggregate): Total","Economic activity (Aggregate): Construction","2015",4931.154,,,,"Repository: ILO-STATISTICS - Micro data processing"
"Japan","LFS - Labour Force Survey","Employment by sex, status in employment and economic activity (thousands)","Total","Status in employment (Aggregate): Total","Economic activity (Aggregate): Mining and quarrying; Electricity, gas and water supply","2015",636.082,,,,"Repository: ILO-STATISTICS - Micro data processing"
"Japan","LFS - Labour Force Survey","Employment by sex, status in employment and economic activity (thousands)","Total","Status in employment (Aggregate): Total","Economic activity (Aggregate): Trade, Transportation, Accommodation and Food, and Business and Administrative Services","2015",25874.006,,,,"Repository: ILO-STATISTICS - Micro data processing"
"Japan","LFS - Labour Force Survey","Employment by sex, status in employment and economic activity (thousands)","Total","Status in employment (Aggregate): Total","Economic activity (Aggregate): Public Administration, Community, Social and other Services and Activities","2015",19263.113,,,,"Repository: ILO-STATISTICS - Micro data processing"
"Japan","LFS - Labour Force Survey","Employment by sex, status in employment and economic activity (thousands)","Male","Status in employment (Aggregate): Total","Economic activity (Aggregate): Total","2015",35905.114,,,,"Repository: ILO-STATISTICS - Micro data processing"
"Japan","LFS - Labour Force Survey","Employment by sex, status in employment and economic activity (thousands)","Male","Status in employment (Aggregate): Total","Economic activity (Aggregate): Agriculture","2015",1374.348,,,,"Repository: ILO-STATISTICS - Micro data processing"
"Japan","LFS - Labour Force Survey","Employment by sex, status in employment and economic activity (thousands)","Male","Status in employment (Aggregate): Total","Economic activity (Aggregate): Manufacturing","2015",7192.081,,,,"Repository: ILO-STATISTICS - Micro data processing"
"Japan","LFS - Labour Force Survey","Employment by sex, status in employment and economic activity (thousands)","Male","Status in employment (Aggregate): Total","Economic activity (Aggregate): Construction","2015",4195.038,,,,"Repository: ILO-STATISTICS - Micro data processing"
"Japan","LFS - Labour Force Survey","Employment by sex, status in employment and economic activity (thousands)","Male","Status in employment (Aggregate): Total","Economic activity (Aggregate): Mining and quarrying; Electricity, gas and water supply","2015",549.7,,,,"Repository: ILO-STATISTICS - Micro data processing"
"Japan","LFS - Labour Force Survey","Employment by sex, status in employment and economic activity (thousands)","Male","Status in employment (Aggregate): Total","Economic activity (Aggregate): Trade, Transportation, Accommodation and Food, and Business and Administrative Services","2015",14639.335,,,,"Repository: ILO-STATISTICS - Micro data processing"
"Japan","LFS - Labour Force Survey","Employment by sex, status in employment and economic activity (thousands)","Male","Status in employment (Aggregate): Total","Economic activity (Aggregate): Public Administration, Community, Social and other Services and Activities","2015",7954.612,,,,"Repository: ILO-STATISTICS - Micro data processing"
"Japan","LFS - Labour Force Survey","Employment by sex, status in employment and economic activity (thousands)","Female","Status in employment (Aggregate): Total","Economic activity (Aggregate): Total","2015",27295.877,,,,"Repository: ILO-STATISTICS - Micro data processing"
"Japan","LFS - Labour Force Survey","Employment by sex, status in employment and economic activity (thousands)","Female","Status in employment (Aggregate): Total","Economic activity (Aggregate): Agriculture","2015",836.249,,,,"Repository: ILO-STATISTICS - Micro data processing"
"Japan","LFS - Labour Force Survey","Employment by sex, status in employment and economic activity (thousands)","Female","Status in employment (Aggregate): Total","Economic activity (Aggregate): Manufacturing","2015",3093.959,,,,"Repository: ILO-STATISTICS - Micro data processing"
"Japan","LFS - Labour Force Survey","Employment by sex, status in employment and economic activity (thousands)","Female","Status in employment (Aggregate): Total","Economic activity (Aggregate): Construction","2015",736.116,,,,"Repository: ILO-STATISTICS - Micro data processing"
"Japan","LFS - Labour Force Survey","Employment by sex, status in employment and economic activity (thousands)","Female","Status in employment (Aggregate): Total","Economic activity (Aggregate): Mining and quarrying; Electricity, gas and water supply","2015",86.381,,,,"Repository: ILO-STATISTICS - Micro data processing"
"Japan","LFS - Labour Force Survey","Employment by sex, status in employment and economic activity (thousands)","Female","Status in employment (Aggregate): Total","Economic activity (Aggregate): Trade, Transportation, Accommodation and Food, and Business and Administrative Services","2015",11234.671,,,,"Repository: ILO-STATISTICS - Micro data processing"
"Japan","LFS - Labour Force Survey","Employment by sex, status in employment and economic activity (thousands)","Female","Status in employment (Aggregate): Total","Economic activity (Aggregate): Public Administration, Community, Social and other Services and Activities","2015",11308.502,,,,"Repository: ILO-STATISTICS - Micro data processing"
"Japan","LFS - Labour Force Survey","Employment by sex, status in employment and economic activity (thousands)","Total","Status in employment (Aggregate): Total","Economic activity (Aggregate): Total","2014",62998.469,,,,"Repository: ILO-STATISTICS - Micro data processing"
"Japan","LFS - Labour Force Survey","Employment by sex, status in employment and economic activity (thousands)","Total","Status in employment (Aggregate): Total","Economic activity (Aggregate): Agriculture","2014",2220.612,,,,"Repository: ILO-STATISTICS - Micro data processing"
"Japan","LFS - Labour Force Survey","Employment by sex, status in employment and economic activity (thousands)","Total","Status in employment (Aggregate): Total","Economic activity (Aggregate): Manufacturing","2014",10305.793,,,,"Repository: ILO-STATISTICS - Micro data processing"
"Japan","LFS - Labour Force Survey","Employment by sex, status in employment and economic activity (thousands)","Total","Status in employment (Aggregate): Total","Economic activity (Aggregate): Construction","2014",4995.471,,,,"Repository: ILO-STATISTICS - Micro data processing"
"Japan","LFS - Labour Force Survey","Employment by sex, status in employment and economic activity (thousands)","Total","Status in employment (Aggregate): Total","Economic activity (Aggregate): Mining and quarrying; Electricity, gas and water supply","2014",641.123,,,,"Repository: ILO-STATISTICS - Micro data processing"
"Japan","LFS - Labour Force Survey","Employment by sex, status in employment and economic activity (thousands)","Total","Status in employment (Aggregate): Total","Economic activity (Aggregate): Trade, Transportation, Accommodation and Food, and Business and Administrative Services","2014",25852.224,,,,"Repository: ILO-STATISTICS - Micro data processing"
"Japan","LFS - Labour Force Survey","Employment by sex, status in employment and economic activity (thousands)","Total","Status in employment (Aggregate): Total","Economic activity (Aggregate): Public Administration, Community, Social and other Services and Activities","2014",18983.247,,,,"Repository: ILO-STATISTICS - Micro data processing"
"Japan","LFS - Labour Force Survey","Employment by sex, status in employment and economic activity (thousands)","Male","Status in employment (Aggregate): Total","Economic activity (Aggregate): Total","2014",35904.886,,,,"Repository: ILO-STATISTICS - Micro data processing"
"Japan","LFS - Labour Force Survey","Employment by sex, status in employment and economic activity (thousands)","Male","Status in employment (Aggregate): Total","Economic activity (Aggregate): Agriculture","2014",1367.966,,,,"Repository: ILO-STATISTICS - Micro data processing"
"Japan","LFS - Labour Force Survey","Employment by sex, status in employment and economic activity (thousands)","Male","Status in employment (Aggregate): Total","Economic activity (Aggregate): Manufacturing","2014",7258.825,,,,"Repository: ILO-STATISTICS - Micro data processing"
"Japan","LFS - Labour Force Survey","Employment by sex, status in employment and economic activity (thousands)","Male","Status in employment (Aggregate): Total","Economic activity (Aggregate): Construction","2014",4251.367,,,,"Repository: ILO-STATISTICS - Micro data processing"
"Japan","LFS - Labour Force Survey","Employment by sex, status in employment and economic activity (thousands)","Male","Status in employment (Aggregate): Total","Economic activity (Aggregate): Mining and quarrying; Electricity, gas and water supply","2014",544.924,,,,"Repository: ILO-STATISTICS - Micro data processing"
"Japan","LFS - Labour Force Survey","Employment by sex, status in employment and economic activity (thousands)","Male","Status in employment (Aggregate): Total","Economic activity (Aggregate): Trade, Transportation, Accommodation and Food, and Business and Administrative Services","2014",14591.323,,,,"Repository: ILO-STATISTICS - Micro data processing"
"Japan","LFS - Labour Force Survey","Employment by sex, status in employment and economic activity (thousands)","Male","Status in employment (Aggregate): Total","Economic activity (Aggregate): Public Administration, Community, Social and other Services and Activities","2014",7890.481,,,,"Repository: ILO-STATISTICS - Micro data processing"
"Japan","LFS - Labour Force Survey","Employment by sex, status in employment and economic activity (thousands)","Female","Status in employment (Aggregate): Total","Economic activity (Aggregate): Total","2014",27093.583,,,,"Repository: ILO-STATISTICS - Micro data processing"
"Japan","LFS - Labour Force Survey","Employment by sex, status in employment and economic activity (thousands)","Female","Status in employment (Aggregate): Total","Economic activity (Aggregate): Agriculture","2014",852.646,,,,"Repository: ILO-STATISTICS - Micro data processing"
"Japan","LFS - Labour Force Survey","Employment by sex, status in employment and economic activity (thousands)","Female","Status in employment (Aggregate): Total","Economic activity (Aggregate): Manufacturing","2014",3046.968,,,,"Repository: ILO-STATISTICS - Micro data processing"
"Japan","LFS - Labour Force Survey","Employment by sex, status in employment and economic activity (thousands)","Female","Status in employment (Aggregate): Total","Economic activity (Aggregate): Construction","2014",744.104,,,,"Repository: ILO-STATISTICS - Micro data processing"
"Japan","LFS - Labour Force Survey","Employment by sex, status in employment and economic activity (thousands)","Female","Status in employment (Aggregate): Total","Economic activity (Aggregate): Mining and quarrying; Electricity, gas and water supply","2014",96.199,,,,"Repository: ILO-STATISTICS - Micro data processing"
"Japan","LFS - Labour Force Survey","Employment by sex, status in employment and economic activity (thousands)","Female","Status in employment (Aggregate): Total","Economic activity (Aggregate): Trade, Transportation, Accommodation and Food, and Business and Administrative Services","2014",11260.9,,,,"Repository: ILO-STATISTICS - Micro data processing"
"Japan","LFS - Labour Force Survey","Employment by sex, status in employment and economic activity (thousands)","Female","Status in employment (Aggregate): Total","Economic activity (Aggregate): Public Administration, Community, Social and other Services and Activities","2014",11092.766,,,,"Repository: ILO-STATISTICS - Micro data processing"
"Japan","LFS - Labour Force Survey","Employment by sex, status in employment and economic activity (thousands)","Total","Status in employment (Aggregate): Total","Economic activity (Aggregate): Total","2013",62560.559,,,,"Repository: ILO-STATISTICS - Micro data processing"
"Japan","LFS - Labour Force Survey","Employment by sex, status in employment and economic activity (thousands)","Total","Status in employment (Aggregate): Total","Economic activity (Aggregate): Agriculture","2013",2247.691,,,,"Repository: ILO-STATISTICS - Micro data processing"
"Japan","LFS - Labour Force Survey","Employment by sex, status in employment and economic activity (thousands)","Total","Status in employment (Aggregate): Total","Economic activity (Aggregate): Manufacturing","2013",10298.151,,,,"Repository: ILO-STATISTICS - Micro data processing"
"Japan","LFS - Labour Force Survey","Employment by sex, status in employment and economic activity (thousands)","Total","Status in employment (Aggregate): Total","Economic activity (Aggregate): Construction","2013",4934.732,,,,"Repository: ILO-STATISTICS - Micro data processing"
"Japan","LFS - Labour Force Survey","Employment by sex, status in employment and economic activity (thousands)","Total","Status in employment (Aggregate): Total","Economic activity (Aggregate): Mining and quarrying; Electricity, gas and water supply","2013",635.195,,,,"Repository: ILO-STATISTICS - Micro data processing"
"Japan","LFS - Labour Force Survey","Employment by sex, status in employment and economic activity (thousands)","Total","Status in employment (Aggregate): Total","Economic activity (Aggregate): Trade, Transportation, Accommodation and Food, and Business and Administrative Services","2013",25811.993,,,,"Repository: ILO-STATISTICS - Micro data processing"
"Japan","LFS - Labour Force Survey","Employment by sex, status in employment and economic activity (thousands)","Total","Status in employment (Aggregate): Total","Economic activity (Aggregate): Public Administration, Community, Social and other Services and Activities","2013",18632.798,,,,"Repository: ILO-STATISTICS - Micro data processing"
"Japan","LFS - Labour Force Survey","Employment by sex, status in employment and economic activity (thousands)","Male","Status in employment (Aggregate): Total","Economic activity (Aggregate): Total","2013",35757.946,,,,"Repository: ILO-STATISTICS - Micro data processing"
"Japan","LFS - Labour Force Survey","Employment by sex, status in employment and economic activity (thousands)","Male","Status in employment (Aggregate): Total","Economic activity (Aggregate): Agriculture","2013",1375.852,,,,"Repository: ILO-STATISTICS - Micro data processing"
"Japan","LFS - Labour Force Survey","Employment by sex, status in employment and economic activity (thousands)","Male","Status in employment (Aggregate): Total","Economic activity (Aggregate): Manufacturing","2013",7260.832,,,,"Repository: ILO-STATISTICS - Micro data processing"
"Japan","LFS - Labour Force Survey","Employment by sex, status in employment and economic activity (thousands)","Male","Status in employment (Aggregate): Total","Economic activity (Aggregate): Construction","2013",4232.676,,,,"Repository: ILO-STATISTICS - Micro data processing"
"Japan","LFS - Labour Force Survey","Employment by sex, status in employment and economic activity (thousands)","Male","Status in employment (Aggregate): Total","Economic activity (Aggregate): Mining and quarrying; Electricity, gas and water supply","2013",544.489,,,,"Repository: ILO-STATISTICS - Micro data processing"
"Japan","LFS - Labour Force Survey","Employment by sex, status in employment and economic activity (thousands)","Male","Status in employment (Aggregate): Total","Economic activity (Aggregate): Trade, Transportation, Accommodation and Food, and Business and Administrative Services","2013",14522.088,,,,"Repository: ILO-STATISTICS - Micro data processing"
"Japan","LFS - Labour Force Survey","Employment by sex, status in employment and economic activity (thousands)","Male","Status in employment (Aggregate): Total","Economic activity (Aggregate): Public Administration, Community, Social and other Services and Activities","2013",7822.009,,,,"Repository: ILO-STATISTICS - Micro data processing"
"Japan","LFS - Labour Force Survey","Employment by sex, status in employment and economic activity (thousands)","Female","Status in employment (Aggregate): Total","Economic activity (Aggregate): Total","2013",26802.613,,,,"Repository: ILO-STATISTICS - Micro data processing"
"Japan","LFS - Labour Force Survey","Employment by sex, status in employment and economic activity (thousands)","Female","Status in employment (Aggregate): Total","Economic activity (Aggregate): Agriculture","2013",871.839,,,,"Repository: ILO-STATISTICS - Micro data processing"
"Japan","LFS - Labour Force Survey","Employment by sex, status in employment and economic activity (thousands)","Female","Status in employment (Aggregate): Total","Economic activity (Aggregate): Manufacturing","2013",3037.318,,,,"Repository: ILO-STATISTICS - Micro data processing"
"Japan","LFS - Labour Force Survey","Employment by sex, status in employment and economic activity (thousands)","Female","Status in employment (Aggregate): Total","Economic activity (Aggregate): Construction","2013",702.056,,,,"Repository: ILO-STATISTICS - Micro data processing"
"Japan","LFS - Labour Force Survey","Employment by sex, status in employment and economic activity (thousands)","Female","Status in employment (Aggregate): Total","Economic activity (Aggregate): Mining and quarrying; Electricity, gas and water supply","2013",90.706,,,,"Repository: ILO-STATISTICS - Micro data processing"
"Japan","LFS - Labour Force Survey","Employment by sex, status in employment and economic activity (thousands)","Female","Status in employment (Aggregate): Total","Economic activity (Aggregate): Trade, Transportation, Accommodation and Food, and Business and Administrative Services","2013",11289.905,,,,"Repository: ILO-STATISTICS - Micro data processing"
"Japan","LFS - Labour Force Survey","Employment by sex, status in employment and economic activity (thousands)","Female","Status in employment (Aggregate): Total","Economic activity (Aggregate): Public Administration, Community, Social and other Services and Activities","2013",10810.789,,,,"Repository: ILO-STATISTICS - Micro data processing"
"Japan","LFS - Labour Force Survey","Employment by sex, status in employment and economic activity (thousands)","Total","Status in employment (Aggregate): Total","Economic activity (Aggregate): Total","2012",62176.734,"Break in series",,"Break in series: Methodology revised","Repository: ILO-STATISTICS - Micro data processing"
"Japan","LFS - Labour Force Survey","Employment by sex, status in employment and economic activity (thousands)","Total","Status in employment (Aggregate): Total","Economic activity (Aggregate): Agriculture","2012",2333.196,"Break in series",,"Break in series: Methodology revised","Repository: ILO-STATISTICS - Micro data processing"
"Japan","LFS - Labour Force Survey","Employment by sex, status in employment and economic activity (thousands)","Total","Status in employment (Aggregate): Total","Economic activity (Aggregate): Manufacturing","2012",10235.651,"Break in series",,"Break in series: Methodology revised","Repository: ILO-STATISTICS - Micro data processing"
"Japan","LFS - Labour Force Survey","Employment by sex, status in employment and economic activity (thousands)","Total","Status in employment (Aggregate): Total","Economic activity (Aggregate): Construction","2012",4975.845,"Break in series",,"Break in series: Methodology revised","Repository: ILO-STATISTICS - Micro data processing"
"Japan","LFS - Labour Force Survey","Employment by sex, status in employment and economic activity (thousands)","Total","Status in employment (Aggregate): Total","Economic activity (Aggregate): Mining and quarrying; Electricity, gas and water supply","2012",629.617,"Break in series",,"Break in series: Methodology revised","Repository: ILO-STATISTICS - Micro data processing"
"Japan","LFS - Labour Force Survey","Employment by sex, status in employment and economic activity (thousands)","Total","Status in employment (Aggregate): Total","Economic activity (Aggregate): Trade, Transportation, Accommodation and Food, and Business and Administrative Services","2012",26171.383,"Break in series",,"Break in series: Methodology revised","Repository: ILO-STATISTICS - Micro data processing"
"Japan","LFS - Labour Force Survey","Employment by sex, status in employment and economic activity (thousands)","Total","Status in employment (Aggregate): Total","Economic activity (Aggregate): Public Administration, Community, Social and other Services and Activities","2012",17831.043,"Break in series",,"Break in series: Methodology revised","Repository: ILO-STATISTICS - Micro data processing"
"Japan","LFS - Labour Force Survey","Employment by sex, status in employment and economic activity (thousands)","Male","Status in employment (Aggregate): Total","Economic activity (Aggregate): Total","2012",35844.013,"Break in series",,"Break in series: Methodology revised","Repository: ILO-STATISTICS - Micro data processing"
"Japan","LFS - Labour Force Survey","Employment by sex, status in employment and economic activity (thousands)","Male","Status in employment (Aggregate): Total","Economic activity (Aggregate): Agriculture","2012",1438.378,"Break in series",,"Break in series: Methodology revised","Repository: ILO-STATISTICS - Micro data processing"
"Japan","LFS - Labour Force Survey","Employment by sex, status in employment and economic activity (thousands)","Male","Status in employment (Aggregate): Total","Economic activity (Aggregate): Manufacturing","2012",7217.071,"Break in series",,"Break in series: Methodology revised","Repository: ILO-STATISTICS - Micro data processing"
"Japan","LFS - Labour Force Survey","Employment by sex, status in employment and economic activity (thousands)","Male","Status in employment (Aggregate): Total","Economic activity (Aggregate): Construction","2012",4276.281,"Break in series",,"Break in series: Methodology revised","Repository: ILO-STATISTICS - Micro data processing"
"Japan","LFS - Labour Force Survey","Employment by sex, status in employment and economic activity (thousands)","Male","Status in employment (Aggregate): Total","Economic activity (Aggregate): Mining and quarrying; Electricity, gas and water supply","2012",544.355,"Break in series",,"Break in series: Methodology revised","Repository: ILO-STATISTICS - Micro data processing"
"Japan","LFS - Labour Force Survey","Employment by sex, status in employment and economic activity (thousands)","Male","Status in employment (Aggregate): Total","Economic activity (Aggregate): Trade, Transportation, Accommodation and Food, and Business and Administrative Services","2012",14827.095,"Break in series",,"Break in series: Methodology revised","Repository: ILO-STATISTICS - Micro data processing"
"Japan","LFS - Labour Force Survey","Employment by sex, status in employment and economic activity (thousands)","Male","Status in employment (Aggregate): Total","Economic activity (Aggregate): Public Administration, Community, Social and other Services and Activities","2012",7540.834,"Break in series",,"Break in series: Methodology revised","Repository: ILO-STATISTICS - Micro data processing"
"Japan","LFS - Labour Force Survey","Employment by sex, status in employment and economic activity (thousands)","Female","Status in employment (Aggregate): Total","Economic activity (Aggregate): Total","2012",26332.721,"Break in series",,"Break in series: Methodology revised","Repository: ILO-STATISTICS - Micro data processing"
"Japan","LFS - Labour Force Survey","Employment by sex, status in employment and economic activity (thousands)","Female","Status in employment (Aggregate): Total","Economic activity (Aggregate): Agriculture","2012",894.818,"Break in series",,"Break in series: Methodology revised","Repository: ILO-STATISTICS - Micro data processing"
"Japan","LFS - Labour Force Survey","Employment by sex, status in employment and economic activity (thousands)","Female","Status in employment (Aggregate): Total","Economic activity (Aggregate): Manufacturing","2012",3018.58,"Break in series",,"Break in series: Methodology revised","Repository: ILO-STATISTICS - Micro data processing"
"Japan","LFS - Labour Force Survey","Employment by sex, status in employment and economic activity (thousands)","Female","Status in employment (Aggregate): Total","Economic activity (Aggregate): Construction","2012",699.564,"Break in series",,"Break in series: Methodology revised","Repository: ILO-STATISTICS - Micro data processing"
"Japan","LFS - Labour Force Survey","Employment by sex, status in employment and economic activity (thousands)","Female","Status in employment (Aggregate): Total","Economic activity (Aggregate): Mining and quarrying; Electricity, gas and water supply","2012",85.262,"Break in series",,"Break in series: Methodology revised","Repository: ILO-STATISTICS - Micro data processing"
"Japan","LFS - Labour Force Survey","Employment by sex, status in employment and economic activity (thousands)","Female","Status in employment (Aggregate): Total","Economic activity (Aggregate): Trade, Transportation, Accommodation and Food, and Business and Administrative Services","2012",11344.288,"Break in series",,"Break in series: Methodology revised","Repository: ILO-STATISTICS - Micro data processing"
"Japan","LFS - Labour Force Survey","Employment by sex, status in employment and economic activity (thousands)","Female","Status in employment (Aggregate): Total","Economic activity (Aggregate): Public Administration, Community, Social and other Services and Activities","2012",10290.209,"Break in series",,"Break in series: Methodology revised","Repository: ILO-STATISTICS - Micro data processing"
"Japan","LFS - Labour Force Survey","Employment by sex, status in employment and economic activity (thousands)","Total","Status in employment (Aggregate): Total","Economic activity (Aggregate): Total","2011",60587.02,,,,"Repository: ILO-STATISTICS - Micro data processing"
"Japan","LFS - Labour Force Survey","Employment by sex, status in employment and economic activity (thousands)","Total","Status in employment (Aggregate): Total","Economic activity (Aggregate): Agriculture","2011",2241.21,,,,"Repository: ILO-STATISTICS - Micro data processing"
"Japan","LFS - Labour Force Survey","Employment by sex, status in employment and economic activity (thousands)","Total","Status in employment (Aggregate): Total","Economic activity (Aggregate): Manufacturing","2011",10130.722,,,,"Repository: ILO-STATISTICS - Micro data processing"
"Japan","LFS - Labour Force Survey","Employment by sex, status in employment and economic activity (thousands)","Total","Status in employment (Aggregate): Total","Economic activity (Aggregate): Construction","2011",4817.229,,,,"Repository: ILO-STATISTICS - Micro data processing"
"Japan","LFS - Labour Force Survey","Employment by sex, status in employment and economic activity (thousands)","Total","Status in employment (Aggregate): Total","Economic activity (Aggregate): Mining and quarrying; Electricity, gas and water supply","2011",610.882,,,,"Repository: ILO-STATISTICS - Micro data processing"
"Japan","LFS - Labour Force Survey","Employment by sex, status in employment and economic activity (thousands)","Total","Status in employment (Aggregate): Total","Economic activity (Aggregate): Trade, Transportation, Accommodation and Food, and Business and Administrative Services","2011",25794.066,,,,"Repository: ILO-STATISTICS - Micro data processing"
"Japan","LFS - Labour Force Survey","Employment by sex, status in employment and economic activity (thousands)","Total","Status in employment (Aggregate): Total","Economic activity (Aggregate): Public Administration, Community, Social and other Services and Activities","2011",16992.911,,,,"Repository: ILO-STATISTICS - Micro data processing"
"Japan","LFS - Labour Force Survey","Employment by sex, status in employment and economic activity (thousands)","Male","Status in employment (Aggregate): Total","Economic activity (Aggregate): Total","2011",34984.128,,,,"Repository: ILO-STATISTICS - Micro data processing"
"Japan","LFS - Labour Force Survey","Employment by sex, status in employment and economic activity (thousands)","Male","Status in employment (Aggregate): Total","Economic activity (Aggregate): Agriculture","2011",1372.25,,,,"Repository: ILO-STATISTICS - Micro data processing"
"Japan","LFS - Labour Force Survey","Employment by sex, status in employment and economic activity (thousands)","Male","Status in employment (Aggregate): Total","Economic activity (Aggregate): Manufacturing","2011",7127.355,,,,"Repository: ILO-STATISTICS - Micro data processing"
"Japan","LFS - Labour Force Survey","Employment by sex, status in employment and economic activity (thousands)","Male","Status in employment (Aggregate): Total","Economic activity (Aggregate): Construction","2011",4145.853,,,,"Repository: ILO-STATISTICS - Micro data processing"
"Japan","LFS - Labour Force Survey","Employment by sex, status in employment and economic activity (thousands)","Male","Status in employment (Aggregate): Total","Economic activity (Aggregate): Mining and quarrying; Electricity, gas and water supply","2011",519.398,,,,"Repository: ILO-STATISTICS - Micro data processing"
"Japan","LFS - Labour Force Survey","Employment by sex, status in employment and economic activity (thousands)","Male","Status in employment (Aggregate): Total","Economic activity (Aggregate): Trade, Transportation, Accommodation and Food, and Business and Administrative Services","2011",14626.185,,,,"Repository: ILO-STATISTICS - Micro data processing"
"Japan","LFS - Labour Force Survey","Employment by sex, status in employment and economic activity (thousands)","Male","Status in employment (Aggregate): Total","Economic activity (Aggregate): Public Administration, Community, Social and other Services and Activities","2011",7193.087,,,,"Repository: ILO-STATISTICS - Micro data processing"
"Japan","LFS - Labour Force Survey","Employment by sex, status in employment and economic activity (thousands)","Female","Status in employment (Aggregate): Total","Economic activity (Aggregate): Total","2011",25602.892,,,,"Repository: ILO-STATISTICS - Micro data processing"
"Japan","LFS - Labour Force Survey","Employment by sex, status in employment and economic activity (thousands)","Female","Status in employment (Aggregate): Total","Economic activity (Aggregate): Agriculture","2011",868.96,,,,"Repository: ILO-STATISTICS - Micro data processing"
"Japan","LFS - Labour Force Survey","Employment by sex, status in employment and economic activity (thousands)","Female","Status in employment (Aggregate): Total","Economic activity (Aggregate): Manufacturing","2011",3003.367,,,,"Repository: ILO-STATISTICS - Micro data processing"
"Japan","LFS - Labour Force Survey","Employment by sex, status in employment and economic activity (thousands)","Female","Status in employment (Aggregate): Total","Economic activity (Aggregate): Construction","2011",671.376,,,,"Repository: ILO-STATISTICS - Micro data processing"
"Japan","LFS - Labour Force Survey","Employment by sex, status in employment and economic activity (thousands)","Female","Status in employment (Aggregate): Total","Economic activity (Aggregate): Mining and quarrying; Electricity, gas and water supply","2011",91.483,,,,"Repository: ILO-STATISTICS - Micro data processing"
"Japan","LFS - Labour Force Survey","Employment by sex, status in employment and economic activity (thousands)","Female","Status in employment (Aggregate): Total","Economic activity (Aggregate): Trade, Transportation, Accommodation and Food, and Business and Administrative Services","2011",11167.881,,,,"Repository: ILO-STATISTICS - Micro data processing"
"Japan","LFS - Labour Force Survey","Employment by sex, status in employment and economic activity (thousands)","Female","Status in employment (Aggregate): Total","Economic activity (Aggregate): Public Administration, Community, Social and other Services and Activities","2011",9799.824,,,,"Repository: ILO-STATISTICS - Micro data processing"
"Japan","LFS - Labour Force Survey","Employment by sex, status in employment and economic activity (thousands)","Total","Status in employment (Aggregate): Total","Economic activity (Aggregate): Total","2010",61935.129,,,,"Repository: ILO-STATISTICS - Micro data processing"
"Japan","LFS - Labour Force Survey","Employment by sex, status in employment and economic activity (thousands)","Total","Status in employment (Aggregate): Total","Economic activity (Aggregate): Agriculture","2010",2439.289,,,,"Repository: ILO-STATISTICS - Micro data processing"
"Japan","LFS - Labour Force Survey","Employment by sex, status in employment and economic activity (thousands)","Total","Status in employment (Aggregate): Total","Economic activity (Aggregate): Manufacturing","2010",10385.371,,,,"Repository: ILO-STATISTICS - Micro data processing"
"Japan","LFS - Labour Force Survey","Employment by sex, status in employment and economic activity (thousands)","Total","Status in employment (Aggregate): Total","Economic activity (Aggregate): Construction","2010",4922.81,,,,"Repository: ILO-STATISTICS - Micro data processing"
"Japan","LFS - Labour Force Survey","Employment by sex, status in employment and economic activity (thousands)","Total","Status in employment (Aggregate): Total","Economic activity (Aggregate): Mining and quarrying; Electricity, gas and water supply","2010",669.813,,,,"Repository: ILO-STATISTICS - Micro data processing"
"Japan","LFS - Labour Force Survey","Employment by sex, status in employment and economic activity (thousands)","Total","Status in employment (Aggregate): Total","Economic activity (Aggregate): Trade, Transportation, Accommodation and Food, and Business and Administrative Services","2010",26487.946,,,,"Repository: ILO-STATISTICS - Micro data processing"
"Japan","LFS - Labour Force Survey","Employment by sex, status in employment and economic activity (thousands)","Total","Status in employment (Aggregate): Total","Economic activity (Aggregate): Public Administration, Community, Social and other Services and Activities","2010",17029.899,,,,"Repository: ILO-STATISTICS - Micro data processing"
"Japan","LFS - Labour Force Survey","Employment by sex, status in employment and economic activity (thousands)","Male","Status in employment (Aggregate): Total","Economic activity (Aggregate): Total","2010",35743.456,,,,"Repository: ILO-STATISTICS - Micro data processing"
"Japan","LFS - Labour Force Survey","Employment by sex, status in employment and economic activity (thousands)","Male","Status in employment (Aggregate): Total","Economic activity (Aggregate): Agriculture","2010",1456.726,,,,"Repository: ILO-STATISTICS - Micro data processing"
"Japan","LFS - Labour Force Survey","Employment by sex, status in employment and economic activity (thousands)","Male","Status in employment (Aggregate): Total","Economic activity (Aggregate): Manufacturing","2010",7272.171,,,,"Repository: ILO-STATISTICS - Micro data processing"
"Japan","LFS - Labour Force Survey","Employment by sex, status in employment and economic activity (thousands)","Male","Status in employment (Aggregate): Total","Economic activity (Aggregate): Construction","2010",4236.45,,,,"Repository: ILO-STATISTICS - Micro data processing"
"Japan","LFS - Labour Force Survey","Employment by sex, status in employment and economic activity (thousands)","Male","Status in employment (Aggregate): Total","Economic activity (Aggregate): Mining and quarrying; Electricity, gas and water supply","2010",580.353,,,,"Repository: ILO-STATISTICS - Micro data processing"
"Japan","LFS - Labour Force Survey","Employment by sex, status in employment and economic activity (thousands)","Male","Status in employment (Aggregate): Total","Economic activity (Aggregate): Trade, Transportation, Accommodation and Food, and Business and Administrative Services","2010",15000.917,,,,"Repository: ILO-STATISTICS - Micro data processing"
"Japan","LFS - Labour Force Survey","Employment by sex, status in employment and economic activity (thousands)","Male","Status in employment (Aggregate): Total","Economic activity (Aggregate): Public Administration, Community, Social and other Services and Activities","2010",7196.84,,,,"Repository: ILO-STATISTICS - Micro data processing"
"Japan","LFS - Labour Force Survey","Employment by sex, status in employment and economic activity (thousands)","Female","Status in employment (Aggregate): Total","Economic activity (Aggregate): Total","2010",26191.672,,,,"Repository: ILO-STATISTICS - Micro data processing"
"Japan","LFS - Labour Force Survey","Employment by sex, status in employment and economic activity (thousands)","Female","Status in employment (Aggregate): Total","Economic activity (Aggregate): Agriculture","2010",982.564,,,,"Repository: ILO-STATISTICS - Micro data processing"
"Japan","LFS - Labour Force Survey","Employment by sex, status in employment and economic activity (thousands)","Female","Status in employment (Aggregate): Total","Economic activity (Aggregate): Manufacturing","2010",3113.2,,,,"Repository: ILO-STATISTICS - Micro data processing"
"Japan","LFS - Labour Force Survey","Employment by sex, status in employment and economic activity (thousands)","Female","Status in employment (Aggregate): Total","Economic activity (Aggregate): Construction","2010",686.36,,,,"Repository: ILO-STATISTICS - Micro data processing"
"Japan","LFS - Labour Force Survey","Employment by sex, status in employment and economic activity (thousands)","Female","Status in employment (Aggregate): Total","Economic activity (Aggregate): Mining and quarrying; Electricity, gas and water supply","2010",89.46,,,,"Repository: ILO-STATISTICS - Micro data processing"
"Japan","LFS - Labour Force Survey","Employment by sex, status in employment and economic activity (thousands)","Female","Status in employment (Aggregate): Total","Economic activity (Aggregate): Trade, Transportation, Accommodation and Food, and Business and Administrative Services","2010",11487.03,,,,"Repository: ILO-STATISTICS - Micro data processing"
"Japan","LFS - Labour Force Survey","Employment by sex, status in employment and economic activity (thousands)","Female","Status in employment (Aggregate): Total","Economic activity (Aggregate): Public Administration, Community, Social and other Services and Activities","2010",9833.059,,,,"Repository: ILO-STATISTICS - Micro data processing"
"Japan","LFS - Labour Force Survey","Employment by sex, status in employment and economic activity (thousands)","Total","Status in employment (Aggregate): Total","Economic activity (Aggregate): Total","2009",62266.663,,,,"Repository: ILO-STATISTICS - Micro data processing"
"Japan","LFS - Labour Force Survey","Employment by sex, status in employment and economic activity (thousands)","Total","Status in employment (Aggregate): Total","Economic activity (Aggregate): Agriculture","2009",2530.619,,,,"Repository: ILO-STATISTICS - Micro data processing"
"Japan","LFS - Labour Force Survey","Employment by sex, status in employment and economic activity (thousands)","Total","Status in employment (Aggregate): Total","Economic activity (Aggregate): Manufacturing","2009",10640.694,,,,"Repository: ILO-STATISTICS - Micro data processing"
"Japan","LFS - Labour Force Survey","Employment by sex, status in employment and economic activity (thousands)","Total","Status in employment (Aggregate): Total","Economic activity (Aggregate): Construction","2009",5088.731,,,,"Repository: ILO-STATISTICS - Micro data processing"
"Japan","LFS - Labour Force Survey","Employment by sex, status in employment and economic activity (thousands)","Total","Status in employment (Aggregate): Total","Economic activity (Aggregate): Mining and quarrying; Electricity, gas and water supply","2009",698.01,,,,"Repository: ILO-STATISTICS - Micro data processing"
"Japan","LFS - Labour Force Survey","Employment by sex, status in employment and economic activity (thousands)","Total","Status in employment (Aggregate): Total","Economic activity (Aggregate): Trade, Transportation, Accommodation and Food, and Business and Administrative Services","2009",26523.565,,,,"Repository: ILO-STATISTICS - Micro data processing"
"Japan","LFS - Labour Force Survey","Employment by sex, status in employment and economic activity (thousands)","Total","Status in employment (Aggregate): Total","Economic activity (Aggregate): Public Administration, Community, Social and other Services and Activities","2009",16785.045,,,,"Repository: ILO-STATISTICS - Micro data processing"
"Japan","LFS - Labour Force Survey","Employment by sex, status in employment and economic activity (thousands)","Male","Status in employment (Aggregate): Total","Economic activity (Aggregate): Total","2009",36085.323,,,,"Repository: ILO-STATISTICS - Micro data processing"
"Japan","LFS - Labour Force Survey","Employment by sex, status in employment and economic activity (thousands)","Male","Status in employment (Aggregate): Total","Economic activity (Aggregate): Agriculture","2009",1499.721,,,,"Repository: ILO-STATISTICS - Micro data processing"
"Japan","LFS - Labour Force Survey","Employment by sex, status in employment and economic activity (thousands)","Male","Status in employment (Aggregate): Total","Economic activity (Aggregate): Manufacturing","2009",7456.331,,,,"Repository: ILO-STATISTICS - Micro data processing"
"Japan","LFS - Labour Force Survey","Employment by sex, status in employment and economic activity (thousands)","Male","Status in employment (Aggregate): Total","Economic activity (Aggregate): Construction","2009",4352.899,,,,"Repository: ILO-STATISTICS - Micro data processing"
"Japan","LFS - Labour Force Survey","Employment by sex, status in employment and economic activity (thousands)","Male","Status in employment (Aggregate): Total","Economic activity (Aggregate): Mining and quarrying; Electricity, gas and water supply","2009",607.554,,,,"Repository: ILO-STATISTICS - Micro data processing"
"Japan","LFS - Labour Force Survey","Employment by sex, status in employment and economic activity (thousands)","Male","Status in employment (Aggregate): Total","Economic activity (Aggregate): Trade, Transportation, Accommodation and Food, and Business and Administrative Services","2009",14984.408,,,,"Repository: ILO-STATISTICS - Micro data processing"
"Japan","LFS - Labour Force Survey","Employment by sex, status in employment and economic activity (thousands)","Male","Status in employment (Aggregate): Total","Economic activity (Aggregate): Public Administration, Community, Social and other Services and Activities","2009",7184.409,,,,"Repository: ILO-STATISTICS - Micro data processing"
"Japan","LFS - Labour Force Survey","Employment by sex, status in employment and economic activity (thousands)","Female","Status in employment (Aggregate): Total","Economic activity (Aggregate): Total","2009",26181.341,,,,"Repository: ILO-STATISTICS - Micro data processing"
"Japan","LFS - Labour Force Survey","Employment by sex, status in employment and economic activity (thousands)","Female","Status in employment (Aggregate): Total","Economic activity (Aggregate): Agriculture","2009",1030.898,,,,"Repository: ILO-STATISTICS - Micro data processing"
"Japan","LFS - Labour Force Survey","Employment by sex, status in employment and economic activity (thousands)","Female","Status in employment (Aggregate): Total","Economic activity (Aggregate): Manufacturing","2009",3184.362,,,,"Repository: ILO-STATISTICS - Micro data processing"
"Japan","LFS - Labour Force Survey","Employment by sex, status in employment and economic activity (thousands)","Female","Status in employment (Aggregate): Total","Economic activity (Aggregate): Construction","2009",735.832,,,,"Repository: ILO-STATISTICS - Micro data processing"
"Japan","LFS - Labour Force Survey","Employment by sex, status in employment and economic activity (thousands)","Female","Status in employment (Aggregate): Total","Economic activity (Aggregate): Mining and quarrying; Electricity, gas and water supply","2009",90.456,,,,"Repository: ILO-STATISTICS - Micro data processing"
"Japan","LFS - Labour Force Survey","Employment by sex, status in employment and economic activity (thousands)","Female","Status in employment (Aggregate): Total","Economic activity (Aggregate): Trade, Transportation, Accommodation and Food, and Business and Administrative Services","2009",11539.156,,,,"Repository: ILO-STATISTICS - Micro data processing"
"Japan","LFS - Labour Force Survey","Employment by sex, status in employment and economic activity (thousands)","Female","Status in employment (Aggregate): Total","Economic activity (Aggregate): Public Administration, Community, Social and other Services and Activities","2009",9600.636,,,,"Repository: ILO-STATISTICS - Micro data processing"
"Japan","LFS - Labour Force Survey","Employment by sex, status in employment and economic activity (thousands)","Total","Status in employment (Aggregate): Total","Economic activity (Aggregate): Total","2008",63232.769,,,,"Repository: ILO-STATISTICS - Micro data processing"
"Japan","LFS - Labour Force Survey","Employment by sex, status in employment and economic activity (thousands)","Total","Status in employment (Aggregate): Total","Economic activity (Aggregate): Agriculture","2008",2617.074,,,,"Repository: ILO-STATISTICS - Micro data processing"
"Japan","LFS - Labour Force Survey","Employment by sex, status in employment and economic activity (thousands)","Total","Status in employment (Aggregate): Total","Economic activity (Aggregate): Manufacturing","2008",11643.981,,,,"Repository: ILO-STATISTICS - Micro data processing"
"Japan","LFS - Labour Force Survey","Employment by sex, status in employment and economic activity (thousands)","Total","Status in employment (Aggregate): Total","Economic activity (Aggregate): Construction","2008",5296.848,,,,"Repository: ILO-STATISTICS - Micro data processing"
"Japan","LFS - Labour Force Survey","Employment by sex, status in employment and economic activity (thousands)","Total","Status in employment (Aggregate): Total","Economic activity (Aggregate): Mining and quarrying; Electricity, gas and water supply","2008",660.424,,,,"Repository: ILO-STATISTICS - Micro data processing"
"Japan","LFS - Labour Force Survey","Employment by sex, status in employment and economic activity (thousands)","Total","Status in employment (Aggregate): Total","Economic activity (Aggregate): Trade, Transportation, Accommodation and Food, and Business and Administrative Services","2008",28560.713,,,,"Repository: ILO-STATISTICS - Micro data processing"
"Japan","LFS - Labour Force Survey","Employment by sex, status in employment and economic activity (thousands)","Total","Status in employment (Aggregate): Total","Economic activity (Aggregate): Public Administration, Community, Social and other Services and Activities","2008",14453.731,,,,"Repository: ILO-STATISTICS - Micro data processing"
"Japan","LFS - Labour Force Survey","Employment by sex, status in employment and economic activity (thousands)","Male","Status in employment (Aggregate): Total","Economic activity (Aggregate): Total","2008",36874.285,,,,"Repository: ILO-STATISTICS - Micro data processing"
"Japan","LFS - Labour Force Survey","Employment by sex, status in employment and economic activity (thousands)","Male","Status in employment (Aggregate): Total","Economic activity (Aggregate): Agriculture","2008",1531.889,,,,"Repository: ILO-STATISTICS - Micro data processing"
"Japan","LFS - Labour Force Survey","Employment by sex, status in employment and economic activity (thousands)","Male","Status in employment (Aggregate): Total","Economic activity (Aggregate): Manufacturing","2008",8101.731,,,,"Repository: ILO-STATISTICS - Micro data processing"
"Japan","LFS - Labour Force Survey","Employment by sex, status in employment and economic activity (thousands)","Male","Status in employment (Aggregate): Total","Economic activity (Aggregate): Construction","2008",4526.719,,,,"Repository: ILO-STATISTICS - Micro data processing"
"Japan","LFS - Labour Force Survey","Employment by sex, status in employment and economic activity (thousands)","Male","Status in employment (Aggregate): Total","Economic activity (Aggregate): Mining and quarrying; Electricity, gas and water supply","2008",575.825,,,,"Repository: ILO-STATISTICS - Micro data processing"
"Japan","LFS - Labour Force Survey","Employment by sex, status in employment and economic activity (thousands)","Male","Status in employment (Aggregate): Total","Economic activity (Aggregate): Trade, Transportation, Accommodation and Food, and Business and Administrative Services","2008",16131.816,,,,"Repository: ILO-STATISTICS - Micro data processing"
"Japan","LFS - Labour Force Survey","Employment by sex, status in employment and economic activity (thousands)","Male","Status in employment (Aggregate): Total","Economic activity (Aggregate): Public Administration, Community, Social and other Services and Activities","2008",6006.305,,,,"Repository: ILO-STATISTICS - Micro data processing"
"Japan","LFS - Labour Force Survey","Employment by sex, status in employment and economic activity (thousands)","Female","Status in employment (Aggregate): Total","Economic activity (Aggregate): Total","2008",26358.484,,,,"Repository: ILO-STATISTICS - Micro data processing"
"Japan","LFS - Labour Force Survey","Employment by sex, status in employment and economic activity (thousands)","Female","Status in employment (Aggregate): Total","Economic activity (Aggregate): Agriculture","2008",1085.184,,,,"Repository: ILO-STATISTICS - Micro data processing"
"Japan","LFS - Labour Force Survey","Employment by sex, status in employment and economic activity (thousands)","Female","Status in employment (Aggregate): Total","Economic activity (Aggregate): Manufacturing","2008",3542.249,,,,"Repository: ILO-STATISTICS - Micro data processing"
"Japan","LFS - Labour Force Survey","Employment by sex, status in employment and economic activity (thousands)","Female","Status in employment (Aggregate): Total","Economic activity (Aggregate): Construction","2008",770.129,,,,"Repository: ILO-STATISTICS - Micro data processing"
"Japan","LFS - Labour Force Survey","Employment by sex, status in employment and economic activity (thousands)","Female","Status in employment (Aggregate): Total","Economic activity (Aggregate): Mining and quarrying; Electricity, gas and water supply","2008",84.599,,,,"Repository: ILO-STATISTICS - Micro data processing"
"Japan","LFS - Labour Force Survey","Employment by sex, status in employment and economic activity (thousands)","Female","Status in employment (Aggregate): Total","Economic activity (Aggregate): Trade, Transportation, Accommodation and Food, and Business and Administrative Services","2008",12428.897,,,,"Repository: ILO-STATISTICS - Micro data processing"
"Japan","LFS - Labour Force Survey","Employment by sex, status in employment and economic activity (thousands)","Female","Status in employment (Aggregate): Total","Economic activity (Aggregate): Public Administration, Community, Social and other Services and Activities","2008",8447.426,,,,"Repository: ILO-STATISTICS - Micro data processing"
"Japan","LFS - Labour Force Survey","Employment by sex, status in employment and economic activity (thousands)","Total","Status in employment (Aggregate): Total","Economic activity (Aggregate): Total","2007",63512.672,,,,"Repository: ILO-STATISTICS - Micro data processing"
"Japan","LFS - Labour Force Survey","Employment by sex, status in employment and economic activity (thousands)","Total","Status in employment (Aggregate): Total","Economic activity (Aggregate): Agriculture","2007",2634.102,,,,"Repository: ILO-STATISTICS - Micro data processing"
"Japan","LFS - Labour Force Survey","Employment by sex, status in employment and economic activity (thousands)","Total","Status in employment (Aggregate): Total","Economic activity (Aggregate): Manufacturing","2007",11876.835,,,,"Repository: ILO-STATISTICS - Micro data processing"
"Japan","LFS - Labour Force Survey","Employment by sex, status in employment and economic activity (thousands)","Total","Status in employment (Aggregate): Total","Economic activity (Aggregate): Construction","2007",5460.93,,,,"Repository: ILO-STATISTICS - Micro data processing"
"Japan","LFS - Labour Force Survey","Employment by sex, status in employment and economic activity (thousands)","Total","Status in employment (Aggregate): Total","Economic activity (Aggregate): Mining and quarrying; Electricity, gas and water supply","2007",664.498,,,,"Repository: ILO-STATISTICS - Micro data processing"
"Japan","LFS - Labour Force Survey","Employment by sex, status in employment and economic activity (thousands)","Total","Status in employment (Aggregate): Total","Economic activity (Aggregate): Trade, Transportation, Accommodation and Food, and Business and Administrative Services","2007",28606.171,,,,"Repository: ILO-STATISTICS - Micro data processing"
"Japan","LFS - Labour Force Survey","Employment by sex, status in employment and economic activity (thousands)","Total","Status in employment (Aggregate): Total","Economic activity (Aggregate): Public Administration, Community, Social and other Services and Activities","2007",14270.136,,,,"Repository: ILO-STATISTICS - Micro data processing"
"Japan","LFS - Labour Force Survey","Employment by sex, status in employment and economic activity (thousands)","Male","Status in employment (Aggregate): Total","Economic activity (Aggregate): Total","2007",37144.919,,,,"Repository: ILO-STATISTICS - Micro data processing"
"Japan","LFS - Labour Force Survey","Employment by sex, status in employment and economic activity (thousands)","Male","Status in employment (Aggregate): Total","Economic activity (Aggregate): Agriculture","2007",1528.392,,,,"Repository: ILO-STATISTICS - Micro data processing"
"Japan","LFS - Labour Force Survey","Employment by sex, status in employment and economic activity (thousands)","Male","Status in employment (Aggregate): Total","Economic activity (Aggregate): Manufacturing","2007",8199.327,,,,"Repository: ILO-STATISTICS - Micro data processing"
"Japan","LFS - Labour Force Survey","Employment by sex, status in employment and economic activity (thousands)","Male","Status in employment (Aggregate): Total","Economic activity (Aggregate): Construction","2007",4655.811,,,,"Repository: ILO-STATISTICS - Micro data processing"
"Japan","LFS - Labour Force Survey","Employment by sex, status in employment and economic activity (thousands)","Male","Status in employment (Aggregate): Total","Economic activity (Aggregate): Mining and quarrying; Electricity, gas and water supply","2007",577.868,,,,"Repository: ILO-STATISTICS - Micro data processing"
"Japan","LFS - Labour Force Survey","Employment by sex, status in employment and economic activity (thousands)","Male","Status in employment (Aggregate): Total","Economic activity (Aggregate): Trade, Transportation, Accommodation and Food, and Business and Administrative Services","2007",16180.61,,,,"Repository: ILO-STATISTICS - Micro data processing"
"Japan","LFS - Labour Force Survey","Employment by sex, status in employment and economic activity (thousands)","Male","Status in employment (Aggregate): Total","Economic activity (Aggregate): Public Administration, Community, Social and other Services and Activities","2007",6002.911,,,,"Repository: ILO-STATISTICS - Micro data processing"
"Japan","LFS - Labour Force Survey","Employment by sex, status in employment and economic activity (thousands)","Female","Status in employment (Aggregate): Total","Economic activity (Aggregate): Total","2007",26367.753,,,,"Repository: ILO-STATISTICS - Micro data processing"
"Japan","LFS - Labour Force Survey","Employment by sex, status in employment and economic activity (thousands)","Female","Status in employment (Aggregate): Total","Economic activity (Aggregate): Agriculture","2007",1105.709,,,,"Repository: ILO-STATISTICS - Micro data processing"
"Japan","LFS - Labour Force Survey","Employment by sex, status in employment and economic activity (thousands)","Female","Status in employment (Aggregate): Total","Economic activity (Aggregate): Manufacturing","2007",3677.507,,,,"Repository: ILO-STATISTICS - Micro data processing"
"Japan","LFS - Labour Force Survey","Employment by sex, status in employment and economic activity (thousands)","Female","Status in employment (Aggregate): Total","Economic activity (Aggregate): Construction","2007",805.119,,,,"Repository: ILO-STATISTICS - Micro data processing"
"Japan","LFS - Labour Force Survey","Employment by sex, status in employment and economic activity (thousands)","Female","Status in employment (Aggregate): Total","Economic activity (Aggregate): Mining and quarrying; Electricity, gas and water supply","2007",86.63,,,,"Repository: ILO-STATISTICS - Micro data processing"
"Japan","LFS - Labour Force Survey","Employment by sex, status in employment and economic activity (thousands)","Female","Status in employment (Aggregate): Total","Economic activity (Aggregate): Trade, Transportation, Accommodation and Food, and Business and Administrative Services","2007",12425.562,,,,"Repository: ILO-STATISTICS - Micro data processing"
"Japan","LFS - Labour Force Survey","Employment by sex, status in employment and economic activity (thousands)","Female","Status in employment (Aggregate): Total","Economic activity (Aggregate): Public Administration, Community, Social and other Services and Activities","2007",8267.225,,,,"Repository: ILO-STATISTICS - Micro data processing"
"Japan","LFS - Labour Force Survey","Employment by sex, status in employment and economic activity (thousands)","Total","Status in employment (Aggregate): Total","Economic activity (Aggregate): Total","2006",63062.613,,,,"Repository: ILO-STATISTICS - Micro data processing"
"Japan","LFS - Labour Force Survey","Employment by sex, status in employment and economic activity (thousands)","Total","Status in employment (Aggregate): Total","Economic activity (Aggregate): Agriculture","2006",2631.884,,,,"Repository: ILO-STATISTICS - Micro data processing"
"Japan","LFS - Labour Force Survey","Employment by sex, status in employment and economic activity (thousands)","Total","Status in employment (Aggregate): Total","Economic activity (Aggregate): Manufacturing","2006",11814.443,,,,"Repository: ILO-STATISTICS - Micro data processing"
"Japan","LFS - Labour Force Survey","Employment by sex, status in employment and economic activity (thousands)","Total","Status in employment (Aggregate): Total","Economic activity (Aggregate): Construction","2006",5519.912,,,,"Repository: ILO-STATISTICS - Micro data processing"
"Japan","LFS - Labour Force Survey","Employment by sex, status in employment and economic activity (thousands)","Total","Status in employment (Aggregate): Total","Economic activity (Aggregate): Mining and quarrying; Electricity, gas and water supply","2006",677.64,,,,"Repository: ILO-STATISTICS - Micro data processing"
"Japan","LFS - Labour Force Survey","Employment by sex, status in employment and economic activity (thousands)","Total","Status in employment (Aggregate): Total","Economic activity (Aggregate): Trade, Transportation, Accommodation and Food, and Business and Administrative Services","2006",28272.502,,,,"Repository: ILO-STATISTICS - Micro data processing"
"Japan","LFS - Labour Force Survey","Employment by sex, status in employment and economic activity (thousands)","Total","Status in employment (Aggregate): Total","Economic activity (Aggregate): Public Administration, Community, Social and other Services and Activities","2006",14146.231,,,,"Repository: ILO-STATISTICS - Micro data processing"
"Japan","LFS - Labour Force Survey","Employment by sex, status in employment and economic activity (thousands)","Male","Status in employment (Aggregate): Total","Economic activity (Aggregate): Total","2006",36804.613,,,,"Repository: ILO-STATISTICS - Micro data processing"
"Japan","LFS - Labour Force Survey","Employment by sex, status in employment and economic activity (thousands)","Male","Status in employment (Aggregate): Total","Economic activity (Aggregate): Agriculture","2006",1533.838,,,,"Repository: ILO-STATISTICS - Micro data processing"
"Japan","LFS - Labour Force Survey","Employment by sex, status in employment and economic activity (thousands)","Male","Status in employment (Aggregate): Total","Economic activity (Aggregate): Manufacturing","2006",8061.647,,,,"Repository: ILO-STATISTICS - Micro data processing"
"Japan","LFS - Labour Force Survey","Employment by sex, status in employment and economic activity (thousands)","Male","Status in employment (Aggregate): Total","Economic activity (Aggregate): Construction","2006",4717.639,,,,"Repository: ILO-STATISTICS - Micro data processing"
"Japan","LFS - Labour Force Survey","Employment by sex, status in employment and economic activity (thousands)","Male","Status in employment (Aggregate): Total","Economic activity (Aggregate): Mining and quarrying; Electricity, gas and water supply","2006",589.717,,,,"Repository: ILO-STATISTICS - Micro data processing"
"Japan","LFS - Labour Force Survey","Employment by sex, status in employment and economic activity (thousands)","Male","Status in employment (Aggregate): Total","Economic activity (Aggregate): Trade, Transportation, Accommodation and Food, and Business and Administrative Services","2006",15983.364,,,,"Repository: ILO-STATISTICS - Micro data processing"
"Japan","LFS - Labour Force Survey","Employment by sex, status in employment and economic activity (thousands)","Male","Status in employment (Aggregate): Total","Economic activity (Aggregate): Public Administration, Community, Social and other Services and Activities","2006",5918.407,,,,"Repository: ILO-STATISTICS - Micro data processing"
"Japan","LFS - Labour Force Survey","Employment by sex, status in employment and economic activity (thousands)","Female","Status in employment (Aggregate): Total","Economic activity (Aggregate): Total","2006",26258,,,,"Repository: ILO-STATISTICS - Micro data processing"
"Japan","LFS - Labour Force Survey","Employment by sex, status in employment and economic activity (thousands)","Female","Status in employment (Aggregate): Total","Economic activity (Aggregate): Agriculture","2006",1098.047,,,,"Repository: ILO-STATISTICS - Micro data processing"
"Japan","LFS - Labour Force Survey","Employment by sex, status in employment and economic activity (thousands)","Female","Status in employment (Aggregate): Total","Economic activity (Aggregate): Manufacturing","2006",3752.795,,,,"Repository: ILO-STATISTICS - Micro data processing"
"Japan","LFS - Labour Force Survey","Employment by sex, status in employment and economic activity (thousands)","Female","Status in employment (Aggregate): Total","Economic activity (Aggregate): Construction","2006",802.272,,,,"Repository: ILO-STATISTICS - Micro data processing"
"Japan","LFS - Labour Force Survey","Employment by sex, status in employment and economic activity (thousands)","Female","Status in employment (Aggregate): Total","Economic activity (Aggregate): Mining and quarrying; Electricity, gas and water supply","2006",87.923,,,,"Repository: ILO-STATISTICS - Micro data processing"
"Japan","LFS - Labour Force Survey","Employment by sex, status in employment and economic activity (thousands)","Female","Status in employment (Aggregate): Total","Economic activity (Aggregate): Trade, Transportation, Accommodation and Food, and Business and Administrative Services","2006",12289.138,,,,"Repository: ILO-STATISTICS - Micro data processing"
"Japan","LFS - Labour Force Survey","Employment by sex, status in employment and economic activity (thousands)","Female","Status in employment (Aggregate): Total","Economic activity (Aggregate): Public Administration, Community, Social and other Services and Activities","2006",8227.824,,,,"Repository: ILO-STATISTICS - Micro data processing"
"Japan","LFS - Labour Force Survey","Employment by sex, status in employment and economic activity (thousands)","Total","Status in employment (Aggregate): Total","Economic activity (Aggregate): Total","2005",62823.237,,,,"Repository: ILO-STATISTICS - Micro data processing"
"Japan","LFS - Labour Force Survey","Employment by sex, status in employment and economic activity (thousands)","Total","Status in employment (Aggregate): Total","Economic activity (Aggregate): Agriculture","2005",2707.066,,,,"Repository: ILO-STATISTICS - Micro data processing"
"Japan","LFS - Labour Force Survey","Employment by sex, status in employment and economic activity (thousands)","Total","Status in employment (Aggregate): Total","Economic activity (Aggregate): Manufacturing","2005",11600.558,,,,"Repository: ILO-STATISTICS - Micro data processing"
"Japan","LFS - Labour Force Survey","Employment by sex, status in employment and economic activity (thousands)","Total","Status in employment (Aggregate): Total","Economic activity (Aggregate): Construction","2005",5610.655,,,,"Repository: ILO-STATISTICS - Micro data processing"
"Japan","LFS - Labour Force Survey","Employment by sex, status in employment and economic activity (thousands)","Total","Status in employment (Aggregate): Total","Economic activity (Aggregate): Mining and quarrying; Electricity, gas and water supply","2005",658.545,,,,"Repository: ILO-STATISTICS - Micro data processing"
"Japan","LFS - Labour Force Survey","Employment by sex, status in employment and economic activity (thousands)","Total","Status in employment (Aggregate): Total","Economic activity (Aggregate): Trade, Transportation, Accommodation and Food, and Business and Administrative Services","2005",28218.808,,,,"Repository: ILO-STATISTICS - Micro data processing"
"Japan","LFS - Labour Force Survey","Employment by sex, status in employment and economic activity (thousands)","Total","Status in employment (Aggregate): Total","Economic activity (Aggregate): Public Administration, Community, Social and other Services and Activities","2005",14027.605,,,,"Repository: ILO-STATISTICS - Micro data processing"
"Japan","LFS - Labour Force Survey","Employment by sex, status in employment and economic activity (thousands)","Male","Status in employment (Aggregate): Total","Economic activity (Aggregate): Total","2005",36751.035,,,,"Repository: ILO-STATISTICS - Micro data processing"
"Japan","LFS - Labour Force Survey","Employment by sex, status in employment and economic activity (thousands)","Male","Status in employment (Aggregate): Total","Economic activity (Aggregate): Agriculture","2005",1566.152,,,,"Repository: ILO-STATISTICS - Micro data processing"
"Japan","LFS - Labour Force Survey","Employment by sex, status in employment and economic activity (thousands)","Male","Status in employment (Aggregate): Total","Economic activity (Aggregate): Manufacturing","2005",7913.014,,,,"Repository: ILO-STATISTICS - Micro data processing"
"Japan","LFS - Labour Force Survey","Employment by sex, status in employment and economic activity (thousands)","Male","Status in employment (Aggregate): Total","Economic activity (Aggregate): Construction","2005",4802.183,,,,"Repository: ILO-STATISTICS - Micro data processing"
"Japan","LFS - Labour Force Survey","Employment by sex, status in employment and economic activity (thousands)","Male","Status in employment (Aggregate): Total","Economic activity (Aggregate): Mining and quarrying; Electricity, gas and water supply","2005",576.069,,,,"Repository: ILO-STATISTICS - Micro data processing"
"Japan","LFS - Labour Force Survey","Employment by sex, status in employment and economic activity (thousands)","Male","Status in employment (Aggregate): Total","Economic activity (Aggregate): Trade, Transportation, Accommodation and Food, and Business and Administrative Services","2005",15959.948,,,,"Repository: ILO-STATISTICS - Micro data processing"
"Japan","LFS - Labour Force Survey","Employment by sex, status in employment and economic activity (thousands)","Male","Status in employment (Aggregate): Total","Economic activity (Aggregate): Public Administration, Community, Social and other Services and Activities","2005",5933.668,,,,"Repository: ILO-STATISTICS - Micro data processing"
"Japan","LFS - Labour Force Survey","Employment by sex, status in employment and economic activity (thousands)","Female","Status in employment (Aggregate): Total","Economic activity (Aggregate): Total","2005",26072.202,,,,"Repository: ILO-STATISTICS - Micro data processing"
"Japan","LFS - Labour Force Survey","Employment by sex, status in employment and economic activity (thousands)","Female","Status in employment (Aggregate): Total","Economic activity (Aggregate): Agriculture","2005",1140.914,,,,"Repository: ILO-STATISTICS - Micro data processing"
"Japan","LFS - Labour Force Survey","Employment by sex, status in employment and economic activity (thousands)","Female","Status in employment (Aggregate): Total","Economic activity (Aggregate): Manufacturing","2005",3687.544,,,,"Repository: ILO-STATISTICS - Micro data processing"
"Japan","LFS - Labour Force Survey","Employment by sex, status in employment and economic activity (thousands)","Female","Status in employment (Aggregate): Total","Economic activity (Aggregate): Construction","2005",808.472,,,,"Repository: ILO-STATISTICS - Micro data processing"
"Japan","LFS - Labour Force Survey","Employment by sex, status in employment and economic activity (thousands)","Female","Status in employment (Aggregate): Total","Economic activity (Aggregate): Mining and quarrying; Electricity, gas and water supply","2005",82.476,,,,"Repository: ILO-STATISTICS - Micro data processing"
"Japan","LFS - Labour Force Survey","Employment by sex, status in employment and economic activity (thousands)","Female","Status in employment (Aggregate): Total","Economic activity (Aggregate): Trade, Transportation, Accommodation and Food, and Business and Administrative Services","2005",12258.86,,,,"Repository: ILO-STATISTICS - Micro data processing"
"Japan","LFS - Labour Force Survey","Employment by sex, status in employment and economic activity (thousands)","Female","Status in employment (Aggregate): Total","Economic activity (Aggregate): Public Administration, Community, Social and other Services and Activities","2005",8093.937,,,,"Repository: ILO-STATISTICS - Micro data processing"
"Japan","LFS - Labour Force Survey","Employment by sex, status in employment and economic activity (thousands)","Total","Status in employment (Aggregate): Total","Economic activity (Aggregate): Total","2004",62545.382,,,,"Repository: ILO-STATISTICS - Micro data processing"
"Japan","LFS - Labour Force Survey","Employment by sex, status in employment and economic activity (thousands)","Total","Status in employment (Aggregate): Total","Economic activity (Aggregate): Agriculture","2004",2792.75,,,,"Repository: ILO-STATISTICS - Micro data processing"
"Japan","LFS - Labour Force Survey","Employment by sex, status in employment and economic activity (thousands)","Total","Status in employment (Aggregate): Total","Economic activity (Aggregate): Manufacturing","2004",11681.242,,,,"Repository: ILO-STATISTICS - Micro data processing"
"Japan","LFS - Labour Force Survey","Employment by sex, status in employment and economic activity (thousands)","Total","Status in employment (Aggregate): Total","Economic activity (Aggregate): Construction","2004",5745.18,,,,"Repository: ILO-STATISTICS - Micro data processing"
"Japan","LFS - Labour Force Survey","Employment by sex, status in employment and economic activity (thousands)","Total","Status in employment (Aggregate): Total","Economic activity (Aggregate): Mining and quarrying; Electricity, gas and water supply","2004",613.214,,,,"Repository: ILO-STATISTICS - Micro data processing"
"Japan","LFS - Labour Force Survey","Employment by sex, status in employment and economic activity (thousands)","Total","Status in employment (Aggregate): Total","Economic activity (Aggregate): Trade, Transportation, Accommodation and Food, and Business and Administrative Services","2004",27975.983,,,,"Repository: ILO-STATISTICS - Micro data processing"
"Japan","LFS - Labour Force Survey","Employment by sex, status in employment and economic activity (thousands)","Total","Status in employment (Aggregate): Total","Economic activity (Aggregate): Public Administration, Community, Social and other Services and Activities","2004",13737.013,,,,"Repository: ILO-STATISTICS - Micro data processing"
"Japan","LFS - Labour Force Survey","Employment by sex, status in employment and economic activity (thousands)","Male","Status in employment (Aggregate): Total","Economic activity (Aggregate): Total","2004",36637.328,,,,"Repository: ILO-STATISTICS - Micro data processing"
"Japan","LFS - Labour Force Survey","Employment by sex, status in employment and economic activity (thousands)","Male","Status in employment (Aggregate): Total","Economic activity (Aggregate): Agriculture","2004",1600.022,,,,"Repository: ILO-STATISTICS - Micro data processing"
"Japan","LFS - Labour Force Survey","Employment by sex, status in employment and economic activity (thousands)","Male","Status in employment (Aggregate): Total","Economic activity (Aggregate): Manufacturing","2004",7903.03,,,,"Repository: ILO-STATISTICS - Micro data processing"
"Japan","LFS - Labour Force Survey","Employment by sex, status in employment and economic activity (thousands)","Male","Status in employment (Aggregate): Total","Economic activity (Aggregate): Construction","2004",4914.215,,,,"Repository: ILO-STATISTICS - Micro data processing"
"Japan","LFS - Labour Force Survey","Employment by sex, status in employment and economic activity (thousands)","Male","Status in employment (Aggregate): Total","Economic activity (Aggregate): Mining and quarrying; Electricity, gas and water supply","2004",526.416,,,,"Repository: ILO-STATISTICS - Micro data processing"
"Japan","LFS - Labour Force Survey","Employment by sex, status in employment and economic activity (thousands)","Male","Status in employment (Aggregate): Total","Economic activity (Aggregate): Trade, Transportation, Accommodation and Food, and Business and Administrative Services","2004",15824.85,,,,"Repository: ILO-STATISTICS - Micro data processing"
"Japan","LFS - Labour Force Survey","Employment by sex, status in employment and economic activity (thousands)","Male","Status in employment (Aggregate): Total","Economic activity (Aggregate): Public Administration, Community, Social and other Services and Activities","2004",5868.795,,,,"Repository: ILO-STATISTICS - Micro data processing"
"Japan","LFS - Labour Force Survey","Employment by sex, status in employment and economic activity (thousands)","Female","Status in employment (Aggregate): Total","Economic activity (Aggregate): Total","2004",25908.054,,,,"Repository: ILO-STATISTICS - Micro data processing"
"Japan","LFS - Labour Force Survey","Employment by sex, status in employment and economic activity (thousands)","Female","Status in employment (Aggregate): Total","Economic activity (Aggregate): Agriculture","2004",1192.729,,,,"Repository: ILO-STATISTICS - Micro data processing"
"Japan","LFS - Labour Force Survey","Employment by sex, status in employment and economic activity (thousands)","Female","Status in employment (Aggregate): Total","Economic activity (Aggregate): Manufacturing","2004",3778.212,,,,"Repository: ILO-STATISTICS - Micro data processing"
"Japan","LFS - Labour Force Survey","Employment by sex, status in employment and economic activity (thousands)","Female","Status in employment (Aggregate): Total","Economic activity (Aggregate): Construction","2004",830.966,,,,"Repository: ILO-STATISTICS - Micro data processing"
"Japan","LFS - Labour Force Survey","Employment by sex, status in employment and economic activity (thousands)","Female","Status in employment (Aggregate): Total","Economic activity (Aggregate): Mining and quarrying; Electricity, gas and water supply","2004",86.798,,,,"Repository: ILO-STATISTICS - Micro data processing"
"Japan","LFS - Labour Force Survey","Employment by sex, status in employment and economic activity (thousands)","Female","Status in employment (Aggregate): Total","Economic activity (Aggregate): Trade, Transportation, Accommodation and Food, and Business and Administrative Services","2004",12151.132,,,,"Repository: ILO-STATISTICS - Micro data processing"
"Japan","LFS - Labour Force Survey","Employment by sex, status in employment and economic activity (thousands)","Female","Status in employment (Aggregate): Total","Economic activity (Aggregate): Public Administration, Community, Social and other Services and Activities","2004",7868.218,,,,"Repository: ILO-STATISTICS - Micro data processing"
"Japan","LFS - Labour Force Survey","Employment by sex, status in employment and economic activity (thousands)","Total","Status in employment (Aggregate): Total","Economic activity (Aggregate): Total","2003",62450.25,,,,"Repository: ILO-STATISTICS - Micro data processing"
"Japan","LFS - Labour Force Survey","Employment by sex, status in employment and economic activity (thousands)","Total","Status in employment (Aggregate): Total","Economic activity (Aggregate): Agriculture","2003",2806.543,,,,"Repository: ILO-STATISTICS - Micro data processing"
"Japan","LFS - Labour Force Survey","Employment by sex, status in employment and economic activity (thousands)","Total","Status in employment (Aggregate): Total","Economic activity (Aggregate): Manufacturing","2003",11952.483,,,,"Repository: ILO-STATISTICS - Micro data processing"
"Japan","LFS - Labour Force Survey","Employment by sex, status in employment and economic activity (thousands)","Total","Status in employment (Aggregate): Total","Economic activity (Aggregate): Construction","2003",5991.037,,,,"Repository: ILO-STATISTICS - Micro data processing"
"Japan","LFS - Labour Force Survey","Employment by sex, status in employment and economic activity (thousands)","Total","Status in employment (Aggregate): Total","Economic activity (Aggregate): Mining and quarrying; Electricity, gas and water supply","2003",615.201,,,,"Repository: ILO-STATISTICS - Micro data processing"
"Japan","LFS - Labour Force Survey","Employment by sex, status in employment and economic activity (thousands)","Total","Status in employment (Aggregate): Total","Economic activity (Aggregate): Trade, Transportation, Accommodation and Food, and Business and Administrative Services","2003",27825.914,,,,"Repository: ILO-STATISTICS - Micro data processing"
"Japan","LFS - Labour Force Survey","Employment by sex, status in employment and economic activity (thousands)","Total","Status in employment (Aggregate): Total","Economic activity (Aggregate): Public Administration, Community, Social and other Services and Activities","2003",13259.073,,,,"Repository: ILO-STATISTICS - Micro data processing"
"Japan","LFS - Labour Force Survey","Employment by sex, status in employment and economic activity (thousands)","Male","Status in employment (Aggregate): Total","Economic activity (Aggregate): Total","2003",36730.017,,,,"Repository: ILO-STATISTICS - Micro data processing"
"Japan","LFS - Labour Force Survey","Employment by sex, status in employment and economic activity (thousands)","Male","Status in employment (Aggregate): Total","Economic activity (Aggregate): Agriculture","2003",1603.303,,,,"Repository: ILO-STATISTICS - Micro data processing"
"Japan","LFS - Labour Force Survey","Employment by sex, status in employment and economic activity (thousands)","Male","Status in employment (Aggregate): Total","Economic activity (Aggregate): Manufacturing","2003",8011.405,,,,"Repository: ILO-STATISTICS - Micro data processing"
"Japan","LFS - Labour Force Survey","Employment by sex, status in employment and economic activity (thousands)","Male","Status in employment (Aggregate): Total","Economic activity (Aggregate): Construction","2003",5096.343,,,,"Repository: ILO-STATISTICS - Micro data processing"
"Japan","LFS - Labour Force Survey","Employment by sex, status in employment and economic activity (thousands)","Male","Status in employment (Aggregate): Total","Economic activity (Aggregate): Mining and quarrying; Electricity, gas and water supply","2003",524.736,,,,"Repository: ILO-STATISTICS - Micro data processing"
"Japan","LFS - Labour Force Survey","Employment by sex, status in employment and economic activity (thousands)","Male","Status in employment (Aggregate): Total","Economic activity (Aggregate): Trade, Transportation, Accommodation and Food, and Business and Administrative Services","2003",15815.309,,,,"Repository: ILO-STATISTICS - Micro data processing"
"Japan","LFS - Labour Force Survey","Employment by sex, status in employment and economic activity (thousands)","Male","Status in employment (Aggregate): Total","Economic activity (Aggregate): Public Administration, Community, Social and other Services and Activities","2003",5678.919,,,,"Repository: ILO-STATISTICS - Micro data processing"
"Japan","LFS - Labour Force Survey","Employment by sex, status in employment and economic activity (thousands)","Female","Status in employment (Aggregate): Total","Economic activity (Aggregate): Total","2003",25720.234,,,,"Repository: ILO-STATISTICS - Micro data processing"
"Japan","LFS - Labour Force Survey","Employment by sex, status in employment and economic activity (thousands)","Female","Status in employment (Aggregate): Total","Economic activity (Aggregate): Agriculture","2003",1203.239,,,,"Repository: ILO-STATISTICS - Micro data processing"
"Japan","LFS - Labour Force Survey","Employment by sex, status in employment and economic activity (thousands)","Female","Status in employment (Aggregate): Total","Economic activity (Aggregate): Manufacturing","2003",3941.078,,,,"Repository: ILO-STATISTICS - Micro data processing"
"Japan","LFS - Labour Force Survey","Employment by sex, status in employment and economic activity (thousands)","Female","Status in employment (Aggregate): Total","Economic activity (Aggregate): Construction","2003",894.694,,,,"Repository: ILO-STATISTICS - Micro data processing"
"Japan","LFS - Labour Force Survey","Employment by sex, status in employment and economic activity (thousands)","Female","Status in employment (Aggregate): Total","Economic activity (Aggregate): Mining and quarrying; Electricity, gas and water supply","2003",90.465,,,,"Repository: ILO-STATISTICS - Micro data processing"
"Japan","LFS - Labour Force Survey","Employment by sex, status in employment and economic activity (thousands)","Female","Status in employment (Aggregate): Total","Economic activity (Aggregate): Trade, Transportation, Accommodation and Food, and Business and Administrative Services","2003",12010.604,,,,"Repository: ILO-STATISTICS - Micro data processing"
"Japan","LFS - Labour Force Survey","Employment by sex, status in employment and economic activity (thousands)","Female","Status in employment (Aggregate): Total","Economic activity (Aggregate): Public Administration, Community, Social and other Services and Activities","2003",7580.154,,,,"Repository: ILO-STATISTICS - Micro data processing"
"Japan","LFS - Labour Force Survey","Employment by sex, status in employment and economic activity (thousands)","Total","Status in employment (Aggregate): Total","Economic activity (Aggregate): Total","2002",62623.499,,,,"Repository: ILO-STATISTICS - Micro data processing"
"Japan","LFS - Labour Force Survey","Employment by sex, status in employment and economic activity (thousands)","Total","Status in employment (Aggregate): Total","Economic activity (Aggregate): Agriculture","2002",2830.166,,,,"Repository: ILO-STATISTICS - Micro data processing"
"Japan","LFS - Labour Force Survey","Employment by sex, status in employment and economic activity (thousands)","Total","Status in employment (Aggregate): Total","Economic activity (Aggregate): Manufacturing","2002",12093.958,,,,"Repository: ILO-STATISTICS - Micro data processing"
"Japan","LFS - Labour Force Survey","Employment by sex, status in employment and economic activity (thousands)","Total","Status in employment (Aggregate): Total","Economic activity (Aggregate): Construction","2002",6106.434,,,,"Repository: ILO-STATISTICS - Micro data processing"
"Japan","LFS - Labour Force Survey","Employment by sex, status in employment and economic activity (thousands)","Total","Status in employment (Aggregate): Total","Economic activity (Aggregate): Mining and quarrying; Electricity, gas and water supply","2002",381.259,,,,"Repository: ILO-STATISTICS - Micro data processing"
"Japan","LFS - Labour Force Survey","Employment by sex, status in employment and economic activity (thousands)","Total","Status in employment (Aggregate): Total","Economic activity (Aggregate): Trade, Transportation, Accommodation and Food, and Business and Administrative Services","2002",27643.812,,,,"Repository: ILO-STATISTICS - Micro data processing"
"Japan","LFS - Labour Force Survey","Employment by sex, status in employment and economic activity (thousands)","Total","Status in employment (Aggregate): Total","Economic activity (Aggregate): Public Administration, Community, Social and other Services and Activities","2002",13567.87,,,,"Repository: ILO-STATISTICS - Micro data processing"
"Japan","LFS - Labour Force Survey","Employment by sex, status in employment and economic activity (thousands)","Male","Status in employment (Aggregate): Total","Economic activity (Aggregate): Total","2002",36932.278,,,,"Repository: ILO-STATISTICS - Micro data processing"
"Japan","LFS - Labour Force Survey","Employment by sex, status in employment and economic activity (thousands)","Male","Status in employment (Aggregate): Total","Economic activity (Aggregate): Agriculture","2002",1614.889,,,,"Repository: ILO-STATISTICS - Micro data processing"
"Japan","LFS - Labour Force Survey","Employment by sex, status in employment and economic activity (thousands)","Male","Status in employment (Aggregate): Total","Economic activity (Aggregate): Manufacturing","2002",8031.377,,,,"Repository: ILO-STATISTICS - Micro data processing"
"Japan","LFS - Labour Force Survey","Employment by sex, status in employment and economic activity (thousands)","Male","Status in employment (Aggregate): Total","Economic activity (Aggregate): Construction","2002",5199.694,,,,"Repository: ILO-STATISTICS - Micro data processing"
"Japan","LFS - Labour Force Survey","Employment by sex, status in employment and economic activity (thousands)","Male","Status in employment (Aggregate): Total","Economic activity (Aggregate): Mining and quarrying; Electricity, gas and water supply","2002",330.512,,,,"Repository: ILO-STATISTICS - Micro data processing"
"Japan","LFS - Labour Force Survey","Employment by sex, status in employment and economic activity (thousands)","Male","Status in employment (Aggregate): Total","Economic activity (Aggregate): Trade, Transportation, Accommodation and Food, and Business and Administrative Services","2002",15124.857,,,,"Repository: ILO-STATISTICS - Micro data processing"
"Japan","LFS - Labour Force Survey","Employment by sex, status in employment and economic activity (thousands)","Male","Status in employment (Aggregate): Total","Economic activity (Aggregate): Public Administration, Community, Social and other Services and Activities","2002",6630.948,,,,"Repository: ILO-STATISTICS - Micro data processing"
"Japan","LFS - Labour Force Survey","Employment by sex, status in employment and economic activity (thousands)","Female","Status in employment (Aggregate): Total","Economic activity (Aggregate): Total","2002",25691.221,,,,"Repository: ILO-STATISTICS - Micro data processing"
"Japan","LFS - Labour Force Survey","Employment by sex, status in employment and economic activity (thousands)","Female","Status in employment (Aggregate): Total","Economic activity (Aggregate): Agriculture","2002",1215.276,,,,"Repository: ILO-STATISTICS - Micro data processing"
"Japan","LFS - Labour Force Survey","Employment by sex, status in employment and economic activity (thousands)","Female","Status in employment (Aggregate): Total","Economic activity (Aggregate): Manufacturing","2002",4062.581,,,,"Repository: ILO-STATISTICS - Micro data processing"
"Japan","LFS - Labour Force Survey","Employment by sex, status in employment and economic activity (thousands)","Female","Status in employment (Aggregate): Total","Economic activity (Aggregate): Construction","2002",906.74,,,,"Repository: ILO-STATISTICS - Micro data processing"
"Japan","LFS - Labour Force Survey","Employment by sex, status in employment and economic activity (thousands)","Female","Status in employment (Aggregate): Total","Economic activity (Aggregate): Mining and quarrying; Electricity, gas and water supply","2002",50.747,,,,"Repository: ILO-STATISTICS - Micro data processing"
"Japan","LFS - Labour Force Survey","Employment by sex, status in employment and economic activity (thousands)","Female","Status in employment (Aggregate): Total","Economic activity (Aggregate): Trade, Transportation, Accommodation and Food, and Business and Administrative Services","2002",12518.955,,,,"Repository: ILO-STATISTICS - Micro data processing"
"Japan","LFS - Labour Force Survey","Employment by sex, status in employment and economic activity (thousands)","Female","Status in employment (Aggregate): Total","Economic activity (Aggregate): Public Administration, Community, Social and other Services and Activities","2002",6936.922,,,,"Repository: ILO-STATISTICS - Micro data processing"
"Japan","LFS - Labour Force Survey","Employment by sex, status in employment and economic activity (thousands)","Total","Status in employment (Aggregate): Total","Economic activity (Aggregate): Total","2001",63438.014,,,,"Repository: ILO-STATISTICS - Micro data processing"
"Japan","LFS - Labour Force Survey","Employment by sex, status in employment and economic activity (thousands)","Total","Status in employment (Aggregate): Total","Economic activity (Aggregate): Agriculture","2001",3000.12,,,,"Repository: ILO-STATISTICS - Micro data processing"
"Japan","LFS - Labour Force Survey","Employment by sex, status in employment and economic activity (thousands)","Total","Status in employment (Aggregate): Total","Economic activity (Aggregate): Manufacturing","2001",12760.268,,,,"Repository: ILO-STATISTICS - Micro data processing"
"Japan","LFS - Labour Force Survey","Employment by sex, status in employment and economic activity (thousands)","Total","Status in employment (Aggregate): Total","Economic activity (Aggregate): Construction","2001",6214.668,,,,"Repository: ILO-STATISTICS - Micro data processing"
"Japan","LFS - Labour Force Survey","Employment by sex, status in employment and economic activity (thousands)","Total","Status in employment (Aggregate): Total","Economic activity (Aggregate): Mining and quarrying; Electricity, gas and water supply","2001",387.837,,,,"Repository: ILO-STATISTICS - Micro data processing"
"Japan","LFS - Labour Force Survey","Employment by sex, status in employment and economic activity (thousands)","Total","Status in employment (Aggregate): Total","Economic activity (Aggregate): Trade, Transportation, Accommodation and Food, and Business and Administrative Services","2001",27760.17,,,,"Repository: ILO-STATISTICS - Micro data processing"
"Japan","LFS - Labour Force Survey","Employment by sex, status in employment and economic activity (thousands)","Total","Status in employment (Aggregate): Total","Economic activity (Aggregate): Public Administration, Community, Social and other Services and Activities","2001",13314.952,,,,"Repository: ILO-STATISTICS - Micro data processing"
"Japan","LFS - Labour Force Survey","Employment by sex, status in employment and economic activity (thousands)","Male","Status in employment (Aggregate): Total","Economic activity (Aggregate): Total","2001",37387.525,,,,"Repository: ILO-STATISTICS - Micro data processing"
"Japan","LFS - Labour Force Survey","Employment by sex, status in employment and economic activity (thousands)","Male","Status in employment (Aggregate): Total","Economic activity (Aggregate): Agriculture","2001",1674.164,,,,"Repository: ILO-STATISTICS - Micro data processing"
"Japan","LFS - Labour Force Survey","Employment by sex, status in employment and economic activity (thousands)","Male","Status in employment (Aggregate): Total","Economic activity (Aggregate): Manufacturing","2001",8368.147,,,,"Repository: ILO-STATISTICS - Micro data processing"
"Japan","LFS - Labour Force Survey","Employment by sex, status in employment and economic activity (thousands)","Male","Status in employment (Aggregate): Total","Economic activity (Aggregate): Construction","2001",5275.946,,,,"Repository: ILO-STATISTICS - Micro data processing"
"Japan","LFS - Labour Force Survey","Employment by sex, status in employment and economic activity (thousands)","Male","Status in employment (Aggregate): Total","Economic activity (Aggregate): Mining and quarrying; Electricity, gas and water supply","2001",338.531,,,,"Repository: ILO-STATISTICS - Micro data processing"
"Japan","LFS - Labour Force Survey","Employment by sex, status in employment and economic activity (thousands)","Male","Status in employment (Aggregate): Total","Economic activity (Aggregate): Trade, Transportation, Accommodation and Food, and Business and Administrative Services","2001",15216.177,,,,"Repository: ILO-STATISTICS - Micro data processing"
"Japan","LFS - Labour Force Survey","Employment by sex, status in employment and economic activity (thousands)","Male","Status in employment (Aggregate): Total","Economic activity (Aggregate): Public Administration, Community, Social and other Services and Activities","2001",6514.56,,,,"Repository: ILO-STATISTICS - Micro data processing"
"Japan","LFS - Labour Force Survey","Employment by sex, status in employment and economic activity (thousands)","Female","Status in employment (Aggregate): Total","Economic activity (Aggregate): Total","2001",26050.489,,,,"Repository: ILO-STATISTICS - Micro data processing"
"Japan","LFS - Labour Force Survey","Employment by sex, status in employment and economic activity (thousands)","Female","Status in employment (Aggregate): Total","Economic activity (Aggregate): Agriculture","2001",1325.956,,,,"Repository: ILO-STATISTICS - Micro data processing"
"Japan","LFS - Labour Force Survey","Employment by sex, status in employment and economic activity (thousands)","Female","Status in employment (Aggregate): Total","Economic activity (Aggregate): Manufacturing","2001",4392.121,,,,"Repository: ILO-STATISTICS - Micro data processing"
"Japan","LFS - Labour Force Survey","Employment by sex, status in employment and economic activity (thousands)","Female","Status in employment (Aggregate): Total","Economic activity (Aggregate): Construction","2001",938.722,,,,"Repository: ILO-STATISTICS - Micro data processing"
"Japan","LFS - Labour Force Survey","Employment by sex, status in employment and economic activity (thousands)","Female","Status in employment (Aggregate): Total","Economic activity (Aggregate): Mining and quarrying; Electricity, gas and water supply","2001",49.306,,,,"Repository: ILO-STATISTICS - Micro data processing"
"Japan","LFS - Labour Force Survey","Employment by sex, status in employment and economic activity (thousands)","Female","Status in employment (Aggregate): Total","Economic activity (Aggregate): Trade, Transportation, Accommodation and Food, and Business and Administrative Services","2001",12543.993,,,,"Repository: ILO-STATISTICS - Micro data processing"
"Japan","LFS - Labour Force Survey","Employment by sex, status in employment and economic activity (thousands)","Female","Status in employment (Aggregate): Total","Economic activity (Aggregate): Public Administration, Community, Social and other Services and Activities","2001",6800.392,,,,"Repository: ILO-STATISTICS - Micro data processing"
"Japan","LFS - Labour Force Survey","Employment by sex, status in employment and economic activity (thousands)","Total","Status in employment (Aggregate): Total","Economic activity (Aggregate): Total","2000",63685.45,,,,"Repository: ILO-STATISTICS - Micro data processing"
"Japan","LFS - Labour Force Survey","Employment by sex, status in employment and economic activity (thousands)","Total","Status in employment (Aggregate): Total","Economic activity (Aggregate): Agriculture","2000",3139.713,,,,"Repository: ILO-STATISTICS - Micro data processing"
"Japan","LFS - Labour Force Survey","Employment by sex, status in employment and economic activity (thousands)","Total","Status in employment (Aggregate): Total","Economic activity (Aggregate): Manufacturing","2000",13092.768,,,,"Repository: ILO-STATISTICS - Micro data processing"
"Japan","LFS - Labour Force Survey","Employment by sex, status in employment and economic activity (thousands)","Total","Status in employment (Aggregate): Total","Economic activity (Aggregate): Construction","2000",6444.477,,,,"Repository: ILO-STATISTICS - Micro data processing"
"Japan","LFS - Labour Force Survey","Employment by sex, status in employment and economic activity (thousands)","Total","Status in employment (Aggregate): Total","Economic activity (Aggregate): Mining and quarrying; Electricity, gas and water supply","2000",387.98,,,,"Repository: ILO-STATISTICS - Micro data processing"
"Japan","LFS - Labour Force Survey","Employment by sex, status in employment and economic activity (thousands)","Total","Status in employment (Aggregate): Total","Economic activity (Aggregate): Trade, Transportation, Accommodation and Food, and Business and Administrative Services","2000",27625.466,,,,"Repository: ILO-STATISTICS - Micro data processing"
"Japan","LFS - Labour Force Survey","Employment by sex, status in employment and economic activity (thousands)","Total","Status in employment (Aggregate): Total","Economic activity (Aggregate): Public Administration, Community, Social and other Services and Activities","2000",12995.046,,,,"Repository: ILO-STATISTICS - Micro data processing"
"Japan","LFS - Labour Force Survey","Employment by sex, status in employment and economic activity (thousands)","Male","Status in employment (Aggregate): Total","Economic activity (Aggregate): Total","2000",37694.718,,,,"Repository: ILO-STATISTICS - Micro data processing"
"Japan","LFS - Labour Force Survey","Employment by sex, status in employment and economic activity (thousands)","Male","Status in employment (Aggregate): Total","Economic activity (Aggregate): Agriculture","2000",1752.871,,,,"Repository: ILO-STATISTICS - Micro data processing"
"Japan","LFS - Labour Force Survey","Employment by sex, status in employment and economic activity (thousands)","Male","Status in employment (Aggregate): Total","Economic activity (Aggregate): Manufacturing","2000",8528.35,,,,"Repository: ILO-STATISTICS - Micro data processing"
"Japan","LFS - Labour Force Survey","Employment by sex, status in employment and economic activity (thousands)","Male","Status in employment (Aggregate): Total","Economic activity (Aggregate): Construction","2000",5478.203,,,,"Repository: ILO-STATISTICS - Micro data processing"
"Japan","LFS - Labour Force Survey","Employment by sex, status in employment and economic activity (thousands)","Male","Status in employment (Aggregate): Total","Economic activity (Aggregate): Mining and quarrying; Electricity, gas and water supply","2000",334.268,,,,"Repository: ILO-STATISTICS - Micro data processing"
"Japan","LFS - Labour Force Survey","Employment by sex, status in employment and economic activity (thousands)","Male","Status in employment (Aggregate): Total","Economic activity (Aggregate): Trade, Transportation, Accommodation and Food, and Business and Administrative Services","2000",15224.397,,,,"Repository: ILO-STATISTICS - Micro data processing"
"Japan","LFS - Labour Force Survey","Employment by sex, status in employment and economic activity (thousands)","Male","Status in employment (Aggregate): Total","Economic activity (Aggregate): Public Administration, Community, Social and other Services and Activities","2000",6376.628,,,,"Repository: ILO-STATISTICS - Micro data processing"
"Japan","LFS - Labour Force Survey","Employment by sex, status in employment and economic activity (thousands)","Female","Status in employment (Aggregate): Total","Economic activity (Aggregate): Total","2000",25990.732,,,,"Repository: ILO-STATISTICS - Micro data processing"
"Japan","LFS - Labour Force Survey","Employment by sex, status in employment and economic activity (thousands)","Female","Status in employment (Aggregate): Total","Economic activity (Aggregate): Agriculture","2000",1386.842,,,,"Repository: ILO-STATISTICS - Micro data processing"
"Japan","LFS - Labour Force Survey","Employment by sex, status in employment and economic activity (thousands)","Female","Status in employment (Aggregate): Total","Economic activity (Aggregate): Manufacturing","2000",4564.418,,,,"Repository: ILO-STATISTICS - Micro data processing"
"Japan","LFS - Labour Force Survey","Employment by sex, status in employment and economic activity (thousands)","Female","Status in employment (Aggregate): Total","Economic activity (Aggregate): Construction","2000",966.274,,,,"Repository: ILO-STATISTICS - Micro data processing"
"Japan","LFS - Labour Force Survey","Employment by sex, status in employment and economic activity (thousands)","Female","Status in employment (Aggregate): Total","Economic activity (Aggregate): Mining and quarrying; Electricity, gas and water supply","2000",53.712,,,,"Repository: ILO-STATISTICS - Micro data processing"
"Japan","LFS - Labour Force Survey","Employment by sex, status in employment and economic activity (thousands)","Female","Status in employment (Aggregate): Total","Economic activity (Aggregate): Trade, Transportation, Accommodation and Food, and Business and Administrative Services","2000",12401.068,,,,"Repository: ILO-STATISTICS - Micro data processing"
"Japan","LFS - Labour Force Survey","Employment by sex, status in employment and economic activity (thousands)","Female","Status in employment (Aggregate): Total","Economic activity (Aggregate): Public Administration, Community, Social and other Services and Activities","2000",6618.418,,,,"Repository: ILO-STATISTICS - Micro data processing"
"Republic of Korea","LFS - Economically Active Population Survey","Employment by sex, status in employment and economic activity (thousands)","Total","Status in employment (Aggregate): Total","Economic activity (Aggregate): Total","2025",28880.992,,,,"Repository: ILO-STATISTICS - Micro data processing"
"Republic of Korea","LFS - Economically Active Population Survey","Employment by sex, status in employment and economic activity (thousands)","Total","Status in employment (Aggregate): Total","Economic activity (Aggregate): Agriculture","2025",1377.969,,,,"Repository: ILO-STATISTICS - Micro data processing"
"Republic of Korea","LFS - Economically Active Population Survey","Employment by sex, status in employment and economic activity (thousands)","Total","Status in employment (Aggregate): Total","Economic activity (Aggregate): Manufacturing","2025",4382.321,,,,"Repository: ILO-STATISTICS - Micro data processing"
"Republic of Korea","LFS - Economically Active Population Survey","Employment by sex, status in employment and economic activity (thousands)","Total","Status in employment (Aggregate): Total","Economic activity (Aggregate): Construction","2025",1939.841,,,,"Repository: ILO-STATISTICS - Micro data processing"
"Republic of Korea","LFS - Economically Active Population Survey","Employment by sex, status in employment and economic activity (thousands)","Total","Status in employment (Aggregate): Total","Economic activity (Aggregate): Mining and quarrying; Electricity, gas and water supply","2025",253.544,,,,"Repository: ILO-STATISTICS - Micro data processing"
"Republic of Korea","LFS - Economically Active Population Survey","Employment by sex, status in employment and economic activity (thousands)","Total","Status in employment (Aggregate): Total","Economic activity (Aggregate): Trade, Transportation, Accommodation and Food, and Business and Administrative Services","2025",12576.348,,,,"Repository: ILO-STATISTICS - Micro data processing"
"Republic of Korea","LFS - Economically Active Population Survey","Employment by sex, status in employment and economic activity (thousands)","Total","Status in employment (Aggregate): Total","Economic activity (Aggregate): Public Administration, Community, Social and other Services and Activities","2025",8238.875,,,,"Repository: ILO-STATISTICS - Micro data processing"
"Republic of Korea","LFS - Economically Active Population Survey","Employment by sex, status in employment and economic activity (thousands)","Total","Status in employment (Aggregate): Total","Economic activity (Aggregate): Not classified","2025",112.095,,,,"Repository: ILO-STATISTICS - Micro data processing"
"Republic of Korea","LFS - Economically Active Population Survey","Employment by sex, status in employment and economic activity (thousands)","Male","Status in employment (Aggregate): Total","Economic activity (Aggregate): Total","2025",15956.367,,,,"Repository: ILO-STATISTICS - Micro data processing"
"Republic of Korea","LFS - Economically Active Population Survey","Employment by sex, status in employment and economic activity (thousands)","Male","Status in employment (Aggregate): Total","Economic activity (Aggregate): Agriculture","2025",849.899,,,,"Repository: ILO-STATISTICS - Micro data processing"
"Republic of Korea","LFS - Economically Active Population Survey","Employment by sex, status in employment and economic activity (thousands)","Male","Status in employment (Aggregate): Total","Economic activity (Aggregate): Manufacturing","2025",3168.525,,,,"Repository: ILO-STATISTICS - Micro data processing"
"Republic of Korea","LFS - Economically Active Population Survey","Employment by sex, status in employment and economic activity (thousands)","Male","Status in employment (Aggregate): Total","Economic activity (Aggregate): Construction","2025",1698.316,,,,"Repository: ILO-STATISTICS - Micro data processing"
"Republic of Korea","LFS - Economically Active Population Survey","Employment by sex, status in employment and economic activity (thousands)","Male","Status in employment (Aggregate): Total","Economic activity (Aggregate): Mining and quarrying; Electricity, gas and water supply","2025",214.762,,,,"Repository: ILO-STATISTICS - Micro data processing"
"Republic of Korea","LFS - Economically Active Population Survey","Employment by sex, status in employment and economic activity (thousands)","Male","Status in employment (Aggregate): Total","Economic activity (Aggregate): Trade, Transportation, Accommodation and Food, and Business and Administrative Services","2025",7232.354,,,,"Repository: ILO-STATISTICS - Micro data processing"
"Republic of Korea","LFS - Economically Active Population Survey","Employment by sex, status in employment and economic activity (thousands)","Male","Status in employment (Aggregate): Total","Economic activity (Aggregate): Public Administration, Community, Social and other Services and Activities","2025",2779.461,,,,"Repository: ILO-STATISTICS - Micro data processing"
"Republic of Korea","LFS - Economically Active Population Survey","Employment by sex, status in employment and economic activity (thousands)","Male","Status in employment (Aggregate): Total","Economic activity (Aggregate): Not classified","2025",13.05,,,,"Repository: ILO-STATISTICS - Micro data processing"
"Republic of Korea","LFS - Economically Active Population Survey","Employment by sex, status in employment and economic activity (thousands)","Female","Status in employment (Aggregate): Total","Economic activity (Aggregate): Total","2025",12924.625,,,,"Repository: ILO-STATISTICS - Micro data processing"
"Republic of Korea","LFS - Economically Active Population Survey","Employment by sex, status in employment and economic activity (thousands)","Female","Status in employment (Aggregate): Total","Economic activity (Aggregate): Agriculture","2025",528.069,,,,"Repository: ILO-STATISTICS - Micro data processing"
"Republic of Korea","LFS - Economically Active Population Survey","Employment by sex, status in employment and economic activity (thousands)","Female","Status in employment (Aggregate): Total","Economic activity (Aggregate): Manufacturing","2025",1213.796,,,,"Repository: ILO-STATISTICS - Micro data processing"
"Republic of Korea","LFS - Economically Active Population Survey","Employment by sex, status in employment and economic activity (thousands)","Female","Status in employment (Aggregate): Total","Economic activity (Aggregate): Construction","2025",241.525,,,,"Repository: ILO-STATISTICS - Micro data processing"
"Republic of Korea","LFS - Economically Active Population Survey","Employment by sex, status in employment and economic activity (thousands)","Female","Status in employment (Aggregate): Total","Economic activity (Aggregate): Mining and quarrying; Electricity, gas and water supply","2025",38.781,,,,"Repository: ILO-STATISTICS - Micro data processing"
"Republic of Korea","LFS - Economically Active Population Survey","Employment by sex, status in employment and economic activity (thousands)","Female","Status in employment (Aggregate): Total","Economic activity (Aggregate): Trade, Transportation, Accommodation and Food, and Business and Administrative Services","2025",5343.993,,,,"Repository: ILO-STATISTICS - Micro data processing"
"Republic of Korea","LFS - Economically Active Population Survey","Employment by sex, status in employment and economic activity (thousands)","Female","Status in employment (Aggregate): Total","Economic activity (Aggregate): Public Administration, Community, Social and other Services and Activities","2025",5459.415,,,,"Repository: ILO-STATISTICS - Micro data processing"
"Republic of Korea","LFS - Economically Active Population Survey","Employment by sex, status in employment and economic activity (thousands)","Female","Status in employment (Aggregate): Total","Economic activity (Aggregate): Not classified","2025",99.045,,,,"Repository: ILO-STATISTICS - Micro data processing"
"Republic of Korea","LFS - Economically Active Population Survey","Employment by sex, status in employment and economic activity (thousands)","Total","Status in employment (Aggregate): Total","Economic activity (Aggregate): Total","2024",28695.214,,,,"Repository: ILO-STATISTICS - Micro data processing"
"Republic of Korea","LFS - Economically Active Population Survey","Employment by sex, status in employment and economic activity (thousands)","Total","Status in employment (Aggregate): Total","Economic activity (Aggregate): Agriculture","2024",1485.015,,,,"Repository: ILO-STATISTICS - Micro data processing"
"Republic of Korea","LFS - Economically Active Population Survey","Employment by sex, status in employment and economic activity (thousands)","Total","Status in employment (Aggregate): Total","Economic activity (Aggregate): Manufacturing","2024",4454.975,,,,"Repository: ILO-STATISTICS - Micro data processing"
"Republic of Korea","LFS - Economically Active Population Survey","Employment by sex, status in employment and economic activity (thousands)","Total","Status in employment (Aggregate): Total","Economic activity (Aggregate): Construction","2024",2064.768,,,,"Repository: ILO-STATISTICS - Micro data processing"
"Republic of Korea","LFS - Economically Active Population Survey","Employment by sex, status in employment and economic activity (thousands)","Total","Status in employment (Aggregate): Total","Economic activity (Aggregate): Mining and quarrying; Electricity, gas and water supply","2024",240.964,,,,"Repository: ILO-STATISTICS - Micro data processing"
"Republic of Korea","LFS - Economically Active Population Survey","Employment by sex, status in employment and economic activity (thousands)","Total","Status in employment (Aggregate): Total","Economic activity (Aggregate): Trade, Transportation, Accommodation and Food, and Business and Administrative Services","2024",12434.139,,,,"Repository: ILO-STATISTICS - Micro data processing"
"Republic of Korea","LFS - Economically Active Population Survey","Employment by sex, status in employment and economic activity (thousands)","Total","Status in employment (Aggregate): Total","Economic activity (Aggregate): Public Administration, Community, Social and other Services and Activities","2024",7895.657,,,,"Repository: ILO-STATISTICS - Micro data processing"
"Republic of Korea","LFS - Economically Active Population Survey","Employment by sex, status in employment and economic activity (thousands)","Total","Status in employment (Aggregate): Total","Economic activity (Aggregate): Not classified","2024",119.695,,,,"Repository: ILO-STATISTICS - Micro data processing"
"Republic of Korea","LFS - Economically Active Population Survey","Employment by sex, status in employment and economic activity (thousands)","Male","Status in employment (Aggregate): Total","Economic activity (Aggregate): Total","2024",15939.524,,,,"Repository: ILO-STATISTICS - Micro data processing"
"Republic of Korea","LFS - Economically Active Population Survey","Employment by sex, status in employment and economic activity (thousands)","Male","Status in employment (Aggregate): Total","Economic activity (Aggregate): Agriculture","2024",889.619,,,,"Repository: ILO-STATISTICS - Micro data processing"
"Republic of Korea","LFS - Economically Active Population Survey","Employment by sex, status in employment and economic activity (thousands)","Male","Status in employment (Aggregate): Total","Economic activity (Aggregate): Manufacturing","2024",3207.769,,,,"Repository: ILO-STATISTICS - Micro data processing"
"Republic of Korea","LFS - Economically Active Population Survey","Employment by sex, status in employment and economic activity (thousands)","Male","Status in employment (Aggregate): Total","Economic activity (Aggregate): Construction","2024",1805.713,,,,"Repository: ILO-STATISTICS - Micro data processing"
"Republic of Korea","LFS - Economically Active Population Survey","Employment by sex, status in employment and economic activity (thousands)","Male","Status in employment (Aggregate): Total","Economic activity (Aggregate): Mining and quarrying; Electricity, gas and water supply","2024",201.274,,,,"Repository: ILO-STATISTICS - Micro data processing"
"Republic of Korea","LFS - Economically Active Population Survey","Employment by sex, status in employment and economic activity (thousands)","Male","Status in employment (Aggregate): Total","Economic activity (Aggregate): Trade, Transportation, Accommodation and Food, and Business and Administrative Services","2024",7114.674,,,,"Repository: ILO-STATISTICS - Micro data processing"
"Republic of Korea","LFS - Economically Active Population Survey","Employment by sex, status in employment and economic activity (thousands)","Male","Status in employment (Aggregate): Total","Economic activity (Aggregate): Public Administration, Community, Social and other Services and Activities","2024",2704.545,,,,"Repository: ILO-STATISTICS - Micro data processing"
"Republic of Korea","LFS - Economically Active Population Survey","Employment by sex, status in employment and economic activity (thousands)","Male","Status in employment (Aggregate): Total","Economic activity (Aggregate): Not classified","2024",15.929,,,,"Repository: ILO-STATISTICS - Micro data processing"
"Republic of Korea","LFS - Economically Active Population Survey","Employment by sex, status in employment and economic activity (thousands)","Female","Status in employment (Aggregate): Total","Economic activity (Aggregate): Total","2024",12755.69,,,,"Repository: ILO-STATISTICS - Micro data processing"
"Republic of Korea","LFS - Economically Active Population Survey","Employment by sex, status in employment and economic activity (thousands)","Female","Status in employment (Aggregate): Total","Economic activity (Aggregate): Agriculture","2024",595.396,,,,"Repository: ILO-STATISTICS - Micro data processing"
"Republic of Korea","LFS - Economically Active Population Survey","Employment by sex, status in employment and economic activity (thousands)","Female","Status in employment (Aggregate): Total","Economic activity (Aggregate): Manufacturing","2024",1247.207,,,,"Repository: ILO-STATISTICS - Micro data processing"
"Republic of Korea","LFS - Economically Active Population Survey","Employment by sex, status in employment and economic activity (thousands)","Female","Status in employment (Aggregate): Total","Economic activity (Aggregate): Construction","2024",259.055,,,,"Repository: ILO-STATISTICS - Micro data processing"
"Republic of Korea","LFS - Economically Active Population Survey","Employment by sex, status in employment and economic activity (thousands)","Female","Status in employment (Aggregate): Total","Economic activity (Aggregate): Mining and quarrying; Electricity, gas and water supply","2024",39.69,,,,"Repository: ILO-STATISTICS - Micro data processing"
"Republic of Korea","LFS - Economically Active Population Survey","Employment by sex, status in employment and economic activity (thousands)","Female","Status in employment (Aggregate): Total","Economic activity (Aggregate): Trade, Transportation, Accommodation and Food, and Business and Administrative Services","2024",5319.465,,,,"Repository: ILO-STATISTICS - Micro data processing"
"Republic of Korea","LFS - Economically Active Population Survey","Employment by sex, status in employment and economic activity (thousands)","Female","Status in employment (Aggregate): Total","Economic activity (Aggregate): Public Administration, Community, Social and other Services and Activities","2024",5191.112,,,,"Repository: ILO-STATISTICS - Micro data processing"
"Republic of Korea","LFS - Economically Active Population Survey","Employment by sex, status in employment and economic activity (thousands)","Female","Status in employment (Aggregate): Total","Economic activity (Aggregate): Not classified","2024",103.766,,,,"Repository: ILO-STATISTICS - Micro data processing"
"Republic of Korea","LFS - Economically Active Population Survey","Employment by sex, status in employment and economic activity (thousands)","Total","Status in employment (Aggregate): Total","Economic activity (Aggregate): Total","2023",28548.989,,,,"Repository: ILO-STATISTICS - Micro data processing"
"Republic of Korea","LFS - Economically Active Population Survey","Employment by sex, status in employment and economic activity (thousands)","Total","Status in employment (Aggregate): Total","Economic activity (Aggregate): Agriculture","2023",1512.977,,,,"Repository: ILO-STATISTICS - Micro data processing"
"Republic of Korea","LFS - Economically Active Population Survey","Employment by sex, status in employment and economic activity (thousands)","Total","Status in employment (Aggregate): Total","Economic activity (Aggregate): Manufacturing","2023",4460.566,,,,"Repository: ILO-STATISTICS - Micro data processing"
"Republic of Korea","LFS - Economically Active Population Survey","Employment by sex, status in employment and economic activity (thousands)","Total","Status in employment (Aggregate): Total","Economic activity (Aggregate): Construction","2023",2113.726,,,,"Repository: ILO-STATISTICS - Micro data processing"
"Republic of Korea","LFS - Economically Active Population Survey","Employment by sex, status in employment and economic activity (thousands)","Total","Status in employment (Aggregate): Total","Economic activity (Aggregate): Mining and quarrying; Electricity, gas and water supply","2023",243.181,,,,"Repository: ILO-STATISTICS - Micro data processing"
"Republic of Korea","LFS - Economically Active Population Survey","Employment by sex, status in employment and economic activity (thousands)","Total","Status in employment (Aggregate): Total","Economic activity (Aggregate): Trade, Transportation, Accommodation and Food, and Business and Administrative Services","2023",12326.694,,,,"Repository: ILO-STATISTICS - Micro data processing"
"Republic of Korea","LFS - Economically Active Population Survey","Employment by sex, status in employment and economic activity (thousands)","Total","Status in employment (Aggregate): Total","Economic activity (Aggregate): Public Administration, Community, Social and other Services and Activities","2023",7759.152,,,,"Repository: ILO-STATISTICS - Micro data processing"
"Republic of Korea","LFS - Economically Active Population Survey","Employment by sex, status in employment and economic activity (thousands)","Total","Status in employment (Aggregate): Total","Economic activity (Aggregate): Not classified","2023",132.693,,,,"Repository: ILO-STATISTICS - Micro data processing"
"Republic of Korea","LFS - Economically Active Population Survey","Employment by sex, status in employment and economic activity (thousands)","Male","Status in employment (Aggregate): Total","Economic activity (Aggregate): Total","2023",15978.516,,,,"Repository: ILO-STATISTICS - Micro data processing"
"Republic of Korea","LFS - Economically Active Population Survey","Employment by sex, status in employment and economic activity (thousands)","Male","Status in employment (Aggregate): Total","Economic activity (Aggregate): Agriculture","2023",921.138,,,,"Repository: ILO-STATISTICS - Micro data processing"
"Republic of Korea","LFS - Economically Active Population Survey","Employment by sex, status in employment and economic activity (thousands)","Male","Status in employment (Aggregate): Total","Economic activity (Aggregate): Manufacturing","2023",3169.847,,,,"Repository: ILO-STATISTICS - Micro data processing"
"Republic of Korea","LFS - Economically Active Population Survey","Employment by sex, status in employment and economic activity (thousands)","Male","Status in employment (Aggregate): Total","Economic activity (Aggregate): Construction","2023",1856.421,,,,"Repository: ILO-STATISTICS - Micro data processing"
"Republic of Korea","LFS - Economically Active Population Survey","Employment by sex, status in employment and economic activity (thousands)","Male","Status in employment (Aggregate): Total","Economic activity (Aggregate): Mining and quarrying; Electricity, gas and water supply","2023",201.323,,,,"Repository: ILO-STATISTICS - Micro data processing"
"Republic of Korea","LFS - Economically Active Population Survey","Employment by sex, status in employment and economic activity (thousands)","Male","Status in employment (Aggregate): Total","Economic activity (Aggregate): Trade, Transportation, Accommodation and Food, and Business and Administrative Services","2023",7094.058,,,,"Repository: ILO-STATISTICS - Micro data processing"
"Republic of Korea","LFS - Economically Active Population Survey","Employment by sex, status in employment and economic activity (thousands)","Male","Status in employment (Aggregate): Total","Economic activity (Aggregate): Public Administration, Community, Social and other Services and Activities","2023",2709.312,,,,"Repository: ILO-STATISTICS - Micro data processing"
"Republic of Korea","LFS - Economically Active Population Survey","Employment by sex, status in employment and economic activity (thousands)","Male","Status in employment (Aggregate): Total","Economic activity (Aggregate): Not classified","2023",26.416,,,,"Repository: ILO-STATISTICS - Micro data processing"
"Republic of Korea","LFS - Economically Active Population Survey","Employment by sex, status in employment and economic activity (thousands)","Female","Status in employment (Aggregate): Total","Economic activity (Aggregate): Total","2023",12570.474,,,,"Repository: ILO-STATISTICS - Micro data processing"
"Republic of Korea","LFS - Economically Active Population Survey","Employment by sex, status in employment and economic activity (thousands)","Female","Status in employment (Aggregate): Total","Economic activity (Aggregate): Agriculture","2023",591.838,,,,"Repository: ILO-STATISTICS - Micro data processing"
"Republic of Korea","LFS - Economically Active Population Survey","Employment by sex, status in employment and economic activity (thousands)","Female","Status in employment (Aggregate): Total","Economic activity (Aggregate): Manufacturing","2023",1290.719,,,,"Repository: ILO-STATISTICS - Micro data processing"
"Republic of Korea","LFS - Economically Active Population Survey","Employment by sex, status in employment and economic activity (thousands)","Female","Status in employment (Aggregate): Total","Economic activity (Aggregate): Construction","2023",257.305,,,,"Repository: ILO-STATISTICS - Micro data processing"
"Republic of Korea","LFS - Economically Active Population Survey","Employment by sex, status in employment and economic activity (thousands)","Female","Status in employment (Aggregate): Total","Economic activity (Aggregate): Mining and quarrying; Electricity, gas and water supply","2023",41.858,,,,"Repository: ILO-STATISTICS - Micro data processing"
"Republic of Korea","LFS - Economically Active Population Survey","Employment by sex, status in employment and economic activity (thousands)","Female","Status in employment (Aggregate): Total","Economic activity (Aggregate): Trade, Transportation, Accommodation and Food, and Business and Administrative Services","2023",5232.636,,,,"Repository: ILO-STATISTICS - Micro data processing"
"Republic of Korea","LFS - Economically Active Population Survey","Employment by sex, status in employment and economic activity (thousands)","Female","Status in employment (Aggregate): Total","Economic activity (Aggregate): Public Administration, Community, Social and other Services and Activities","2023",5049.84,,,,"Repository: ILO-STATISTICS - Micro data processing"
"Republic of Korea","LFS - Economically Active Population Survey","Employment by sex, status in employment and economic activity (thousands)","Female","Status in employment (Aggregate): Total","Economic activity (Aggregate): Not classified","2023",106.278,,,,"Repository: ILO-STATISTICS - Micro data processing"
"Republic of Korea","LFS - Economically Active Population Survey","Employment by sex, status in employment and economic activity (thousands)","Total","Status in employment (Aggregate): Total","Economic activity (Aggregate): Total","2022",28229.34,,,,"Repository: ILO-STATISTICS - Micro data processing"
"Republic of Korea","LFS - Economically Active Population Survey","Employment by sex, status in employment and economic activity (thousands)","Total","Status in employment (Aggregate): Total","Economic activity (Aggregate): Agriculture","2022",1525.745,,,,"Repository: ILO-STATISTICS - Micro data processing"
"Republic of Korea","LFS - Economically Active Population Survey","Employment by sex, status in employment and economic activity (thousands)","Total","Status in employment (Aggregate): Total","Economic activity (Aggregate): Manufacturing","2022",4503.186,,,,"Repository: ILO-STATISTICS - Micro data processing"
"Republic of Korea","LFS - Economically Active Population Survey","Employment by sex, status in employment and economic activity (thousands)","Total","Status in employment (Aggregate): Total","Economic activity (Aggregate): Construction","2022",2122.968,,,,"Repository: ILO-STATISTICS - Micro data processing"
"Republic of Korea","LFS - Economically Active Population Survey","Employment by sex, status in employment and economic activity (thousands)","Total","Status in employment (Aggregate): Total","Economic activity (Aggregate): Mining and quarrying; Electricity, gas and water supply","2022",243.678,,,,"Repository: ILO-STATISTICS - Micro data processing"
"Republic of Korea","LFS - Economically Active Population Survey","Employment by sex, status in employment and economic activity (thousands)","Total","Status in employment (Aggregate): Total","Economic activity (Aggregate): Trade, Transportation, Accommodation and Food, and Business and Administrative Services","2022",12121.862,,,,"Repository: ILO-STATISTICS - Micro data processing"
"Republic of Korea","LFS - Economically Active Population Survey","Employment by sex, status in employment and economic activity (thousands)","Total","Status in employment (Aggregate): Total","Economic activity (Aggregate): Public Administration, Community, Social and other Services and Activities","2022",7571.676,,,,"Repository: ILO-STATISTICS - Micro data processing"
"Republic of Korea","LFS - Economically Active Population Survey","Employment by sex, status in employment and economic activity (thousands)","Total","Status in employment (Aggregate): Total","Economic activity (Aggregate): Not classified","2022",140.226,,,,"Repository: ILO-STATISTICS - Micro data processing"
"Republic of Korea","LFS - Economically Active Population Survey","Employment by sex, status in employment and economic activity (thousands)","Male","Status in employment (Aggregate): Total","Economic activity (Aggregate): Total","2022",15960.334,,,,"Repository: ILO-STATISTICS - Micro data processing"
"Republic of Korea","LFS - Economically Active Population Survey","Employment by sex, status in employment and economic activity (thousands)","Male","Status in employment (Aggregate): Total","Economic activity (Aggregate): Agriculture","2022",931.783,,,,"Repository: ILO-STATISTICS - Micro data processing"
"Republic of Korea","LFS - Economically Active Population Survey","Employment by sex, status in employment and economic activity (thousands)","Male","Status in employment (Aggregate): Total","Economic activity (Aggregate): Manufacturing","2022",3213.648,,,,"Repository: ILO-STATISTICS - Micro data processing"
"Republic of Korea","LFS - Economically Active Population Survey","Employment by sex, status in employment and economic activity (thousands)","Male","Status in employment (Aggregate): Total","Economic activity (Aggregate): Construction","2022",1886.526,,,,"Repository: ILO-STATISTICS - Micro data processing"
"Republic of Korea","LFS - Economically Active Population Survey","Employment by sex, status in employment and economic activity (thousands)","Male","Status in employment (Aggregate): Total","Economic activity (Aggregate): Mining and quarrying; Electricity, gas and water supply","2022",199.813,,,,"Repository: ILO-STATISTICS - Micro data processing"
"Republic of Korea","LFS - Economically Active Population Survey","Employment by sex, status in employment and economic activity (thousands)","Male","Status in employment (Aggregate): Total","Economic activity (Aggregate): Trade, Transportation, Accommodation and Food, and Business and Administrative Services","2022",7009.124,,,,"Repository: ILO-STATISTICS - Micro data processing"
"Republic of Korea","LFS - Economically Active Population Survey","Employment by sex, status in employment and economic activity (thousands)","Male","Status in employment (Aggregate): Total","Economic activity (Aggregate): Public Administration, Community, Social and other Services and Activities","2022",2687.411,,,,"Repository: ILO-STATISTICS - Micro data processing"
"Republic of Korea","LFS - Economically Active Population Survey","Employment by sex, status in employment and economic activity (thousands)","Male","Status in employment (Aggregate): Total","Economic activity (Aggregate): Not classified","2022",32.029,,,,"Repository: ILO-STATISTICS - Micro data processing"
"Republic of Korea","LFS - Economically Active Population Survey","Employment by sex, status in employment and economic activity (thousands)","Female","Status in employment (Aggregate): Total","Economic activity (Aggregate): Total","2022",12269.007,,,,"Repository: ILO-STATISTICS - Micro data processing"
"Republic of Korea","LFS - Economically Active Population Survey","Employment by sex, status in employment and economic activity (thousands)","Female","Status in employment (Aggregate): Total","Economic activity (Aggregate): Agriculture","2022",593.962,,,,"Repository: ILO-STATISTICS - Micro data processing"
"Republic of Korea","LFS - Economically Active Population Survey","Employment by sex, status in employment and economic activity (thousands)","Female","Status in employment (Aggregate): Total","Economic activity (Aggregate): Manufacturing","2022",1289.538,,,,"Repository: ILO-STATISTICS - Micro data processing"
"Republic of Korea","LFS - Economically Active Population Survey","Employment by sex, status in employment and economic activity (thousands)","Female","Status in employment (Aggregate): Total","Economic activity (Aggregate): Construction","2022",236.442,,,,"Repository: ILO-STATISTICS - Micro data processing"
"Republic of Korea","LFS - Economically Active Population Survey","Employment by sex, status in employment and economic activity (thousands)","Female","Status in employment (Aggregate): Total","Economic activity (Aggregate): Mining and quarrying; Electricity, gas and water supply","2022",43.865,,,,"Repository: ILO-STATISTICS - Micro data processing"
"Republic of Korea","LFS - Economically Active Population Survey","Employment by sex, status in employment and economic activity (thousands)","Female","Status in employment (Aggregate): Total","Economic activity (Aggregate): Trade, Transportation, Accommodation and Food, and Business and Administrative Services","2022",5112.738,,,,"Repository: ILO-STATISTICS - Micro data processing"
"Republic of Korea","LFS - Economically Active Population Survey","Employment by sex, status in employment and economic activity (thousands)","Female","Status in employment (Aggregate): Total","Economic activity (Aggregate): Public Administration, Community, Social and other Services and Activities","2022",4884.264,,,,"Repository: ILO-STATISTICS - Micro data processing"
"Republic of Korea","LFS - Economically Active Population Survey","Employment by sex, status in employment and economic activity (thousands)","Female","Status in employment (Aggregate): Total","Economic activity (Aggregate): Not classified","2022",108.197,,,,"Repository: ILO-STATISTICS - Micro data processing"
"Republic of Korea","LFS - Economically Active Population Survey","Employment by sex, status in employment and economic activity (thousands)","Total","Status in employment (Aggregate): Total","Economic activity (Aggregate): Total","2021",27400.584,,,,"Repository: ILO-STATISTICS - Micro data processing"
"Republic of Korea","LFS - Economically Active Population Survey","Employment by sex, status in employment and economic activity (thousands)","Total","Status in employment (Aggregate): Total","Economic activity (Aggregate): Agriculture","2021",1458.275,,,,"Repository: ILO-STATISTICS - Micro data processing"
"Republic of Korea","LFS - Economically Active Population Survey","Employment by sex, status in employment and economic activity (thousands)","Total","Status in employment (Aggregate): Total","Economic activity (Aggregate): Manufacturing","2021",4367.846,,,,"Repository: ILO-STATISTICS - Micro data processing"
"Republic of Korea","LFS - Economically Active Population Survey","Employment by sex, status in employment and economic activity (thousands)","Total","Status in employment (Aggregate): Total","Economic activity (Aggregate): Construction","2021",2090.387,,,,"Repository: ILO-STATISTICS - Micro data processing"
"Republic of Korea","LFS - Economically Active Population Survey","Employment by sex, status in employment and economic activity (thousands)","Total","Status in employment (Aggregate): Total","Economic activity (Aggregate): Mining and quarrying; Electricity, gas and water supply","2021",251.932,,,,"Repository: ILO-STATISTICS - Micro data processing"
"Republic of Korea","LFS - Economically Active Population Survey","Employment by sex, status in employment and economic activity (thousands)","Total","Status in employment (Aggregate): Total","Economic activity (Aggregate): Trade, Transportation, Accommodation and Food, and Business and Administrative Services","2021",11842.81,,,,"Repository: ILO-STATISTICS - Micro data processing"
"Republic of Korea","LFS - Economically Active Population Survey","Employment by sex, status in employment and economic activity (thousands)","Total","Status in employment (Aggregate): Total","Economic activity (Aggregate): Public Administration, Community, Social and other Services and Activities","2021",7261.54,,,,"Repository: ILO-STATISTICS - Micro data processing"
"Republic of Korea","LFS - Economically Active Population Survey","Employment by sex, status in employment and economic activity (thousands)","Total","Status in employment (Aggregate): Total","Economic activity (Aggregate): Not classified","2021",127.794,,,,"Repository: ILO-STATISTICS - Micro data processing"
"Republic of Korea","LFS - Economically Active Population Survey","Employment by sex, status in employment and economic activity (thousands)","Male","Status in employment (Aggregate): Total","Economic activity (Aggregate): Total","2021",15572.533,,,,"Repository: ILO-STATISTICS - Micro data processing"
"Republic of Korea","LFS - Economically Active Population Survey","Employment by sex, status in employment and economic activity (thousands)","Male","Status in employment (Aggregate): Total","Economic activity (Aggregate): Agriculture","2021",896.469,,,,"Repository: ILO-STATISTICS - Micro data processing"
"Republic of Korea","LFS - Economically Active Population Survey","Employment by sex, status in employment and economic activity (thousands)","Male","Status in employment (Aggregate): Total","Economic activity (Aggregate): Manufacturing","2021",3111.158,,,,"Repository: ILO-STATISTICS - Micro data processing"
"Republic of Korea","LFS - Economically Active Population Survey","Employment by sex, status in employment and economic activity (thousands)","Male","Status in employment (Aggregate): Total","Economic activity (Aggregate): Construction","2021",1874.993,,,,"Repository: ILO-STATISTICS - Micro data processing"
"Republic of Korea","LFS - Economically Active Population Survey","Employment by sex, status in employment and economic activity (thousands)","Male","Status in employment (Aggregate): Total","Economic activity (Aggregate): Mining and quarrying; Electricity, gas and water supply","2021",205.504,,,,"Repository: ILO-STATISTICS - Micro data processing"
"Republic of Korea","LFS - Economically Active Population Survey","Employment by sex, status in employment and economic activity (thousands)","Male","Status in employment (Aggregate): Total","Economic activity (Aggregate): Trade, Transportation, Accommodation and Food, and Business and Administrative Services","2021",6877.713,,,,"Repository: ILO-STATISTICS - Micro data processing"
"Republic of Korea","LFS - Economically Active Population Survey","Employment by sex, status in employment and economic activity (thousands)","Male","Status in employment (Aggregate): Total","Economic activity (Aggregate): Public Administration, Community, Social and other Services and Activities","2021",2581.774,,,,"Repository: ILO-STATISTICS - Micro data processing"
"Republic of Korea","LFS - Economically Active Population Survey","Employment by sex, status in employment and economic activity (thousands)","Male","Status in employment (Aggregate): Total","Economic activity (Aggregate): Not classified","2021",24.922,,,,"Repository: ILO-STATISTICS - Micro data processing"
"Republic of Korea","LFS - Economically Active Population Survey","Employment by sex, status in employment and economic activity (thousands)","Female","Status in employment (Aggregate): Total","Economic activity (Aggregate): Total","2021",11828.051,,,,"Repository: ILO-STATISTICS - Micro data processing"
"Republic of Korea","LFS - Economically Active Population Survey","Employment by sex, status in employment and economic activity (thousands)","Female","Status in employment (Aggregate): Total","Economic activity (Aggregate): Agriculture","2021",561.806,,,,"Repository: ILO-STATISTICS - Micro data processing"
"Republic of Korea","LFS - Economically Active Population Survey","Employment by sex, status in employment and economic activity (thousands)","Female","Status in employment (Aggregate): Total","Economic activity (Aggregate): Manufacturing","2021",1256.687,,,,"Repository: ILO-STATISTICS - Micro data processing"
"Republic of Korea","LFS - Economically Active Population Survey","Employment by sex, status in employment and economic activity (thousands)","Female","Status in employment (Aggregate): Total","Economic activity (Aggregate): Construction","2021",215.394,,,,"Repository: ILO-STATISTICS - Micro data processing"
"Republic of Korea","LFS - Economically Active Population Survey","Employment by sex, status in employment and economic activity (thousands)","Female","Status in employment (Aggregate): Total","Economic activity (Aggregate): Mining and quarrying; Electricity, gas and water supply","2021",46.428,,,,"Repository: ILO-STATISTICS - Micro data processing"
"Republic of Korea","LFS - Economically Active Population Survey","Employment by sex, status in employment and economic activity (thousands)","Female","Status in employment (Aggregate): Total","Economic activity (Aggregate): Trade, Transportation, Accommodation and Food, and Business and Administrative Services","2021",4965.097,,,,"Repository: ILO-STATISTICS - Micro data processing"
"Republic of Korea","LFS - Economically Active Population Survey","Employment by sex, status in employment and economic activity (thousands)","Female","Status in employment (Aggregate): Total","Economic activity (Aggregate): Public Administration, Community, Social and other Services and Activities","2021",4679.766,,,,"Repository: ILO-STATISTICS - Micro data processing"
"Republic of Korea","LFS - Economically Active Population Survey","Employment by sex, status in employment and economic activity (thousands)","Female","Status in employment (Aggregate): Total","Economic activity (Aggregate): Not classified","2021",102.872,,,,"Repository: ILO-STATISTICS - Micro data processing"
"Republic of Korea","LFS - Economically Active Population Survey","Employment by sex, status in employment and economic activity (thousands)","Total","Status in employment (Aggregate): Total","Economic activity (Aggregate): Total","2020",27024.243,,,,"Repository: ILO-STATISTICS - Micro data processing"
"Republic of Korea","LFS - Economically Active Population Survey","Employment by sex, status in employment and economic activity (thousands)","Total","Status in employment (Aggregate): Total","Economic activity (Aggregate): Agriculture","2020",1445.087,,,,"Repository: ILO-STATISTICS - Micro data processing"
"Republic of Korea","LFS - Economically Active Population Survey","Employment by sex, status in employment and economic activity (thousands)","Total","Status in employment (Aggregate): Total","Economic activity (Aggregate): Manufacturing","2020",4375.895,,,,"Repository: ILO-STATISTICS - Micro data processing"
"Republic of Korea","LFS - Economically Active Population Survey","Employment by sex, status in employment and economic activity (thousands)","Total","Status in employment (Aggregate): Total","Economic activity (Aggregate): Construction","2020",2016.005,,,,"Repository: ILO-STATISTICS - Micro data processing"
"Republic of Korea","LFS - Economically Active Population Survey","Employment by sex, status in employment and economic activity (thousands)","Total","Status in employment (Aggregate): Total","Economic activity (Aggregate): Mining and quarrying; Electricity, gas and water supply","2020",239.002,,,,"Repository: ILO-STATISTICS - Micro data processing"
"Republic of Korea","LFS - Economically Active Population Survey","Employment by sex, status in employment and economic activity (thousands)","Total","Status in employment (Aggregate): Total","Economic activity (Aggregate): Trade, Transportation, Accommodation and Food, and Business and Administrative Services","2020",11748.007,,,,"Repository: ILO-STATISTICS - Micro data processing"
"Republic of Korea","LFS - Economically Active Population Survey","Employment by sex, status in employment and economic activity (thousands)","Total","Status in employment (Aggregate): Total","Economic activity (Aggregate): Public Administration, Community, Social and other Services and Activities","2020",7080.335,,,,"Repository: ILO-STATISTICS - Micro data processing"
"Republic of Korea","LFS - Economically Active Population Survey","Employment by sex, status in employment and economic activity (thousands)","Total","Status in employment (Aggregate): Total","Economic activity (Aggregate): Not classified","2020",119.912,,,,"Repository: ILO-STATISTICS - Micro data processing"
"Republic of Korea","LFS - Economically Active Population Survey","Employment by sex, status in employment and economic activity (thousands)","Male","Status in employment (Aggregate): Total","Economic activity (Aggregate): Total","2020",15408.009,,,,"Repository: ILO-STATISTICS - Micro data processing"
"Republic of Korea","LFS - Economically Active Population Survey","Employment by sex, status in employment and economic activity (thousands)","Male","Status in employment (Aggregate): Total","Economic activity (Aggregate): Agriculture","2020",875.637,,,,"Repository: ILO-STATISTICS - Micro data processing"
"Republic of Korea","LFS - Economically Active Population Survey","Employment by sex, status in employment and economic activity (thousands)","Male","Status in employment (Aggregate): Total","Economic activity (Aggregate): Manufacturing","2020",3136.879,,,,"Repository: ILO-STATISTICS - Micro data processing"
"Republic of Korea","LFS - Economically Active Population Survey","Employment by sex, status in employment and economic activity (thousands)","Male","Status in employment (Aggregate): Total","Economic activity (Aggregate): Construction","2020",1808.187,,,,"Repository: ILO-STATISTICS - Micro data processing"
"Republic of Korea","LFS - Economically Active Population Survey","Employment by sex, status in employment and economic activity (thousands)","Male","Status in employment (Aggregate): Total","Economic activity (Aggregate): Mining and quarrying; Electricity, gas and water supply","2020",200.483,,,,"Repository: ILO-STATISTICS - Micro data processing"
"Republic of Korea","LFS - Economically Active Population Survey","Employment by sex, status in employment and economic activity (thousands)","Male","Status in employment (Aggregate): Total","Economic activity (Aggregate): Trade, Transportation, Accommodation and Food, and Business and Administrative Services","2020",6820.493,,,,"Repository: ILO-STATISTICS - Micro data processing"
"Republic of Korea","LFS - Economically Active Population Survey","Employment by sex, status in employment and economic activity (thousands)","Male","Status in employment (Aggregate): Total","Economic activity (Aggregate): Public Administration, Community, Social and other Services and Activities","2020",2539.558,,,,"Repository: ILO-STATISTICS - Micro data processing"
"Republic of Korea","LFS - Economically Active Population Survey","Employment by sex, status in employment and economic activity (thousands)","Male","Status in employment (Aggregate): Total","Economic activity (Aggregate): Not classified","2020",26.772,,,,"Repository: ILO-STATISTICS - Micro data processing"
"Republic of Korea","LFS - Economically Active Population Survey","Employment by sex, status in employment and economic activity (thousands)","Female","Status in employment (Aggregate): Total","Economic activity (Aggregate): Total","2020",11616.234,,,,"Repository: ILO-STATISTICS - Micro data processing"
"Republic of Korea","LFS - Economically Active Population Survey","Employment by sex, status in employment and economic activity (thousands)","Female","Status in employment (Aggregate): Total","Economic activity (Aggregate): Agriculture","2020",569.45,,,,"Repository: ILO-STATISTICS - Micro data processing"
"Republic of Korea","LFS - Economically Active Population Survey","Employment by sex, status in employment and economic activity (thousands)","Female","Status in employment (Aggregate): Total","Economic activity (Aggregate): Manufacturing","2020",1239.016,,,,"Repository: ILO-STATISTICS - Micro data processing"
"Republic of Korea","LFS - Economically Active Population Survey","Employment by sex, status in employment and economic activity (thousands)","Female","Status in employment (Aggregate): Total","Economic activity (Aggregate): Construction","2020",207.818,,,,"Repository: ILO-STATISTICS - Micro data processing"
"Republic of Korea","LFS - Economically Active Population Survey","Employment by sex, status in employment and economic activity (thousands)","Female","Status in employment (Aggregate): Total","Economic activity (Aggregate): Mining and quarrying; Electricity, gas and water supply","2020",38.519,,,,"Repository: ILO-STATISTICS - Micro data processing"
"Republic of Korea","LFS - Economically Active Population Survey","Employment by sex, status in employment and economic activity (thousands)","Female","Status in employment (Aggregate): Total","Economic activity (Aggregate): Trade, Transportation, Accommodation and Food, and Business and Administrative Services","2020",4927.514,,,,"Repository: ILO-STATISTICS - Micro data processing"
"Republic of Korea","LFS - Economically Active Population Survey","Employment by sex, status in employment and economic activity (thousands)","Female","Status in employment (Aggregate): Total","Economic activity (Aggregate): Public Administration, Community, Social and other Services and Activities","2020",4540.777,,,,"Repository: ILO-STATISTICS - Micro data processing"
"Republic of Korea","LFS - Economically Active Population Survey","Employment by sex, status in employment and economic activity (thousands)","Female","Status in employment (Aggregate): Total","Economic activity (Aggregate): Not classified","2020",93.14,,,,"Repository: ILO-STATISTICS - Micro data processing"
"Republic of Korea","LFS - Economically Active Population Survey","Employment by sex, status in employment and economic activity (thousands)","Total","Status in employment (Aggregate): Total","Economic activity (Aggregate): Total","2019",27231.369,,,,"Repository: ILO-STATISTICS - Micro data processing"
"Republic of Korea","LFS - Economically Active Population Survey","Employment by sex, status in employment and economic activity (thousands)","Total","Status in employment (Aggregate): Total","Economic activity (Aggregate): Agriculture","2019",1394.918,,,,"Repository: ILO-STATISTICS - Micro data processing"
"Republic of Korea","LFS - Economically Active Population Survey","Employment by sex, status in employment and economic activity (thousands)","Total","Status in employment (Aggregate): Total","Economic activity (Aggregate): Manufacturing","2019",4429.121,,,,"Repository: ILO-STATISTICS - Micro data processing"
"Republic of Korea","LFS - Economically Active Population Survey","Employment by sex, status in employment and economic activity (thousands)","Total","Status in employment (Aggregate): Total","Economic activity (Aggregate): Construction","2019",2019.588,,,,"Repository: ILO-STATISTICS - Micro data processing"
"Republic of Korea","LFS - Economically Active Population Survey","Employment by sex, status in employment and economic activity (thousands)","Total","Status in employment (Aggregate): Total","Economic activity (Aggregate): Mining and quarrying; Electricity, gas and water supply","2019",217.535,,,,"Repository: ILO-STATISTICS - Micro data processing"
"Republic of Korea","LFS - Economically Active Population Survey","Employment by sex, status in employment and economic activity (thousands)","Total","Status in employment (Aggregate): Total","Economic activity (Aggregate): Trade, Transportation, Accommodation and Food, and Business and Administrative Services","2019",12049.119,,,,"Repository: ILO-STATISTICS - Micro data processing"
"Republic of Korea","LFS - Economically Active Population Survey","Employment by sex, status in employment and economic activity (thousands)","Total","Status in employment (Aggregate): Total","Economic activity (Aggregate): Public Administration, Community, Social and other Services and Activities","2019",7012.425,,,,"Repository: ILO-STATISTICS - Micro data processing"
"Republic of Korea","LFS - Economically Active Population Survey","Employment by sex, status in employment and economic activity (thousands)","Total","Status in employment (Aggregate): Total","Economic activity (Aggregate): Not classified","2019",108.663,,,,"Repository: ILO-STATISTICS - Micro data processing"
"Republic of Korea","LFS - Economically Active Population Survey","Employment by sex, status in employment and economic activity (thousands)","Male","Status in employment (Aggregate): Total","Economic activity (Aggregate): Total","2019",15487.869,,,,"Repository: ILO-STATISTICS - Micro data processing"
"Republic of Korea","LFS - Economically Active Population Survey","Employment by sex, status in employment and economic activity (thousands)","Male","Status in employment (Aggregate): Total","Economic activity (Aggregate): Agriculture","2019",830.269,,,,"Repository: ILO-STATISTICS - Micro data processing"
"Republic of Korea","LFS - Economically Active Population Survey","Employment by sex, status in employment and economic activity (thousands)","Male","Status in employment (Aggregate): Total","Economic activity (Aggregate): Manufacturing","2019",3158.099,,,,"Repository: ILO-STATISTICS - Micro data processing"
"Republic of Korea","LFS - Economically Active Population Survey","Employment by sex, status in employment and economic activity (thousands)","Male","Status in employment (Aggregate): Total","Economic activity (Aggregate): Construction","2019",1817.188,,,,"Repository: ILO-STATISTICS - Micro data processing"
"Republic of Korea","LFS - Economically Active Population Survey","Employment by sex, status in employment and economic activity (thousands)","Male","Status in employment (Aggregate): Total","Economic activity (Aggregate): Mining and quarrying; Electricity, gas and water supply","2019",184.791,,,,"Repository: ILO-STATISTICS - Micro data processing"
"Republic of Korea","LFS - Economically Active Population Survey","Employment by sex, status in employment and economic activity (thousands)","Male","Status in employment (Aggregate): Total","Economic activity (Aggregate): Trade, Transportation, Accommodation and Food, and Business and Administrative Services","2019",6922.196,,,,"Repository: ILO-STATISTICS - Micro data processing"
"Republic of Korea","LFS - Economically Active Population Survey","Employment by sex, status in employment and economic activity (thousands)","Male","Status in employment (Aggregate): Total","Economic activity (Aggregate): Public Administration, Community, Social and other Services and Activities","2019",2550.264,,,,"Repository: ILO-STATISTICS - Micro data processing"
"Republic of Korea","LFS - Economically Active Population Survey","Employment by sex, status in employment and economic activity (thousands)","Male","Status in employment (Aggregate): Total","Economic activity (Aggregate): Not classified","2019",25.061,,,,"Repository: ILO-STATISTICS - Micro data processing"
"Republic of Korea","LFS - Economically Active Population Survey","Employment by sex, status in employment and economic activity (thousands)","Female","Status in employment (Aggregate): Total","Economic activity (Aggregate): Total","2019",11743.5,,,,"Repository: ILO-STATISTICS - Micro data processing"
"Republic of Korea","LFS - Economically Active Population Survey","Employment by sex, status in employment and economic activity (thousands)","Female","Status in employment (Aggregate): Total","Economic activity (Aggregate): Agriculture","2019",564.649,,,,"Repository: ILO-STATISTICS - Micro data processing"
"Republic of Korea","LFS - Economically Active Population Survey","Employment by sex, status in employment and economic activity (thousands)","Female","Status in employment (Aggregate): Total","Economic activity (Aggregate): Manufacturing","2019",1271.022,,,,"Repository: ILO-STATISTICS - Micro data processing"
"Republic of Korea","LFS - Economically Active Population Survey","Employment by sex, status in employment and economic activity (thousands)","Female","Status in employment (Aggregate): Total","Economic activity (Aggregate): Construction","2019",202.399,,,,"Repository: ILO-STATISTICS - Micro data processing"
"Republic of Korea","LFS - Economically Active Population Survey","Employment by sex, status in employment and economic activity (thousands)","Female","Status in employment (Aggregate): Total","Economic activity (Aggregate): Mining and quarrying; Electricity, gas and water supply","2019",32.744,,,,"Repository: ILO-STATISTICS - Micro data processing"
"Republic of Korea","LFS - Economically Active Population Survey","Employment by sex, status in employment and economic activity (thousands)","Female","Status in employment (Aggregate): Total","Economic activity (Aggregate): Trade, Transportation, Accommodation and Food, and Business and Administrative Services","2019",5126.924,,,,"Repository: ILO-STATISTICS - Micro data processing"
"Republic of Korea","LFS - Economically Active Population Survey","Employment by sex, status in employment and economic activity (thousands)","Female","Status in employment (Aggregate): Total","Economic activity (Aggregate): Public Administration, Community, Social and other Services and Activities","2019",4462.161,,,,"Repository: ILO-STATISTICS - Micro data processing"
"Republic of Korea","LFS - Economically Active Population Survey","Employment by sex, status in employment and economic activity (thousands)","Female","Status in employment (Aggregate): Total","Economic activity (Aggregate): Not classified","2019",83.602,,,,"Repository: ILO-STATISTICS - Micro data processing"
"Republic of Korea","LFS - Economically Active Population Survey","Employment by sex, status in employment and economic activity (thousands)","Total","Status in employment (Aggregate): Total","Economic activity (Aggregate): Total","2018",26924.845,,,,"Repository: ILO-STATISTICS - Micro data processing"
"Republic of Korea","LFS - Economically Active Population Survey","Employment by sex, status in employment and economic activity (thousands)","Total","Status in employment (Aggregate): Total","Economic activity (Aggregate): Agriculture","2018",1340.171,,,,"Repository: ILO-STATISTICS - Micro data processing"
"Republic of Korea","LFS - Economically Active Population Survey","Employment by sex, status in employment and economic activity (thousands)","Total","Status in employment (Aggregate): Total","Economic activity (Aggregate): Manufacturing","2018",4509.909,,,,"Repository: ILO-STATISTICS - Micro data processing"
"Republic of Korea","LFS - Economically Active Population Survey","Employment by sex, status in employment and economic activity (thousands)","Total","Status in employment (Aggregate): Total","Economic activity (Aggregate): Construction","2018",2034.2,,,,"Repository: ILO-STATISTICS - Micro data processing"
"Republic of Korea","LFS - Economically Active Population Survey","Employment by sex, status in employment and economic activity (thousands)","Total","Status in employment (Aggregate): Total","Economic activity (Aggregate): Mining and quarrying; Electricity, gas and water supply","2018",215.595,,,,"Repository: ILO-STATISTICS - Micro data processing"
"Republic of Korea","LFS - Economically Active Population Survey","Employment by sex, status in employment and economic activity (thousands)","Total","Status in employment (Aggregate): Total","Economic activity (Aggregate): Trade, Transportation, Accommodation and Food, and Business and Administrative Services","2018",11948.418,,,,"Repository: ILO-STATISTICS - Micro data processing"
"Republic of Korea","LFS - Economically Active Population Survey","Employment by sex, status in employment and economic activity (thousands)","Total","Status in employment (Aggregate): Total","Economic activity (Aggregate): Public Administration, Community, Social and other Services and Activities","2018",6773.786,,,,"Repository: ILO-STATISTICS - Micro data processing"
"Republic of Korea","LFS - Economically Active Population Survey","Employment by sex, status in employment and economic activity (thousands)","Total","Status in employment (Aggregate): Total","Economic activity (Aggregate): Not classified","2018",102.767,,,,"Repository: ILO-STATISTICS - Micro data processing"
"Republic of Korea","LFS - Economically Active Population Survey","Employment by sex, status in employment and economic activity (thousands)","Male","Status in employment (Aggregate): Total","Economic activity (Aggregate): Total","2018",15389.62,,,,"Repository: ILO-STATISTICS - Micro data processing"
"Republic of Korea","LFS - Economically Active Population Survey","Employment by sex, status in employment and economic activity (thousands)","Male","Status in employment (Aggregate): Total","Economic activity (Aggregate): Agriculture","2018",796.169,,,,"Repository: ILO-STATISTICS - Micro data processing"
"Republic of Korea","LFS - Economically Active Population Survey","Employment by sex, status in employment and economic activity (thousands)","Male","Status in employment (Aggregate): Total","Economic activity (Aggregate): Manufacturing","2018",3200.27,,,,"Repository: ILO-STATISTICS - Micro data processing"
"Republic of Korea","LFS - Economically Active Population Survey","Employment by sex, status in employment and economic activity (thousands)","Male","Status in employment (Aggregate): Total","Economic activity (Aggregate): Construction","2018",1824.397,,,,"Repository: ILO-STATISTICS - Micro data processing"
"Republic of Korea","LFS - Economically Active Population Survey","Employment by sex, status in employment and economic activity (thousands)","Male","Status in employment (Aggregate): Total","Economic activity (Aggregate): Mining and quarrying; Electricity, gas and water supply","2018",182.727,,,,"Repository: ILO-STATISTICS - Micro data processing"
"Republic of Korea","LFS - Economically Active Population Survey","Employment by sex, status in employment and economic activity (thousands)","Male","Status in employment (Aggregate): Total","Economic activity (Aggregate): Trade, Transportation, Accommodation and Food, and Business and Administrative Services","2018",6852.865,,,,"Repository: ILO-STATISTICS - Micro data processing"
"Republic of Korea","LFS - Economically Active Population Survey","Employment by sex, status in employment and economic activity (thousands)","Male","Status in employment (Aggregate): Total","Economic activity (Aggregate): Public Administration, Community, Social and other Services and Activities","2018",2515.565,,,,"Repository: ILO-STATISTICS - Micro data processing"
"Republic of Korea","LFS - Economically Active Population Survey","Employment by sex, status in employment and economic activity (thousands)","Male","Status in employment (Aggregate): Total","Economic activity (Aggregate): Not classified","2018",17.627,,,,"Repository: ILO-STATISTICS - Micro data processing"
"Republic of Korea","LFS - Economically Active Population Survey","Employment by sex, status in employment and economic activity (thousands)","Female","Status in employment (Aggregate): Total","Economic activity (Aggregate): Total","2018",11535.226,,,,"Repository: ILO-STATISTICS - Micro data processing"
"Republic of Korea","LFS - Economically Active Population Survey","Employment by sex, status in employment and economic activity (thousands)","Female","Status in employment (Aggregate): Total","Economic activity (Aggregate): Agriculture","2018",544.002,,,,"Repository: ILO-STATISTICS - Micro data processing"
"Republic of Korea","LFS - Economically Active Population Survey","Employment by sex, status in employment and economic activity (thousands)","Female","Status in employment (Aggregate): Total","Economic activity (Aggregate): Manufacturing","2018",1309.639,,,,"Repository: ILO-STATISTICS - Micro data processing"
"Republic of Korea","LFS - Economically Active Population Survey","Employment by sex, status in employment and economic activity (thousands)","Female","Status in employment (Aggregate): Total","Economic activity (Aggregate): Construction","2018",209.804,,,,"Repository: ILO-STATISTICS - Micro data processing"
"Republic of Korea","LFS - Economically Active Population Survey","Employment by sex, status in employment and economic activity (thousands)","Female","Status in employment (Aggregate): Total","Economic activity (Aggregate): Mining and quarrying; Electricity, gas and water supply","2018",32.868,,,,"Repository: ILO-STATISTICS - Micro data processing"
"Republic of Korea","LFS - Economically Active Population Survey","Employment by sex, status in employment and economic activity (thousands)","Female","Status in employment (Aggregate): Total","Economic activity (Aggregate): Trade, Transportation, Accommodation and Food, and Business and Administrative Services","2018",5095.553,,,,"Repository: ILO-STATISTICS - Micro data processing"
"Republic of Korea","LFS - Economically Active Population Survey","Employment by sex, status in employment and economic activity (thousands)","Female","Status in employment (Aggregate): Total","Economic activity (Aggregate): Public Administration, Community, Social and other Services and Activities","2018",4258.221,,,,"Repository: ILO-STATISTICS - Micro data processing"
"Republic of Korea","LFS - Economically Active Population Survey","Employment by sex, status in employment and economic activity (thousands)","Female","Status in employment (Aggregate): Total","Economic activity (Aggregate): Not classified","2018",85.139,,,,"Repository: ILO-STATISTICS - Micro data processing"
"Republic of Korea","LFS - Economically Active Population Survey","Employment by sex, status in employment and economic activity (thousands)","Total","Status in employment (Aggregate): Total","Economic activity (Aggregate): Total","2017",26867.857,,,,"Repository: ILO-STATISTICS - Micro data processing"
"Republic of Korea","LFS - Economically Active Population Survey","Employment by sex, status in employment and economic activity (thousands)","Total","Status in employment (Aggregate): Total","Economic activity (Aggregate): Agriculture","2017",1278.631,,,,"Repository: ILO-STATISTICS - Micro data processing"
"Republic of Korea","LFS - Economically Active Population Survey","Employment by sex, status in employment and economic activity (thousands)","Total","Status in employment (Aggregate): Total","Economic activity (Aggregate): Manufacturing","2017",4566.179,,,,"Repository: ILO-STATISTICS - Micro data processing"
"Republic of Korea","LFS - Economically Active Population Survey","Employment by sex, status in employment and economic activity (thousands)","Total","Status in employment (Aggregate): Total","Economic activity (Aggregate): Construction","2017",1987.7,,,,"Repository: ILO-STATISTICS - Micro data processing"
"Republic of Korea","LFS - Economically Active Population Survey","Employment by sex, status in employment and economic activity (thousands)","Total","Status in employment (Aggregate): Total","Economic activity (Aggregate): Mining and quarrying; Electricity, gas and water supply","2017",209.676,,,,"Repository: ILO-STATISTICS - Micro data processing"
"Republic of Korea","LFS - Economically Active Population Survey","Employment by sex, status in employment and economic activity (thousands)","Total","Status in employment (Aggregate): Total","Economic activity (Aggregate): Trade, Transportation, Accommodation and Food, and Business and Administrative Services","2017",12046.663,,,,"Repository: ILO-STATISTICS - Micro data processing"
"Republic of Korea","LFS - Economically Active Population Survey","Employment by sex, status in employment and economic activity (thousands)","Total","Status in employment (Aggregate): Total","Economic activity (Aggregate): Public Administration, Community, Social and other Services and Activities","2017",6635.99,,,,"Repository: ILO-STATISTICS - Micro data processing"
"Republic of Korea","LFS - Economically Active Population Survey","Employment by sex, status in employment and economic activity (thousands)","Total","Status in employment (Aggregate): Total","Economic activity (Aggregate): Not classified","2017",143.017,,,,"Repository: ILO-STATISTICS - Micro data processing"
"Republic of Korea","LFS - Economically Active Population Survey","Employment by sex, status in employment and economic activity (thousands)","Male","Status in employment (Aggregate): Total","Economic activity (Aggregate): Total","2017",15396.984,,,,"Repository: ILO-STATISTICS - Micro data processing"
"Republic of Korea","LFS - Economically Active Population Survey","Employment by sex, status in employment and economic activity (thousands)","Male","Status in employment (Aggregate): Total","Economic activity (Aggregate): Agriculture","2017",769.988,,,,"Repository: ILO-STATISTICS - Micro data processing"
"Republic of Korea","LFS - Economically Active Population Survey","Employment by sex, status in employment and economic activity (thousands)","Male","Status in employment (Aggregate): Total","Economic activity (Aggregate): Manufacturing","2017",3214.863,,,,"Repository: ILO-STATISTICS - Micro data processing"
"Republic of Korea","LFS - Economically Active Population Survey","Employment by sex, status in employment and economic activity (thousands)","Male","Status in employment (Aggregate): Total","Economic activity (Aggregate): Construction","2017",1807.88,,,,"Repository: ILO-STATISTICS - Micro data processing"
"Republic of Korea","LFS - Economically Active Population Survey","Employment by sex, status in employment and economic activity (thousands)","Male","Status in employment (Aggregate): Total","Economic activity (Aggregate): Mining and quarrying; Electricity, gas and water supply","2017",175.041,,,,"Repository: ILO-STATISTICS - Micro data processing"
"Republic of Korea","LFS - Economically Active Population Survey","Employment by sex, status in employment and economic activity (thousands)","Male","Status in employment (Aggregate): Total","Economic activity (Aggregate): Trade, Transportation, Accommodation and Food, and Business and Administrative Services","2017",6934.698,,,,"Repository: ILO-STATISTICS - Micro data processing"
"Republic of Korea","LFS - Economically Active Population Survey","Employment by sex, status in employment and economic activity (thousands)","Male","Status in employment (Aggregate): Total","Economic activity (Aggregate): Public Administration, Community, Social and other Services and Activities","2017",2465.938,,,,"Repository: ILO-STATISTICS - Micro data processing"
"Republic of Korea","LFS - Economically Active Population Survey","Employment by sex, status in employment and economic activity (thousands)","Male","Status in employment (Aggregate): Total","Economic activity (Aggregate): Not classified","2017",28.576,,,,"Repository: ILO-STATISTICS - Micro data processing"
"Republic of Korea","LFS - Economically Active Population Survey","Employment by sex, status in employment and economic activity (thousands)","Female","Status in employment (Aggregate): Total","Economic activity (Aggregate): Total","2017",11470.873,,,,"Repository: ILO-STATISTICS - Micro data processing"
"Republic of Korea","LFS - Economically Active Population Survey","Employment by sex, status in employment and economic activity (thousands)","Female","Status in employment (Aggregate): Total","Economic activity (Aggregate): Agriculture","2017",508.643,,,,"Repository: ILO-STATISTICS - Micro data processing"
"Republic of Korea","LFS - Economically Active Population Survey","Employment by sex, status in employment and economic activity (thousands)","Female","Status in employment (Aggregate): Total","Economic activity (Aggregate): Manufacturing","2017",1351.316,,,,"Repository: ILO-STATISTICS - Micro data processing"
"Republic of Korea","LFS - Economically Active Population Survey","Employment by sex, status in employment and economic activity (thousands)","Female","Status in employment (Aggregate): Total","Economic activity (Aggregate): Construction","2017",179.82,,,,"Repository: ILO-STATISTICS - Micro data processing"
"Republic of Korea","LFS - Economically Active Population Survey","Employment by sex, status in employment and economic activity (thousands)","Female","Status in employment (Aggregate): Total","Economic activity (Aggregate): Mining and quarrying; Electricity, gas and water supply","2017",34.636,,,,"Repository: ILO-STATISTICS - Micro data processing"
"Republic of Korea","LFS - Economically Active Population Survey","Employment by sex, status in employment and economic activity (thousands)","Female","Status in employment (Aggregate): Total","Economic activity (Aggregate): Trade, Transportation, Accommodation and Food, and Business and Administrative Services","2017",5111.965,,,,"Repository: ILO-STATISTICS - Micro data processing"
"Republic of Korea","LFS - Economically Active Population Survey","Employment by sex, status in employment and economic activity (thousands)","Female","Status in employment (Aggregate): Total","Economic activity (Aggregate): Public Administration, Community, Social and other Services and Activities","2017",4170.052,,,,"Repository: ILO-STATISTICS - Micro data processing"
"Republic of Korea","LFS - Economically Active Population Survey","Employment by sex, status in employment and economic activity (thousands)","Female","Status in employment (Aggregate): Total","Economic activity (Aggregate): Not classified","2017",114.441,,,,"Repository: ILO-STATISTICS - Micro data processing"
"Republic of Korea","LFS - Economically Active Population Survey","Employment by sex, status in employment and economic activity (thousands)","Total","Status in employment (Aggregate): Total","Economic activity (Aggregate): Total","2016",26550.811,,,,"Repository: ILO-STATISTICS - Micro data processing"
"Republic of Korea","LFS - Economically Active Population Survey","Employment by sex, status in employment and economic activity (thousands)","Total","Status in employment (Aggregate): Total","Economic activity (Aggregate): Agriculture","2016",1272.498,,,,"Repository: ILO-STATISTICS - Micro data processing"
"Republic of Korea","LFS - Economically Active Population Survey","Employment by sex, status in employment and economic activity (thousands)","Total","Status in employment (Aggregate): Total","Economic activity (Aggregate): Manufacturing","2016",4583.661,,,,"Repository: ILO-STATISTICS - Micro data processing"
"Republic of Korea","LFS - Economically Active Population Survey","Employment by sex, status in employment and economic activity (thousands)","Total","Status in employment (Aggregate): Total","Economic activity (Aggregate): Construction","2016",1868.994,,,,"Repository: ILO-STATISTICS - Micro data processing"
"Republic of Korea","LFS - Economically Active Population Survey","Employment by sex, status in employment and economic activity (thousands)","Total","Status in employment (Aggregate): Total","Economic activity (Aggregate): Mining and quarrying; Electricity, gas and water supply","2016",207.97,,,,"Repository: ILO-STATISTICS - Micro data processing"
"Republic of Korea","LFS - Economically Active Population Survey","Employment by sex, status in employment and economic activity (thousands)","Total","Status in employment (Aggregate): Total","Economic activity (Aggregate): Trade, Transportation, Accommodation and Food, and Business and Administrative Services","2016",12007.773,,,,"Repository: ILO-STATISTICS - Micro data processing"
"Republic of Korea","LFS - Economically Active Population Survey","Employment by sex, status in employment and economic activity (thousands)","Total","Status in employment (Aggregate): Total","Economic activity (Aggregate): Public Administration, Community, Social and other Services and Activities","2016",6468.211,,,,"Repository: ILO-STATISTICS - Micro data processing"
"Republic of Korea","LFS - Economically Active Population Survey","Employment by sex, status in employment and economic activity (thousands)","Total","Status in employment (Aggregate): Total","Economic activity (Aggregate): Not classified","2016",141.704,,,,"Repository: ILO-STATISTICS - Micro data processing"
"Republic of Korea","LFS - Economically Active Population Survey","Employment by sex, status in employment and economic activity (thousands)","Male","Status in employment (Aggregate): Total","Economic activity (Aggregate): Total","2016",15272.734,,,,"Repository: ILO-STATISTICS - Micro data processing"
"Republic of Korea","LFS - Economically Active Population Survey","Employment by sex, status in employment and economic activity (thousands)","Male","Status in employment (Aggregate): Total","Economic activity (Aggregate): Agriculture","2016",744.282,,,,"Repository: ILO-STATISTICS - Micro data processing"
"Republic of Korea","LFS - Economically Active Population Survey","Employment by sex, status in employment and economic activity (thousands)","Male","Status in employment (Aggregate): Total","Economic activity (Aggregate): Manufacturing","2016",3269.654,,,,"Repository: ILO-STATISTICS - Micro data processing"
"Republic of Korea","LFS - Economically Active Population Survey","Employment by sex, status in employment and economic activity (thousands)","Male","Status in employment (Aggregate): Total","Economic activity (Aggregate): Construction","2016",1717.859,,,,"Repository: ILO-STATISTICS - Micro data processing"
"Republic of Korea","LFS - Economically Active Population Survey","Employment by sex, status in employment and economic activity (thousands)","Male","Status in employment (Aggregate): Total","Economic activity (Aggregate): Mining and quarrying; Electricity, gas and water supply","2016",176.178,,,,"Repository: ILO-STATISTICS - Micro data processing"
"Republic of Korea","LFS - Economically Active Population Survey","Employment by sex, status in employment and economic activity (thousands)","Male","Status in employment (Aggregate): Total","Economic activity (Aggregate): Trade, Transportation, Accommodation and Food, and Business and Administrative Services","2016",6892.401,,,,"Repository: ILO-STATISTICS - Micro data processing"
"Republic of Korea","LFS - Economically Active Population Survey","Employment by sex, status in employment and economic activity (thousands)","Male","Status in employment (Aggregate): Total","Economic activity (Aggregate): Public Administration, Community, Social and other Services and Activities","2016",2440.803,,,,"Repository: ILO-STATISTICS - Micro data processing"
"Republic of Korea","LFS - Economically Active Population Survey","Employment by sex, status in employment and economic activity (thousands)","Male","Status in employment (Aggregate): Total","Economic activity (Aggregate): Not classified","2016",31.557,,,,"Repository: ILO-STATISTICS - Micro data processing"
"Republic of Korea","LFS - Economically Active Population Survey","Employment by sex, status in employment and economic activity (thousands)","Female","Status in employment (Aggregate): Total","Economic activity (Aggregate): Total","2016",11278.077,,,,"Repository: ILO-STATISTICS - Micro data processing"
"Republic of Korea","LFS - Economically Active Population Survey","Employment by sex, status in employment and economic activity (thousands)","Female","Status in employment (Aggregate): Total","Economic activity (Aggregate): Agriculture","2016",528.217,,,,"Repository: ILO-STATISTICS - Micro data processing"
"Republic of Korea","LFS - Economically Active Population Survey","Employment by sex, status in employment and economic activity (thousands)","Female","Status in employment (Aggregate): Total","Economic activity (Aggregate): Manufacturing","2016",1314.006,,,,"Repository: ILO-STATISTICS - Micro data processing"
"Republic of Korea","LFS - Economically Active Population Survey","Employment by sex, status in employment and economic activity (thousands)","Female","Status in employment (Aggregate): Total","Economic activity (Aggregate): Construction","2016",151.134,,,,"Repository: ILO-STATISTICS - Micro data processing"
"Republic of Korea","LFS - Economically Active Population Survey","Employment by sex, status in employment and economic activity (thousands)","Female","Status in employment (Aggregate): Total","Economic activity (Aggregate): Mining and quarrying; Electricity, gas and water supply","2016",31.792,,,,"Repository: ILO-STATISTICS - Micro data processing"
"Republic of Korea","LFS - Economically Active Population Survey","Employment by sex, status in employment and economic activity (thousands)","Female","Status in employment (Aggregate): Total","Economic activity (Aggregate): Trade, Transportation, Accommodation and Food, and Business and Administrative Services","2016",5115.372,,,,"Repository: ILO-STATISTICS - Micro data processing"
"Republic of Korea","LFS - Economically Active Population Survey","Employment by sex, status in employment and economic activity (thousands)","Female","Status in employment (Aggregate): Total","Economic activity (Aggregate): Public Administration, Community, Social and other Services and Activities","2016",4027.408,,,,"Repository: ILO-STATISTICS - Micro data processing"
"Republic of Korea","LFS - Economically Active Population Survey","Employment by sex, status in employment and economic activity (thousands)","Female","Status in employment (Aggregate): Total","Economic activity (Aggregate): Not classified","2016",110.147,,,,"Repository: ILO-STATISTICS - Micro data processing"
"Republic of Korea","LFS - Economically Active Population Survey","Employment by sex, status in employment and economic activity (thousands)","Total","Status in employment (Aggregate): Total","Economic activity (Aggregate): Total","2015",26347.652,"Break in series",,"Break in series: Methodology revised","Repository: ILO-STATISTICS - Micro data processing"
"Republic of Korea","LFS - Economically Active Population Survey","Employment by sex, status in employment and economic activity (thousands)","Total","Status in employment (Aggregate): Total","Economic activity (Aggregate): Agriculture","2015",1337.395,"Break in series",,"Break in series: Methodology revised","Repository: ILO-STATISTICS - Micro data processing"
"Republic of Korea","LFS - Economically Active Population Survey","Employment by sex, status in employment and economic activity (thousands)","Total","Status in employment (Aggregate): Total","Economic activity (Aggregate): Manufacturing","2015",4604.448,"Break in series",,"Break in series: Methodology revised","Repository: ILO-STATISTICS - Micro data processing"
"Republic of Korea","LFS - Economically Active Population Survey","Employment by sex, status in employment and economic activity (thousands)","Total","Status in employment (Aggregate): Total","Economic activity (Aggregate): Construction","2015",1853.841,"Break in series",,"Break in series: Methodology revised","Repository: ILO-STATISTICS - Micro data processing"
"Republic of Korea","LFS - Economically Active Population Survey","Employment by sex, status in employment and economic activity (thousands)","Total","Status in employment (Aggregate): Total","Economic activity (Aggregate): Mining and quarrying; Electricity, gas and water supply","2015",197.585,"Break in series",,"Break in series: Methodology revised","Repository: ILO-STATISTICS - Micro data processing"
"Republic of Korea","LFS - Economically Active Population Survey","Employment by sex, status in employment and economic activity (thousands)","Total","Status in employment (Aggregate): Total","Economic activity (Aggregate): Trade, Transportation, Accommodation and Food, and Business and Administrative Services","2015",11832.9,"Break in series",,"Break in series: Methodology revised","Repository: ILO-STATISTICS - Micro data processing"
"Republic of Korea","LFS - Economically Active Population Survey","Employment by sex, status in employment and economic activity (thousands)","Total","Status in employment (Aggregate): Total","Economic activity (Aggregate): Public Administration, Community, Social and other Services and Activities","2015",6351.541,"Break in series",,"Break in series: Methodology revised","Repository: ILO-STATISTICS - Micro data processing"
"Republic of Korea","LFS - Economically Active Population Survey","Employment by sex, status in employment and economic activity (thousands)","Total","Status in employment (Aggregate): Total","Economic activity (Aggregate): Not classified","2015",169.942,"Break in series",,"Break in series: Methodology revised","Repository: ILO-STATISTICS - Micro data processing"
"Republic of Korea","LFS - Economically Active Population Survey","Employment by sex, status in employment and economic activity (thousands)","Male","Status in employment (Aggregate): Total","Economic activity (Aggregate): Total","2015",15202.903,"Break in series",,"Break in series: Methodology revised","Repository: ILO-STATISTICS - Micro data processing"
"Republic of Korea","LFS - Economically Active Population Survey","Employment by sex, status in employment and economic activity (thousands)","Male","Status in employment (Aggregate): Total","Economic activity (Aggregate): Agriculture","2015",774.362,"Break in series",,"Break in series: Methodology revised","Repository: ILO-STATISTICS - Micro data processing"
"Republic of Korea","LFS - Economically Active Population Survey","Employment by sex, status in employment and economic activity (thousands)","Male","Status in employment (Aggregate): Total","Economic activity (Aggregate): Manufacturing","2015",3265.7,"Break in series",,"Break in series: Methodology revised","Repository: ILO-STATISTICS - Micro data processing"
"Republic of Korea","LFS - Economically Active Population Survey","Employment by sex, status in employment and economic activity (thousands)","Male","Status in employment (Aggregate): Total","Economic activity (Aggregate): Construction","2015",1698.711,"Break in series",,"Break in series: Methodology revised","Repository: ILO-STATISTICS - Micro data processing"
"Republic of Korea","LFS - Economically Active Population Survey","Employment by sex, status in employment and economic activity (thousands)","Male","Status in employment (Aggregate): Total","Economic activity (Aggregate): Mining and quarrying; Electricity, gas and water supply","2015",163.616,"Break in series",,"Break in series: Methodology revised","Repository: ILO-STATISTICS - Micro data processing"
"Republic of Korea","LFS - Economically Active Population Survey","Employment by sex, status in employment and economic activity (thousands)","Male","Status in employment (Aggregate): Total","Economic activity (Aggregate): Trade, Transportation, Accommodation and Food, and Business and Administrative Services","2015",6820.248,"Break in series",,"Break in series: Methodology revised","Repository: ILO-STATISTICS - Micro data processing"
"Republic of Korea","LFS - Economically Active Population Survey","Employment by sex, status in employment and economic activity (thousands)","Male","Status in employment (Aggregate): Total","Economic activity (Aggregate): Public Administration, Community, Social and other Services and Activities","2015",2433.351,"Break in series",,"Break in series: Methodology revised","Repository: ILO-STATISTICS - Micro data processing"
"Republic of Korea","LFS - Economically Active Population Survey","Employment by sex, status in employment and economic activity (thousands)","Male","Status in employment (Aggregate): Total","Economic activity (Aggregate): Not classified","2015",46.915,"Break in series",,"Break in series: Methodology revised","Repository: ILO-STATISTICS - Micro data processing"
"Republic of Korea","LFS - Economically Active Population Survey","Employment by sex, status in employment and economic activity (thousands)","Female","Status in employment (Aggregate): Total","Economic activity (Aggregate): Total","2015",11144.749,"Break in series",,"Break in series: Methodology revised","Repository: ILO-STATISTICS - Micro data processing"
"Republic of Korea","LFS - Economically Active Population Survey","Employment by sex, status in employment and economic activity (thousands)","Female","Status in employment (Aggregate): Total","Economic activity (Aggregate): Agriculture","2015",563.032,"Break in series",,"Break in series: Methodology revised","Repository: ILO-STATISTICS - Micro data processing"
"Republic of Korea","LFS - Economically Active Population Survey","Employment by sex, status in employment and economic activity (thousands)","Female","Status in employment (Aggregate): Total","Economic activity (Aggregate): Manufacturing","2015",1338.748,"Break in series",,"Break in series: Methodology revised","Repository: ILO-STATISTICS - Micro data processing"
"Republic of Korea","LFS - Economically Active Population Survey","Employment by sex, status in employment and economic activity (thousands)","Female","Status in employment (Aggregate): Total","Economic activity (Aggregate): Construction","2015",155.131,"Break in series",,"Break in series: Methodology revised","Repository: ILO-STATISTICS - Micro data processing"
"Republic of Korea","LFS - Economically Active Population Survey","Employment by sex, status in employment and economic activity (thousands)","Female","Status in employment (Aggregate): Total","Economic activity (Aggregate): Mining and quarrying; Electricity, gas and water supply","2015",33.969,"Break in series",,"Break in series: Methodology revised","Repository: ILO-STATISTICS - Micro data processing"
"Republic of Korea","LFS - Economically Active Population Survey","Employment by sex, status in employment and economic activity (thousands)","Female","Status in employment (Aggregate): Total","Economic activity (Aggregate): Trade, Transportation, Accommodation and Food, and Business and Administrative Services","2015",5012.652,"Break in series",,"Break in series: Methodology revised","Repository: ILO-STATISTICS - Micro data processing"
"Republic of Korea","LFS - Economically Active Population Survey","Employment by sex, status in employment and economic activity (thousands)","Female","Status in employment (Aggregate): Total","Economic activity (Aggregate): Public Administration, Community, Social and other Services and Activities","2015",3918.19,"Break in series",,"Break in series: Methodology revised","Repository: ILO-STATISTICS - Micro data processing"
"Republic of Korea","LFS - Economically Active Population Survey","Employment by sex, status in employment and economic activity (thousands)","Female","Status in employment (Aggregate): Total","Economic activity (Aggregate): Not classified","2015",123.027,"Break in series",,"Break in series: Methodology revised","Repository: ILO-STATISTICS - Micro data processing"
"Republic of Korea","LFS - Economically Active Population Survey","Employment by sex, status in employment and economic activity (thousands)","Total","Status in employment (Aggregate): Total","Economic activity (Aggregate): Total","2014",26092.354,,,,"Repository: ILO-STATISTICS - Micro data processing"
"Republic of Korea","LFS - Economically Active Population Survey","Employment by sex, status in employment and economic activity (thousands)","Total","Status in employment (Aggregate): Total","Economic activity (Aggregate): Agriculture","2014",1435.413,,,,"Repository: ILO-STATISTICS - Micro data processing"
"Republic of Korea","LFS - Economically Active Population Survey","Employment by sex, status in employment and economic activity (thousands)","Total","Status in employment (Aggregate): Total","Economic activity (Aggregate): Manufacturing","2014",4456.756,,,,"Repository: ILO-STATISTICS - Micro data processing"
"Republic of Korea","LFS - Economically Active Population Survey","Employment by sex, status in employment and economic activity (thousands)","Total","Status in employment (Aggregate): Total","Economic activity (Aggregate): Construction","2014",1827.479,,,,"Repository: ILO-STATISTICS - Micro data processing"
"Republic of Korea","LFS - Economically Active Population Survey","Employment by sex, status in employment and economic activity (thousands)","Total","Status in employment (Aggregate): Total","Economic activity (Aggregate): Mining and quarrying; Electricity, gas and water supply","2014",186.969,,,,"Repository: ILO-STATISTICS - Micro data processing"
"Republic of Korea","LFS - Economically Active Population Survey","Employment by sex, status in employment and economic activity (thousands)","Total","Status in employment (Aggregate): Total","Economic activity (Aggregate): Trade, Transportation, Accommodation and Food, and Business and Administrative Services","2014",11647.037,,,,"Repository: ILO-STATISTICS - Micro data processing"
"Republic of Korea","LFS - Economically Active Population Survey","Employment by sex, status in employment and economic activity (thousands)","Total","Status in employment (Aggregate): Total","Economic activity (Aggregate): Public Administration, Community, Social and other Services and Activities","2014",6538.701,,,,"Repository: ILO-STATISTICS - Micro data processing"
"Republic of Korea","LFS - Economically Active Population Survey","Employment by sex, status in employment and economic activity (thousands)","Male","Status in employment (Aggregate): Total","Economic activity (Aggregate): Total","2014",15100.134,,,,"Repository: ILO-STATISTICS - Micro data processing"
"Republic of Korea","LFS - Economically Active Population Survey","Employment by sex, status in employment and economic activity (thousands)","Male","Status in employment (Aggregate): Total","Economic activity (Aggregate): Agriculture","2014",834.373,,,,"Repository: ILO-STATISTICS - Micro data processing"
"Republic of Korea","LFS - Economically Active Population Survey","Employment by sex, status in employment and economic activity (thousands)","Male","Status in employment (Aggregate): Total","Economic activity (Aggregate): Manufacturing","2014",3143.817,,,,"Repository: ILO-STATISTICS - Micro data processing"
"Republic of Korea","LFS - Economically Active Population Survey","Employment by sex, status in employment and economic activity (thousands)","Male","Status in employment (Aggregate): Total","Economic activity (Aggregate): Construction","2014",1676.769,,,,"Repository: ILO-STATISTICS - Micro data processing"
"Republic of Korea","LFS - Economically Active Population Survey","Employment by sex, status in employment and economic activity (thousands)","Male","Status in employment (Aggregate): Total","Economic activity (Aggregate): Mining and quarrying; Electricity, gas and water supply","2014",156.325,,,,"Repository: ILO-STATISTICS - Micro data processing"
"Republic of Korea","LFS - Economically Active Population Survey","Employment by sex, status in employment and economic activity (thousands)","Male","Status in employment (Aggregate): Total","Economic activity (Aggregate): Trade, Transportation, Accommodation and Food, and Business and Administrative Services","2014",6807.731,,,,"Repository: ILO-STATISTICS - Micro data processing"
"Republic of Korea","LFS - Economically Active Population Survey","Employment by sex, status in employment and economic activity (thousands)","Male","Status in employment (Aggregate): Total","Economic activity (Aggregate): Public Administration, Community, Social and other Services and Activities","2014",2481.119,,,,"Repository: ILO-STATISTICS - Micro data processing"
"Republic of Korea","LFS - Economically Active Population Survey","Employment by sex, status in employment and economic activity (thousands)","Female","Status in employment (Aggregate): Total","Economic activity (Aggregate): Total","2014",10992.22,,,,"Repository: ILO-STATISTICS - Micro data processing"
"Republic of Korea","LFS - Economically Active Population Survey","Employment by sex, status in employment and economic activity (thousands)","Female","Status in employment (Aggregate): Total","Economic activity (Aggregate): Agriculture","2014",601.039,,,,"Repository: ILO-STATISTICS - Micro data processing"
"Republic of Korea","LFS - Economically Active Population Survey","Employment by sex, status in employment and economic activity (thousands)","Female","Status in employment (Aggregate): Total","Economic activity (Aggregate): Manufacturing","2014",1312.94,,,,"Repository: ILO-STATISTICS - Micro data processing"
"Republic of Korea","LFS - Economically Active Population Survey","Employment by sex, status in employment and economic activity (thousands)","Female","Status in employment (Aggregate): Total","Economic activity (Aggregate): Construction","2014",150.709,,,,"Repository: ILO-STATISTICS - Micro data processing"
"Republic of Korea","LFS - Economically Active Population Survey","Employment by sex, status in employment and economic activity (thousands)","Female","Status in employment (Aggregate): Total","Economic activity (Aggregate): Mining and quarrying; Electricity, gas and water supply","2014",30.644,,,,"Repository: ILO-STATISTICS - Micro data processing"
"Republic of Korea","LFS - Economically Active Population Survey","Employment by sex, status in employment and economic activity (thousands)","Female","Status in employment (Aggregate): Total","Economic activity (Aggregate): Trade, Transportation, Accommodation and Food, and Business and Administrative Services","2014",4839.306,,,,"Repository: ILO-STATISTICS - Micro data processing"
"Republic of Korea","LFS - Economically Active Population Survey","Employment by sex, status in employment and economic activity (thousands)","Female","Status in employment (Aggregate): Total","Economic activity (Aggregate): Public Administration, Community, Social and other Services and Activities","2014",4057.582,,,,"Repository: ILO-STATISTICS - Micro data processing"
"Republic of Korea","LFS - Economically Active Population Survey","Employment by sex, status in employment and economic activity (thousands)","Total","Status in employment (Aggregate): Total","Economic activity (Aggregate): Total","2013",25464.943,,,,"Repository: ILO-STATISTICS - Micro data processing"
"Republic of Korea","LFS - Economically Active Population Survey","Employment by sex, status in employment and economic activity (thousands)","Total","Status in employment (Aggregate): Total","Economic activity (Aggregate): Agriculture","2013",1500.741,,,,"Repository: ILO-STATISTICS - Micro data processing"
"Republic of Korea","LFS - Economically Active Population Survey","Employment by sex, status in employment and economic activity (thousands)","Total","Status in employment (Aggregate): Total","Economic activity (Aggregate): Manufacturing","2013",4305.475,,,,"Repository: ILO-STATISTICS - Micro data processing"
"Republic of Korea","LFS - Economically Active Population Survey","Employment by sex, status in employment and economic activity (thousands)","Total","Status in employment (Aggregate): Total","Economic activity (Aggregate): Construction","2013",1779.356,,,,"Repository: ILO-STATISTICS - Micro data processing"
"Republic of Korea","LFS - Economically Active Population Survey","Employment by sex, status in employment and economic activity (thousands)","Total","Status in employment (Aggregate): Total","Economic activity (Aggregate): Mining and quarrying; Electricity, gas and water supply","2013",183.088,,,,"Repository: ILO-STATISTICS - Micro data processing"
"Republic of Korea","LFS - Economically Active Population Survey","Employment by sex, status in employment and economic activity (thousands)","Total","Status in employment (Aggregate): Total","Economic activity (Aggregate): Trade, Transportation, Accommodation and Food, and Business and Administrative Services","2013",11337.252,,,,"Repository: ILO-STATISTICS - Micro data processing"
"Republic of Korea","LFS - Economically Active Population Survey","Employment by sex, status in employment and economic activity (thousands)","Total","Status in employment (Aggregate): Total","Economic activity (Aggregate): Public Administration, Community, Social and other Services and Activities","2013",6358.903,,,,"Repository: ILO-STATISTICS - Micro data processing"
"Republic of Korea","LFS - Economically Active Population Survey","Employment by sex, status in employment and economic activity (thousands)","Total","Status in employment (Aggregate): Total","Economic activity (Aggregate): Not classified","2013",,"Unreliable",,,"Repository: ILO-STATISTICS - Micro data processing"
"Republic of Korea","LFS - Economically Active Population Survey","Employment by sex, status in employment and economic activity (thousands)","Male","Status in employment (Aggregate): Total","Economic activity (Aggregate): Total","2013",14780.529,,,,"Repository: ILO-STATISTICS - Micro data processing"
"Republic of Korea","LFS - Economically Active Population Survey","Employment by sex, status in employment and economic activity (thousands)","Male","Status in employment (Aggregate): Total","Economic activity (Aggregate): Agriculture","2013",867.253,,,,"Repository: ILO-STATISTICS - Micro data processing"
"Republic of Korea","LFS - Economically Active Population Survey","Employment by sex, status in employment and economic activity (thousands)","Male","Status in employment (Aggregate): Total","Economic activity (Aggregate): Manufacturing","2013",3032.91,,,,"Repository: ILO-STATISTICS - Micro data processing"
"Republic of Korea","LFS - Economically Active Population Survey","Employment by sex, status in employment and economic activity (thousands)","Male","Status in employment (Aggregate): Total","Economic activity (Aggregate): Construction","2013",1639.478,,,,"Repository: ILO-STATISTICS - Micro data processing"
"Republic of Korea","LFS - Economically Active Population Survey","Employment by sex, status in employment and economic activity (thousands)","Male","Status in employment (Aggregate): Total","Economic activity (Aggregate): Mining and quarrying; Electricity, gas and water supply","2013",152.998,,,,"Repository: ILO-STATISTICS - Micro data processing"
"Republic of Korea","LFS - Economically Active Population Survey","Employment by sex, status in employment and economic activity (thousands)","Male","Status in employment (Aggregate): Total","Economic activity (Aggregate): Trade, Transportation, Accommodation and Food, and Business and Administrative Services","2013",6646.227,,,,"Repository: ILO-STATISTICS - Micro data processing"
"Republic of Korea","LFS - Economically Active Population Survey","Employment by sex, status in employment and economic activity (thousands)","Male","Status in employment (Aggregate): Total","Economic activity (Aggregate): Public Administration, Community, Social and other Services and Activities","2013",2441.535,,,,"Repository: ILO-STATISTICS - Micro data processing"
"Republic of Korea","LFS - Economically Active Population Survey","Employment by sex, status in employment and economic activity (thousands)","Male","Status in employment (Aggregate): Total","Economic activity (Aggregate): Not classified","2013",,"Unreliable",,,"Repository: ILO-STATISTICS - Micro data processing"
"Republic of Korea","LFS - Economically Active Population Survey","Employment by sex, status in employment and economic activity (thousands)","Female","Status in employment (Aggregate): Total","Economic activity (Aggregate): Total","2013",10684.413,,,,"Repository: ILO-STATISTICS - Micro data processing"
"Republic of Korea","LFS - Economically Active Population Survey","Employment by sex, status in employment and economic activity (thousands)","Female","Status in employment (Aggregate): Total","Economic activity (Aggregate): Agriculture","2013",633.487,,,,"Repository: ILO-STATISTICS - Micro data processing"
"Republic of Korea","LFS - Economically Active Population Survey","Employment by sex, status in employment and economic activity (thousands)","Female","Status in employment (Aggregate): Total","Economic activity (Aggregate): Manufacturing","2013",1272.564,,,,"Repository: ILO-STATISTICS - Micro data processing"
"Republic of Korea","LFS - Economically Active Population Survey","Employment by sex, status in employment and economic activity (thousands)","Female","Status in employment (Aggregate): Total","Economic activity (Aggregate): Construction","2013",139.877,,,,"Repository: ILO-STATISTICS - Micro data processing"
"Republic of Korea","LFS - Economically Active Population Survey","Employment by sex, status in employment and economic activity (thousands)","Female","Status in employment (Aggregate): Total","Economic activity (Aggregate): Mining and quarrying; Electricity, gas and water supply","2013",30.091,,,,"Repository: ILO-STATISTICS - Micro data processing"
"Republic of Korea","LFS - Economically Active Population Survey","Employment by sex, status in employment and economic activity (thousands)","Female","Status in employment (Aggregate): Total","Economic activity (Aggregate): Trade, Transportation, Accommodation and Food, and Business and Administrative Services","2013",4691.025,,,,"Repository: ILO-STATISTICS - Micro data processing"
"Republic of Korea","LFS - Economically Active Population Survey","Employment by sex, status in employment and economic activity (thousands)","Female","Status in employment (Aggregate): Total","Economic activity (Aggregate): Public Administration, Community, Social and other Services and Activities","2013",3917.369,,,,"Repository: ILO-STATISTICS - Micro data processing"
"Republic of Korea","LFS - Economically Active Population Survey","Employment by sex, status in employment and economic activity (thousands)","Female","Status in employment (Aggregate): Total","Economic activity (Aggregate): Not classified","2013",,"Unreliable",,,"Repository: ILO-STATISTICS - Micro data processing"
"Republic of Korea","LFS - Economically Active Population Survey","Employment by sex, status in employment and economic activity (thousands)","Total","Status in employment (Aggregate): Total","Economic activity (Aggregate): Total","2012",25104.946,,,,"Repository: ILO-STATISTICS - Micro data processing"
"Republic of Korea","LFS - Economically Active Population Survey","Employment by sex, status in employment and economic activity (thousands)","Total","Status in employment (Aggregate): Total","Economic activity (Aggregate): Agriculture","2012",1518.147,,,,"Repository: ILO-STATISTICS - Micro data processing"
"Republic of Korea","LFS - Economically Active Population Survey","Employment by sex, status in employment and economic activity (thousands)","Total","Status in employment (Aggregate): Total","Economic activity (Aggregate): Manufacturing","2012",4168.706,,,,"Repository: ILO-STATISTICS - Micro data processing"
"Republic of Korea","LFS - Economically Active Population Survey","Employment by sex, status in employment and economic activity (thousands)","Total","Status in employment (Aggregate): Total","Economic activity (Aggregate): Construction","2012",1795.668,,,,"Repository: ILO-STATISTICS - Micro data processing"
"Republic of Korea","LFS - Economically Active Population Survey","Employment by sex, status in employment and economic activity (thousands)","Total","Status in employment (Aggregate): Total","Economic activity (Aggregate): Mining and quarrying; Electricity, gas and water supply","2012",166.68,,,,"Repository: ILO-STATISTICS - Micro data processing"
"Republic of Korea","LFS - Economically Active Population Survey","Employment by sex, status in employment and economic activity (thousands)","Total","Status in employment (Aggregate): Total","Economic activity (Aggregate): Trade, Transportation, Accommodation and Food, and Business and Administrative Services","2012",11245.267,,,,"Repository: ILO-STATISTICS - Micro data processing"
"Republic of Korea","LFS - Economically Active Population Survey","Employment by sex, status in employment and economic activity (thousands)","Total","Status in employment (Aggregate): Total","Economic activity (Aggregate): Public Administration, Community, Social and other Services and Activities","2012",6210.477,,,,"Repository: ILO-STATISTICS - Micro data processing"
"Republic of Korea","LFS - Economically Active Population Survey","Employment by sex, status in employment and economic activity (thousands)","Male","Status in employment (Aggregate): Total","Economic activity (Aggregate): Total","2012",14605.651,,,,"Repository: ILO-STATISTICS - Micro data processing"
"Republic of Korea","LFS - Economically Active Population Survey","Employment by sex, status in employment and economic activity (thousands)","Male","Status in employment (Aggregate): Total","Economic activity (Aggregate): Agriculture","2012",871.652,,,,"Repository: ILO-STATISTICS - Micro data processing"
"Republic of Korea","LFS - Economically Active Population Survey","Employment by sex, status in employment and economic activity (thousands)","Male","Status in employment (Aggregate): Total","Economic activity (Aggregate): Manufacturing","2012",2887.088,,,,"Repository: ILO-STATISTICS - Micro data processing"
"Republic of Korea","LFS - Economically Active Population Survey","Employment by sex, status in employment and economic activity (thousands)","Male","Status in employment (Aggregate): Total","Economic activity (Aggregate): Construction","2012",1649.281,,,,"Repository: ILO-STATISTICS - Micro data processing"
"Republic of Korea","LFS - Economically Active Population Survey","Employment by sex, status in employment and economic activity (thousands)","Male","Status in employment (Aggregate): Total","Economic activity (Aggregate): Mining and quarrying; Electricity, gas and water supply","2012",141.483,,,,"Repository: ILO-STATISTICS - Micro data processing"
"Republic of Korea","LFS - Economically Active Population Survey","Employment by sex, status in employment and economic activity (thousands)","Male","Status in employment (Aggregate): Total","Economic activity (Aggregate): Trade, Transportation, Accommodation and Food, and Business and Administrative Services","2012",6609.311,,,,"Repository: ILO-STATISTICS - Micro data processing"
"Republic of Korea","LFS - Economically Active Population Survey","Employment by sex, status in employment and economic activity (thousands)","Male","Status in employment (Aggregate): Total","Economic activity (Aggregate): Public Administration, Community, Social and other Services and Activities","2012",2446.837,,,,"Repository: ILO-STATISTICS - Micro data processing"
"Republic of Korea","LFS - Economically Active Population Survey","Employment by sex, status in employment and economic activity (thousands)","Female","Status in employment (Aggregate): Total","Economic activity (Aggregate): Total","2012",10499.294,,,,"Repository: ILO-STATISTICS - Micro data processing"
"Republic of Korea","LFS - Economically Active Population Survey","Employment by sex, status in employment and economic activity (thousands)","Female","Status in employment (Aggregate): Total","Economic activity (Aggregate): Agriculture","2012",646.495,,,,"Repository: ILO-STATISTICS - Micro data processing"
"Republic of Korea","LFS - Economically Active Population Survey","Employment by sex, status in employment and economic activity (thousands)","Female","Status in employment (Aggregate): Total","Economic activity (Aggregate): Manufacturing","2012",1281.618,,,,"Repository: ILO-STATISTICS - Micro data processing"
"Republic of Korea","LFS - Economically Active Population Survey","Employment by sex, status in employment and economic activity (thousands)","Female","Status in employment (Aggregate): Total","Economic activity (Aggregate): Construction","2012",146.388,,,,"Repository: ILO-STATISTICS - Micro data processing"
"Republic of Korea","LFS - Economically Active Population Survey","Employment by sex, status in employment and economic activity (thousands)","Female","Status in employment (Aggregate): Total","Economic activity (Aggregate): Mining and quarrying; Electricity, gas and water supply","2012",25.197,,,,"Repository: ILO-STATISTICS - Micro data processing"
"Republic of Korea","LFS - Economically Active Population Survey","Employment by sex, status in employment and economic activity (thousands)","Female","Status in employment (Aggregate): Total","Economic activity (Aggregate): Trade, Transportation, Accommodation and Food, and Business and Administrative Services","2012",4635.956,,,,"Repository: ILO-STATISTICS - Micro data processing"
"Republic of Korea","LFS - Economically Active Population Survey","Employment by sex, status in employment and economic activity (thousands)","Female","Status in employment (Aggregate): Total","Economic activity (Aggregate): Public Administration, Community, Social and other Services and Activities","2012",3763.64,,,,"Repository: ILO-STATISTICS - Micro data processing"
"Republic of Korea","LFS - Economically Active Population Survey","Employment by sex, status in employment and economic activity (thousands)","Total","Status in employment (Aggregate): Total","Economic activity (Aggregate): Total","2011",24703.948,,,,"Repository: ILO-STATISTICS - Micro data processing"
"Republic of Korea","LFS - Economically Active Population Survey","Employment by sex, status in employment and economic activity (thousands)","Total","Status in employment (Aggregate): Total","Economic activity (Aggregate): Agriculture","2011",1548.112,,,,"Repository: ILO-STATISTICS - Micro data processing"
"Republic of Korea","LFS - Economically Active Population Survey","Employment by sex, status in employment and economic activity (thousands)","Total","Status in employment (Aggregate): Total","Economic activity (Aggregate): Manufacturing","2011",4152.445,,,,"Repository: ILO-STATISTICS - Micro data processing"
"Republic of Korea","LFS - Economically Active Population Survey","Employment by sex, status in employment and economic activity (thousands)","Total","Status in employment (Aggregate): Total","Economic activity (Aggregate): Construction","2011",1771.403,,,,"Repository: ILO-STATISTICS - Micro data processing"
"Republic of Korea","LFS - Economically Active Population Survey","Employment by sex, status in employment and economic activity (thousands)","Total","Status in employment (Aggregate): Total","Economic activity (Aggregate): Mining and quarrying; Electricity, gas and water supply","2011",167.076,,,,"Repository: ILO-STATISTICS - Micro data processing"
"Republic of Korea","LFS - Economically Active Population Survey","Employment by sex, status in employment and economic activity (thousands)","Total","Status in employment (Aggregate): Total","Economic activity (Aggregate): Trade, Transportation, Accommodation and Food, and Business and Administrative Services","2011",10995.165,,,,"Repository: ILO-STATISTICS - Micro data processing"
"Republic of Korea","LFS - Economically Active Population Survey","Employment by sex, status in employment and economic activity (thousands)","Total","Status in employment (Aggregate): Total","Economic activity (Aggregate): Public Administration, Community, Social and other Services and Activities","2011",6069.702,,,,"Repository: ILO-STATISTICS - Micro data processing"
"Republic of Korea","LFS - Economically Active Population Survey","Employment by sex, status in employment and economic activity (thousands)","Total","Status in employment (Aggregate): Total","Economic activity (Aggregate): Not classified","2011",,"Unreliable",,,"Repository: ILO-STATISTICS - Micro data processing"
"Republic of Korea","LFS - Economically Active Population Survey","Employment by sex, status in employment and economic activity (thousands)","Male","Status in employment (Aggregate): Total","Economic activity (Aggregate): Total","2011",14377.272,,,,"Repository: ILO-STATISTICS - Micro data processing"
"Republic of Korea","LFS - Economically Active Population Survey","Employment by sex, status in employment and economic activity (thousands)","Male","Status in employment (Aggregate): Total","Economic activity (Aggregate): Agriculture","2011",873.314,,,,"Repository: ILO-STATISTICS - Micro data processing"
"Republic of Korea","LFS - Economically Active Population Survey","Employment by sex, status in employment and economic activity (thousands)","Male","Status in employment (Aggregate): Total","Economic activity (Aggregate): Manufacturing","2011",2866.606,,,,"Repository: ILO-STATISTICS - Micro data processing"
"Republic of Korea","LFS - Economically Active Population Survey","Employment by sex, status in employment and economic activity (thousands)","Male","Status in employment (Aggregate): Total","Economic activity (Aggregate): Construction","2011",1615.408,,,,"Repository: ILO-STATISTICS - Micro data processing"
"Republic of Korea","LFS - Economically Active Population Survey","Employment by sex, status in employment and economic activity (thousands)","Male","Status in employment (Aggregate): Total","Economic activity (Aggregate): Mining and quarrying; Electricity, gas and water supply","2011",141.368,,,,"Repository: ILO-STATISTICS - Micro data processing"
"Republic of Korea","LFS - Economically Active Population Survey","Employment by sex, status in employment and economic activity (thousands)","Male","Status in employment (Aggregate): Total","Economic activity (Aggregate): Trade, Transportation, Accommodation and Food, and Business and Administrative Services","2011",6462.021,,,,"Repository: ILO-STATISTICS - Micro data processing"
"Republic of Korea","LFS - Economically Active Population Survey","Employment by sex, status in employment and economic activity (thousands)","Male","Status in employment (Aggregate): Total","Economic activity (Aggregate): Public Administration, Community, Social and other Services and Activities","2011",2418.556,,,,"Repository: ILO-STATISTICS - Micro data processing"
"Republic of Korea","LFS - Economically Active Population Survey","Employment by sex, status in employment and economic activity (thousands)","Male","Status in employment (Aggregate): Total","Economic activity (Aggregate): Not classified","2011",,"Unreliable",,,"Repository: ILO-STATISTICS - Micro data processing"
"Republic of Korea","LFS - Economically Active Population Survey","Employment by sex, status in employment and economic activity (thousands)","Female","Status in employment (Aggregate): Total","Economic activity (Aggregate): Total","2011",10326.676,,,,"Repository: ILO-STATISTICS - Micro data processing"
"Republic of Korea","LFS - Economically Active Population Survey","Employment by sex, status in employment and economic activity (thousands)","Female","Status in employment (Aggregate): Total","Economic activity (Aggregate): Agriculture","2011",674.798,,,,"Repository: ILO-STATISTICS - Micro data processing"
"Republic of Korea","LFS - Economically Active Population Survey","Employment by sex, status in employment and economic activity (thousands)","Female","Status in employment (Aggregate): Total","Economic activity (Aggregate): Manufacturing","2011",1285.839,,,,"Repository: ILO-STATISTICS - Micro data processing"
"Republic of Korea","LFS - Economically Active Population Survey","Employment by sex, status in employment and economic activity (thousands)","Female","Status in employment (Aggregate): Total","Economic activity (Aggregate): Construction","2011",155.995,,,,"Repository: ILO-STATISTICS - Micro data processing"
"Republic of Korea","LFS - Economically Active Population Survey","Employment by sex, status in employment and economic activity (thousands)","Female","Status in employment (Aggregate): Total","Economic activity (Aggregate): Mining and quarrying; Electricity, gas and water supply","2011",25.708,,,,"Repository: ILO-STATISTICS - Micro data processing"
"Republic of Korea","LFS - Economically Active Population Survey","Employment by sex, status in employment and economic activity (thousands)","Female","Status in employment (Aggregate): Total","Economic activity (Aggregate): Trade, Transportation, Accommodation and Food, and Business and Administrative Services","2011",4533.144,,,,"Repository: ILO-STATISTICS - Micro data processing"
"Republic of Korea","LFS - Economically Active Population Survey","Employment by sex, status in employment and economic activity (thousands)","Female","Status in employment (Aggregate): Total","Economic activity (Aggregate): Public Administration, Community, Social and other Services and Activities","2011",3651.145,,,,"Repository: ILO-STATISTICS - Micro data processing"
"Republic of Korea","LFS - Economically Active Population Survey","Employment by sex, status in employment and economic activity (thousands)","Female","Status in employment (Aggregate): Total","Economic activity (Aggregate): Not classified","2011",,"Unreliable",,,"Repository: ILO-STATISTICS - Micro data processing"
"Republic of Korea","LFS - Economically Active Population Survey","Employment by sex, status in employment and economic activity (thousands)","Total","Status in employment (Aggregate): Total","Economic activity (Aggregate): Total","2010",24217.993,,,,"Repository: ILO-STATISTICS - Micro data processing"
"Republic of Korea","LFS - Economically Active Population Survey","Employment by sex, status in employment and economic activity (thousands)","Total","Status in employment (Aggregate): Total","Economic activity (Aggregate): Agriculture","2010",1575.968,,,,"Repository: ILO-STATISTICS - Micro data processing"
"Republic of Korea","LFS - Economically Active Population Survey","Employment by sex, status in employment and economic activity (thousands)","Total","Status in employment (Aggregate): Total","Economic activity (Aggregate): Manufacturing","2010",4071.814,,,,"Repository: ILO-STATISTICS - Micro data processing"
"Republic of Korea","LFS - Economically Active Population Survey","Employment by sex, status in employment and economic activity (thousands)","Total","Status in employment (Aggregate): Total","Economic activity (Aggregate): Construction","2010",1767.235,,,,"Repository: ILO-STATISTICS - Micro data processing"
"Republic of Korea","LFS - Economically Active Population Survey","Employment by sex, status in employment and economic activity (thousands)","Total","Status in employment (Aggregate): Total","Economic activity (Aggregate): Mining and quarrying; Electricity, gas and water supply","2010",166.649,,,,"Repository: ILO-STATISTICS - Micro data processing"
"Republic of Korea","LFS - Economically Active Population Survey","Employment by sex, status in employment and economic activity (thousands)","Total","Status in employment (Aggregate): Total","Economic activity (Aggregate): Trade, Transportation, Accommodation and Food, and Business and Administrative Services","2010",10701.868,,,,"Repository: ILO-STATISTICS - Micro data processing"
"Republic of Korea","LFS - Economically Active Population Survey","Employment by sex, status in employment and economic activity (thousands)","Total","Status in employment (Aggregate): Total","Economic activity (Aggregate): Public Administration, Community, Social and other Services and Activities","2010",5932.236,,,,"Repository: ILO-STATISTICS - Micro data processing"
"Republic of Korea","LFS - Economically Active Population Survey","Employment by sex, status in employment and economic activity (thousands)","Total","Status in employment (Aggregate): Total","Economic activity (Aggregate): Not classified","2010",2.223,,,,"Repository: ILO-STATISTICS - Micro data processing"
"Republic of Korea","LFS - Economically Active Population Survey","Employment by sex, status in employment and economic activity (thousands)","Male","Status in employment (Aggregate): Total","Economic activity (Aggregate): Total","2010",14082.607,,,,"Repository: ILO-STATISTICS - Micro data processing"
"Republic of Korea","LFS - Economically Active Population Survey","Employment by sex, status in employment and economic activity (thousands)","Male","Status in employment (Aggregate): Total","Economic activity (Aggregate): Agriculture","2010",898.023,,,,"Repository: ILO-STATISTICS - Micro data processing"
"Republic of Korea","LFS - Economically Active Population Survey","Employment by sex, status in employment and economic activity (thousands)","Male","Status in employment (Aggregate): Total","Economic activity (Aggregate): Manufacturing","2010",2827.884,,,,"Repository: ILO-STATISTICS - Micro data processing"
"Republic of Korea","LFS - Economically Active Population Survey","Employment by sex, status in employment and economic activity (thousands)","Male","Status in employment (Aggregate): Total","Economic activity (Aggregate): Construction","2010",1601.602,,,,"Repository: ILO-STATISTICS - Micro data processing"
"Republic of Korea","LFS - Economically Active Population Survey","Employment by sex, status in employment and economic activity (thousands)","Male","Status in employment (Aggregate): Total","Economic activity (Aggregate): Mining and quarrying; Electricity, gas and water supply","2010",144.018,,,,"Repository: ILO-STATISTICS - Micro data processing"
"Republic of Korea","LFS - Economically Active Population Survey","Employment by sex, status in employment and economic activity (thousands)","Male","Status in employment (Aggregate): Total","Economic activity (Aggregate): Trade, Transportation, Accommodation and Food, and Business and Administrative Services","2010",6230.99,,,,"Repository: ILO-STATISTICS - Micro data processing"
"Republic of Korea","LFS - Economically Active Population Survey","Employment by sex, status in employment and economic activity (thousands)","Male","Status in employment (Aggregate): Total","Economic activity (Aggregate): Public Administration, Community, Social and other Services and Activities","2010",2379.574,,,,"Repository: ILO-STATISTICS - Micro data processing"
"Republic of Korea","LFS - Economically Active Population Survey","Employment by sex, status in employment and economic activity (thousands)","Male","Status in employment (Aggregate): Total","Economic activity (Aggregate): Not classified","2010",0.515,"Unreliable",,,"Repository: ILO-STATISTICS - Micro data processing"
"Republic of Korea","LFS - Economically Active Population Survey","Employment by sex, status in employment and economic activity (thousands)","Female","Status in employment (Aggregate): Total","Economic activity (Aggregate): Total","2010",10135.386,,,,"Repository: ILO-STATISTICS - Micro data processing"
"Republic of Korea","LFS - Economically Active Population Survey","Employment by sex, status in employment and economic activity (thousands)","Female","Status in employment (Aggregate): Total","Economic activity (Aggregate): Agriculture","2010",677.945,,,,"Repository: ILO-STATISTICS - Micro data processing"
"Republic of Korea","LFS - Economically Active Population Survey","Employment by sex, status in employment and economic activity (thousands)","Female","Status in employment (Aggregate): Total","Economic activity (Aggregate): Manufacturing","2010",1243.93,,,,"Repository: ILO-STATISTICS - Micro data processing"
"Republic of Korea","LFS - Economically Active Population Survey","Employment by sex, status in employment and economic activity (thousands)","Female","Status in employment (Aggregate): Total","Economic activity (Aggregate): Construction","2010",165.632,,,,"Repository: ILO-STATISTICS - Micro data processing"
"Republic of Korea","LFS - Economically Active Population Survey","Employment by sex, status in employment and economic activity (thousands)","Female","Status in employment (Aggregate): Total","Economic activity (Aggregate): Mining and quarrying; Electricity, gas and water supply","2010",22.631,,,,"Repository: ILO-STATISTICS - Micro data processing"
"Republic of Korea","LFS - Economically Active Population Survey","Employment by sex, status in employment and economic activity (thousands)","Female","Status in employment (Aggregate): Total","Economic activity (Aggregate): Trade, Transportation, Accommodation and Food, and Business and Administrative Services","2010",4470.878,,,,"Repository: ILO-STATISTICS - Micro data processing"
"Republic of Korea","LFS - Economically Active Population Survey","Employment by sex, status in employment and economic activity (thousands)","Female","Status in employment (Aggregate): Total","Economic activity (Aggregate): Public Administration, Community, Social and other Services and Activities","2010",3552.662,,,,"Repository: ILO-STATISTICS - Micro data processing"
"Republic of Korea","LFS - Economically Active Population Survey","Employment by sex, status in employment and economic activity (thousands)","Female","Status in employment (Aggregate): Total","Economic activity (Aggregate): Not classified","2010",1.708,,,,"Repository: ILO-STATISTICS - Micro data processing"
"Republic of Korea","LFS - Economically Active Population Survey","Employment by sex, status in employment and economic activity (thousands)","Total","Status in employment (Aggregate): Total","Economic activity (Aggregate): Total","2009",23867.544,,,,"Repository: ILO-STATISTICS - Micro data processing"
"Republic of Korea","LFS - Economically Active Population Survey","Employment by sex, status in employment and economic activity (thousands)","Total","Status in employment (Aggregate): Total","Economic activity (Aggregate): Agriculture","2009",1652.031,,,,"Repository: ILO-STATISTICS - Micro data processing"
"Republic of Korea","LFS - Economically Active Population Survey","Employment by sex, status in employment and economic activity (thousands)","Total","Status in employment (Aggregate): Total","Economic activity (Aggregate): Manufacturing","2009",3871.346,,,,"Repository: ILO-STATISTICS - Micro data processing"
"Republic of Korea","LFS - Economically Active Population Survey","Employment by sex, status in employment and economic activity (thousands)","Total","Status in employment (Aggregate): Total","Economic activity (Aggregate): Construction","2009",1734.064,,,,"Repository: ILO-STATISTICS - Micro data processing"
"Republic of Korea","LFS - Economically Active Population Survey","Employment by sex, status in employment and economic activity (thousands)","Total","Status in employment (Aggregate): Total","Economic activity (Aggregate): Mining and quarrying; Electricity, gas and water supply","2009",192.166,,,,"Repository: ILO-STATISTICS - Micro data processing"
"Republic of Korea","LFS - Economically Active Population Survey","Employment by sex, status in employment and economic activity (thousands)","Total","Status in employment (Aggregate): Total","Economic activity (Aggregate): Trade, Transportation, Accommodation and Food, and Business and Administrative Services","2009",10547.881,,,,"Repository: ILO-STATISTICS - Micro data processing"
"Republic of Korea","LFS - Economically Active Population Survey","Employment by sex, status in employment and economic activity (thousands)","Total","Status in employment (Aggregate): Total","Economic activity (Aggregate): Public Administration, Community, Social and other Services and Activities","2009",5863.398,,,,"Repository: ILO-STATISTICS - Micro data processing"
"Republic of Korea","LFS - Economically Active Population Survey","Employment by sex, status in employment and economic activity (thousands)","Total","Status in employment (Aggregate): Total","Economic activity (Aggregate): Not classified","2009",6.658,,,,"Repository: ILO-STATISTICS - Micro data processing"
"Republic of Korea","LFS - Economically Active Population Survey","Employment by sex, status in employment and economic activity (thousands)","Male","Status in employment (Aggregate): Total","Economic activity (Aggregate): Total","2009",13881.764,,,,"Repository: ILO-STATISTICS - Micro data processing"
"Republic of Korea","LFS - Economically Active Population Survey","Employment by sex, status in employment and economic activity (thousands)","Male","Status in employment (Aggregate): Total","Economic activity (Aggregate): Agriculture","2009",919.371,,,,"Repository: ILO-STATISTICS - Micro data processing"
"Republic of Korea","LFS - Economically Active Population Survey","Employment by sex, status in employment and economic activity (thousands)","Male","Status in employment (Aggregate): Total","Economic activity (Aggregate): Manufacturing","2009",2705.481,,,,"Repository: ILO-STATISTICS - Micro data processing"
"Republic of Korea","LFS - Economically Active Population Survey","Employment by sex, status in employment and economic activity (thousands)","Male","Status in employment (Aggregate): Total","Economic activity (Aggregate): Construction","2009",1570.168,,,,"Repository: ILO-STATISTICS - Micro data processing"
"Republic of Korea","LFS - Economically Active Population Survey","Employment by sex, status in employment and economic activity (thousands)","Male","Status in employment (Aggregate): Total","Economic activity (Aggregate): Mining and quarrying; Electricity, gas and water supply","2009",168.335,,,,"Repository: ILO-STATISTICS - Micro data processing"
"Republic of Korea","LFS - Economically Active Population Survey","Employment by sex, status in employment and economic activity (thousands)","Male","Status in employment (Aggregate): Total","Economic activity (Aggregate): Trade, Transportation, Accommodation and Food, and Business and Administrative Services","2009",6095.391,,,,"Repository: ILO-STATISTICS - Micro data processing"
"Republic of Korea","LFS - Economically Active Population Survey","Employment by sex, status in employment and economic activity (thousands)","Male","Status in employment (Aggregate): Total","Economic activity (Aggregate): Public Administration, Community, Social and other Services and Activities","2009",2421.921,,,,"Repository: ILO-STATISTICS - Micro data processing"
"Republic of Korea","LFS - Economically Active Population Survey","Employment by sex, status in employment and economic activity (thousands)","Male","Status in employment (Aggregate): Total","Economic activity (Aggregate): Not classified","2009",1.098,,,,"Repository: ILO-STATISTICS - Micro data processing"
"Republic of Korea","LFS - Economically Active Population Survey","Employment by sex, status in employment and economic activity (thousands)","Female","Status in employment (Aggregate): Total","Economic activity (Aggregate): Total","2009",9985.78,,,,"Repository: ILO-STATISTICS - Micro data processing"
"Republic of Korea","LFS - Economically Active Population Survey","Employment by sex, status in employment and economic activity (thousands)","Female","Status in employment (Aggregate): Total","Economic activity (Aggregate): Agriculture","2009",732.66,,,,"Repository: ILO-STATISTICS - Micro data processing"
"Republic of Korea","LFS - Economically Active Population Survey","Employment by sex, status in employment and economic activity (thousands)","Female","Status in employment (Aggregate): Total","Economic activity (Aggregate): Manufacturing","2009",1165.866,,,,"Repository: ILO-STATISTICS - Micro data processing"
"Republic of Korea","LFS - Economically Active Population Survey","Employment by sex, status in employment and economic activity (thousands)","Female","Status in employment (Aggregate): Total","Economic activity (Aggregate): Construction","2009",163.896,,,,"Repository: ILO-STATISTICS - Micro data processing"
"Republic of Korea","LFS - Economically Active Population Survey","Employment by sex, status in employment and economic activity (thousands)","Female","Status in employment (Aggregate): Total","Economic activity (Aggregate): Mining and quarrying; Electricity, gas and water supply","2009",23.831,,,,"Repository: ILO-STATISTICS - Micro data processing"
"Republic of Korea","LFS - Economically Active Population Survey","Employment by sex, status in employment and economic activity (thousands)","Female","Status in employment (Aggregate): Total","Economic activity (Aggregate): Trade, Transportation, Accommodation and Food, and Business and Administrative Services","2009",4452.49,,,,"Repository: ILO-STATISTICS - Micro data processing"
"Republic of Korea","LFS - Economically Active Population Survey","Employment by sex, status in employment and economic activity (thousands)","Female","Status in employment (Aggregate): Total","Economic activity (Aggregate): Public Administration, Community, Social and other Services and Activities","2009",3441.478,,,,"Repository: ILO-STATISTICS - Micro data processing"
"Republic of Korea","LFS - Economically Active Population Survey","Employment by sex, status in employment and economic activity (thousands)","Female","Status in employment (Aggregate): Total","Economic activity (Aggregate): Not classified","2009",5.56,,,,"Repository: ILO-STATISTICS - Micro data processing"
"Republic of Korea","LFS - Economically Active Population Survey","Employment by sex, status in employment and economic activity (thousands)","Total","Status in employment (Aggregate): Total","Economic activity (Aggregate): Total","2008",23918.989,,,,"Repository: ILO-STATISTICS - Micro data processing"
"Republic of Korea","LFS - Economically Active Population Survey","Employment by sex, status in employment and economic activity (thousands)","Total","Status in employment (Aggregate): Total","Economic activity (Aggregate): Agriculture","2008",1689.285,,,,"Repository: ILO-STATISTICS - Micro data processing"
"Republic of Korea","LFS - Economically Active Population Survey","Employment by sex, status in employment and economic activity (thousands)","Total","Status in employment (Aggregate): Total","Economic activity (Aggregate): Manufacturing","2008",4002.204,,,,"Repository: ILO-STATISTICS - Micro data processing"
"Republic of Korea","LFS - Economically Active Population Survey","Employment by sex, status in employment and economic activity (thousands)","Total","Status in employment (Aggregate): Total","Economic activity (Aggregate): Construction","2008",1827.223,,,,"Repository: ILO-STATISTICS - Micro data processing"
"Republic of Korea","LFS - Economically Active Population Survey","Employment by sex, status in employment and economic activity (thousands)","Total","Status in employment (Aggregate): Total","Economic activity (Aggregate): Mining and quarrying; Electricity, gas and water supply","2008",181.374,,,,"Repository: ILO-STATISTICS - Micro data processing"
"Republic of Korea","LFS - Economically Active Population Survey","Employment by sex, status in employment and economic activity (thousands)","Total","Status in employment (Aggregate): Total","Economic activity (Aggregate): Trade, Transportation, Accommodation and Food, and Business and Administrative Services","2008",10656.694,,,,"Repository: ILO-STATISTICS - Micro data processing"
"Republic of Korea","LFS - Economically Active Population Survey","Employment by sex, status in employment and economic activity (thousands)","Total","Status in employment (Aggregate): Total","Economic activity (Aggregate): Public Administration, Community, Social and other Services and Activities","2008",5557.798,,,,"Repository: ILO-STATISTICS - Micro data processing"
"Republic of Korea","LFS - Economically Active Population Survey","Employment by sex, status in employment and economic activity (thousands)","Total","Status in employment (Aggregate): Total","Economic activity (Aggregate): Not classified","2008",4.411,,,,"Repository: ILO-STATISTICS - Micro data processing"
"Republic of Korea","LFS - Economically Active Population Survey","Employment by sex, status in employment and economic activity (thousands)","Male","Status in employment (Aggregate): Total","Economic activity (Aggregate): Total","2008",13867.886,,,,"Repository: ILO-STATISTICS - Micro data processing"
"Republic of Korea","LFS - Economically Active Population Survey","Employment by sex, status in employment and economic activity (thousands)","Male","Status in employment (Aggregate): Total","Economic activity (Aggregate): Agriculture","2008",916.257,,,,"Repository: ILO-STATISTICS - Micro data processing"
"Republic of Korea","LFS - Economically Active Population Survey","Employment by sex, status in employment and economic activity (thousands)","Male","Status in employment (Aggregate): Total","Economic activity (Aggregate): Manufacturing","2008",2727.429,,,,"Repository: ILO-STATISTICS - Micro data processing"
"Republic of Korea","LFS - Economically Active Population Survey","Employment by sex, status in employment and economic activity (thousands)","Male","Status in employment (Aggregate): Total","Economic activity (Aggregate): Construction","2008",1651.319,,,,"Repository: ILO-STATISTICS - Micro data processing"
"Republic of Korea","LFS - Economically Active Population Survey","Employment by sex, status in employment and economic activity (thousands)","Male","Status in employment (Aggregate): Total","Economic activity (Aggregate): Mining and quarrying; Electricity, gas and water supply","2008",153.392,,,,"Repository: ILO-STATISTICS - Micro data processing"
"Republic of Korea","LFS - Economically Active Population Survey","Employment by sex, status in employment and economic activity (thousands)","Male","Status in employment (Aggregate): Total","Economic activity (Aggregate): Trade, Transportation, Accommodation and Food, and Business and Administrative Services","2008",6055.266,,,,"Repository: ILO-STATISTICS - Micro data processing"
"Republic of Korea","LFS - Economically Active Population Survey","Employment by sex, status in employment and economic activity (thousands)","Male","Status in employment (Aggregate): Total","Economic activity (Aggregate): Public Administration, Community, Social and other Services and Activities","2008",2363.488,,,,"Repository: ILO-STATISTICS - Micro data processing"
"Republic of Korea","LFS - Economically Active Population Survey","Employment by sex, status in employment and economic activity (thousands)","Male","Status in employment (Aggregate): Total","Economic activity (Aggregate): Not classified","2008",0.736,,,,"Repository: ILO-STATISTICS - Micro data processing"
"Republic of Korea","LFS - Economically Active Population Survey","Employment by sex, status in employment and economic activity (thousands)","Female","Status in employment (Aggregate): Total","Economic activity (Aggregate): Total","2008",10051.103,,,,"Repository: ILO-STATISTICS - Micro data processing"
"Republic of Korea","LFS - Economically Active Population Survey","Employment by sex, status in employment and economic activity (thousands)","Female","Status in employment (Aggregate): Total","Economic activity (Aggregate): Agriculture","2008",773.028,,,,"Repository: ILO-STATISTICS - Micro data processing"
"Republic of Korea","LFS - Economically Active Population Survey","Employment by sex, status in employment and economic activity (thousands)","Female","Status in employment (Aggregate): Total","Economic activity (Aggregate): Manufacturing","2008",1274.775,,,,"Repository: ILO-STATISTICS - Micro data processing"
"Republic of Korea","LFS - Economically Active Population Survey","Employment by sex, status in employment and economic activity (thousands)","Female","Status in employment (Aggregate): Total","Economic activity (Aggregate): Construction","2008",175.905,,,,"Repository: ILO-STATISTICS - Micro data processing"
"Republic of Korea","LFS - Economically Active Population Survey","Employment by sex, status in employment and economic activity (thousands)","Female","Status in employment (Aggregate): Total","Economic activity (Aggregate): Mining and quarrying; Electricity, gas and water supply","2008",27.982,,,,"Repository: ILO-STATISTICS - Micro data processing"
"Republic of Korea","LFS - Economically Active Population Survey","Employment by sex, status in employment and economic activity (thousands)","Female","Status in employment (Aggregate): Total","Economic activity (Aggregate): Trade, Transportation, Accommodation and Food, and Business and Administrative Services","2008",4601.428,,,,"Repository: ILO-STATISTICS - Micro data processing"
"Republic of Korea","LFS - Economically Active Population Survey","Employment by sex, status in employment and economic activity (thousands)","Female","Status in employment (Aggregate): Total","Economic activity (Aggregate): Public Administration, Community, Social and other Services and Activities","2008",3194.31,,,,"Repository: ILO-STATISTICS - Micro data processing"
"Republic of Korea","LFS - Economically Active Population Survey","Employment by sex, status in employment and economic activity (thousands)","Female","Status in employment (Aggregate): Total","Economic activity (Aggregate): Not classified","2008",3.675,,,,"Repository: ILO-STATISTICS - Micro data processing"
"Republic of Korea","LFS - Economically Active Population Survey","Employment by sex, status in employment and economic activity (thousands)","Total","Status in employment (Aggregate): Total","Economic activity (Aggregate): Total","2007",23728.583,,,,"Repository: ILO-STATISTICS - Micro data processing"
"Republic of Korea","LFS - Economically Active Population Survey","Employment by sex, status in employment and economic activity (thousands)","Total","Status in employment (Aggregate): Total","Economic activity (Aggregate): Agriculture","2007",1716.95,,,,"Repository: ILO-STATISTICS - Micro data processing"
"Republic of Korea","LFS - Economically Active Population Survey","Employment by sex, status in employment and economic activity (thousands)","Total","Status in employment (Aggregate): Total","Economic activity (Aggregate): Manufacturing","2007",4043.921,,,,"Repository: ILO-STATISTICS - Micro data processing"
"Republic of Korea","LFS - Economically Active Population Survey","Employment by sex, status in employment and economic activity (thousands)","Total","Status in employment (Aggregate): Total","Economic activity (Aggregate): Construction","2007",1864.44,,,,"Repository: ILO-STATISTICS - Micro data processing"
"Republic of Korea","LFS - Economically Active Population Survey","Employment by sex, status in employment and economic activity (thousands)","Total","Status in employment (Aggregate): Total","Economic activity (Aggregate): Mining and quarrying; Electricity, gas and water supply","2007",165.002,,,,"Repository: ILO-STATISTICS - Micro data processing"
"Republic of Korea","LFS - Economically Active Population Survey","Employment by sex, status in employment and economic activity (thousands)","Total","Status in employment (Aggregate): Total","Economic activity (Aggregate): Trade, Transportation, Accommodation and Food, and Business and Administrative Services","2007",10606.985,,,,"Repository: ILO-STATISTICS - Micro data processing"
"Republic of Korea","LFS - Economically Active Population Survey","Employment by sex, status in employment and economic activity (thousands)","Total","Status in employment (Aggregate): Total","Economic activity (Aggregate): Public Administration, Community, Social and other Services and Activities","2007",5326.483,,,,"Repository: ILO-STATISTICS - Micro data processing"
"Republic of Korea","LFS - Economically Active Population Survey","Employment by sex, status in employment and economic activity (thousands)","Total","Status in employment (Aggregate): Total","Economic activity (Aggregate): Not classified","2007",4.802,,,,"Repository: ILO-STATISTICS - Micro data processing"
"Republic of Korea","LFS - Economically Active Population Survey","Employment by sex, status in employment and economic activity (thousands)","Male","Status in employment (Aggregate): Total","Economic activity (Aggregate): Total","2007",13757.651,,,,"Repository: ILO-STATISTICS - Micro data processing"
"Republic of Korea","LFS - Economically Active Population Survey","Employment by sex, status in employment and economic activity (thousands)","Male","Status in employment (Aggregate): Total","Economic activity (Aggregate): Agriculture","2007",920.492,,,,"Repository: ILO-STATISTICS - Micro data processing"
"Republic of Korea","LFS - Economically Active Population Survey","Employment by sex, status in employment and economic activity (thousands)","Male","Status in employment (Aggregate): Total","Economic activity (Aggregate): Manufacturing","2007",2736.331,,,,"Repository: ILO-STATISTICS - Micro data processing"
"Republic of Korea","LFS - Economically Active Population Survey","Employment by sex, status in employment and economic activity (thousands)","Male","Status in employment (Aggregate): Total","Economic activity (Aggregate): Construction","2007",1689.869,,,,"Repository: ILO-STATISTICS - Micro data processing"
"Republic of Korea","LFS - Economically Active Population Survey","Employment by sex, status in employment and economic activity (thousands)","Male","Status in employment (Aggregate): Total","Economic activity (Aggregate): Mining and quarrying; Electricity, gas and water supply","2007",134.686,,,,"Repository: ILO-STATISTICS - Micro data processing"
"Republic of Korea","LFS - Economically Active Population Survey","Employment by sex, status in employment and economic activity (thousands)","Male","Status in employment (Aggregate): Total","Economic activity (Aggregate): Trade, Transportation, Accommodation and Food, and Business and Administrative Services","2007",6016.376,,,,"Repository: ILO-STATISTICS - Micro data processing"
"Republic of Korea","LFS - Economically Active Population Survey","Employment by sex, status in employment and economic activity (thousands)","Male","Status in employment (Aggregate): Total","Economic activity (Aggregate): Public Administration, Community, Social and other Services and Activities","2007",2258.438,,,,"Repository: ILO-STATISTICS - Micro data processing"
"Republic of Korea","LFS - Economically Active Population Survey","Employment by sex, status in employment and economic activity (thousands)","Male","Status in employment (Aggregate): Total","Economic activity (Aggregate): Not classified","2007",1.458,,,,"Repository: ILO-STATISTICS - Micro data processing"
"Republic of Korea","LFS - Economically Active Population Survey","Employment by sex, status in employment and economic activity (thousands)","Female","Status in employment (Aggregate): Total","Economic activity (Aggregate): Total","2007",9970.932,,,,"Repository: ILO-STATISTICS - Micro data processing"
"Republic of Korea","LFS - Economically Active Population Survey","Employment by sex, status in employment and economic activity (thousands)","Female","Status in employment (Aggregate): Total","Economic activity (Aggregate): Agriculture","2007",796.457,,,,"Repository: ILO-STATISTICS - Micro data processing"
"Republic of Korea","LFS - Economically Active Population Survey","Employment by sex, status in employment and economic activity (thousands)","Female","Status in employment (Aggregate): Total","Economic activity (Aggregate): Manufacturing","2007",1307.59,,,,"Repository: ILO-STATISTICS - Micro data processing"
"Republic of Korea","LFS - Economically Active Population Survey","Employment by sex, status in employment and economic activity (thousands)","Female","Status in employment (Aggregate): Total","Economic activity (Aggregate): Construction","2007",174.571,,,,"Repository: ILO-STATISTICS - Micro data processing"
"Republic of Korea","LFS - Economically Active Population Survey","Employment by sex, status in employment and economic activity (thousands)","Female","Status in employment (Aggregate): Total","Economic activity (Aggregate): Mining and quarrying; Electricity, gas and water supply","2007",30.316,,,,"Repository: ILO-STATISTICS - Micro data processing"
"Republic of Korea","LFS - Economically Active Population Survey","Employment by sex, status in employment and economic activity (thousands)","Female","Status in employment (Aggregate): Total","Economic activity (Aggregate): Trade, Transportation, Accommodation and Food, and Business and Administrative Services","2007",4590.609,,,,"Repository: ILO-STATISTICS - Micro data processing"
"Republic of Korea","LFS - Economically Active Population Survey","Employment by sex, status in employment and economic activity (thousands)","Female","Status in employment (Aggregate): Total","Economic activity (Aggregate): Public Administration, Community, Social and other Services and Activities","2007",3068.045,,,,"Repository: ILO-STATISTICS - Micro data processing"
"Republic of Korea","LFS - Economically Active Population Survey","Employment by sex, status in employment and economic activity (thousands)","Female","Status in employment (Aggregate): Total","Economic activity (Aggregate): Not classified","2007",3.344,,,,"Repository: ILO-STATISTICS - Micro data processing"
"Republic of Korea","LFS - Economically Active Population Survey","Employment by sex, status in employment and economic activity (thousands)","Total","Status in employment (Aggregate): Total","Economic activity (Aggregate): Total","2006",23366.896,,,,"Repository: ILO-STATISTICS - Micro data processing"
"Republic of Korea","LFS - Economically Active Population Survey","Employment by sex, status in employment and economic activity (thousands)","Total","Status in employment (Aggregate): Total","Economic activity (Aggregate): Agriculture","2006",1764.058,,,,"Repository: ILO-STATISTICS - Micro data processing"
"Republic of Korea","LFS - Economically Active Population Survey","Employment by sex, status in employment and economic activity (thousands)","Total","Status in employment (Aggregate): Total","Economic activity (Aggregate): Manufacturing","2006",4069.333,,,,"Repository: ILO-STATISTICS - Micro data processing"
"Republic of Korea","LFS - Economically Active Population Survey","Employment by sex, status in employment and economic activity (thousands)","Total","Status in employment (Aggregate): Total","Economic activity (Aggregate): Construction","2006",1839.596,,,,"Repository: ILO-STATISTICS - Micro data processing"
"Republic of Korea","LFS - Economically Active Population Survey","Employment by sex, status in employment and economic activity (thousands)","Total","Status in employment (Aggregate): Total","Economic activity (Aggregate): Mining and quarrying; Electricity, gas and water supply","2006",155.11,,,,"Repository: ILO-STATISTICS - Micro data processing"
"Republic of Korea","LFS - Economically Active Population Survey","Employment by sex, status in employment and economic activity (thousands)","Total","Status in employment (Aggregate): Total","Economic activity (Aggregate): Trade, Transportation, Accommodation and Food, and Business and Administrative Services","2006",10390.189,,,,"Repository: ILO-STATISTICS - Micro data processing"
"Republic of Korea","LFS - Economically Active Population Survey","Employment by sex, status in employment and economic activity (thousands)","Total","Status in employment (Aggregate): Total","Economic activity (Aggregate): Public Administration, Community, Social and other Services and Activities","2006",5141.214,,,,"Repository: ILO-STATISTICS - Micro data processing"
"Republic of Korea","LFS - Economically Active Population Survey","Employment by sex, status in employment and economic activity (thousands)","Total","Status in employment (Aggregate): Total","Economic activity (Aggregate): Not classified","2006",7.397,,,,"Repository: ILO-STATISTICS - Micro data processing"
"Republic of Korea","LFS - Economically Active Population Survey","Employment by sex, status in employment and economic activity (thousands)","Male","Status in employment (Aggregate): Total","Economic activity (Aggregate): Total","2006",13531.345,,,,"Repository: ILO-STATISTICS - Micro data processing"
"Republic of Korea","LFS - Economically Active Population Survey","Employment by sex, status in employment and economic activity (thousands)","Male","Status in employment (Aggregate): Total","Economic activity (Aggregate): Agriculture","2006",949.116,,,,"Repository: ILO-STATISTICS - Micro data processing"
"Republic of Korea","LFS - Economically Active Population Survey","Employment by sex, status in employment and economic activity (thousands)","Male","Status in employment (Aggregate): Total","Economic activity (Aggregate): Manufacturing","2006",2746.803,,,,"Repository: ILO-STATISTICS - Micro data processing"
"Republic of Korea","LFS - Economically Active Population Survey","Employment by sex, status in employment and economic activity (thousands)","Male","Status in employment (Aggregate): Total","Economic activity (Aggregate): Construction","2006",1672.189,,,,"Repository: ILO-STATISTICS - Micro data processing"
"Republic of Korea","LFS - Economically Active Population Survey","Employment by sex, status in employment and economic activity (thousands)","Male","Status in employment (Aggregate): Total","Economic activity (Aggregate): Mining and quarrying; Electricity, gas and water supply","2006",126.345,,,,"Repository: ILO-STATISTICS - Micro data processing"
"Republic of Korea","LFS - Economically Active Population Survey","Employment by sex, status in employment and economic activity (thousands)","Male","Status in employment (Aggregate): Total","Economic activity (Aggregate): Trade, Transportation, Accommodation and Food, and Business and Administrative Services","2006",5831.397,,,,"Repository: ILO-STATISTICS - Micro data processing"
"Republic of Korea","LFS - Economically Active Population Survey","Employment by sex, status in employment and economic activity (thousands)","Male","Status in employment (Aggregate): Total","Economic activity (Aggregate): Public Administration, Community, Social and other Services and Activities","2006",2202.919,,,,"Repository: ILO-STATISTICS - Micro data processing"
"Republic of Korea","LFS - Economically Active Population Survey","Employment by sex, status in employment and economic activity (thousands)","Male","Status in employment (Aggregate): Total","Economic activity (Aggregate): Not classified","2006",2.576,,,,"Repository: ILO-STATISTICS - Micro data processing"
"Republic of Korea","LFS - Economically Active Population Survey","Employment by sex, status in employment and economic activity (thousands)","Female","Status in employment (Aggregate): Total","Economic activity (Aggregate): Total","2006",9835.551,,,,"Repository: ILO-STATISTICS - Micro data processing"
"Republic of Korea","LFS - Economically Active Population Survey","Employment by sex, status in employment and economic activity (thousands)","Female","Status in employment (Aggregate): Total","Economic activity (Aggregate): Agriculture","2006",814.942,,,,"Repository: ILO-STATISTICS - Micro data processing"
"Republic of Korea","LFS - Economically Active Population Survey","Employment by sex, status in employment and economic activity (thousands)","Female","Status in employment (Aggregate): Total","Economic activity (Aggregate): Manufacturing","2006",1322.529,,,,"Repository: ILO-STATISTICS - Micro data processing"
"Republic of Korea","LFS - Economically Active Population Survey","Employment by sex, status in employment and economic activity (thousands)","Female","Status in employment (Aggregate): Total","Economic activity (Aggregate): Construction","2006",167.406,,,,"Repository: ILO-STATISTICS - Micro data processing"
"Republic of Korea","LFS - Economically Active Population Survey","Employment by sex, status in employment and economic activity (thousands)","Female","Status in employment (Aggregate): Total","Economic activity (Aggregate): Mining and quarrying; Electricity, gas and water supply","2006",28.765,,,,"Repository: ILO-STATISTICS - Micro data processing"
"Republic of Korea","LFS - Economically Active Population Survey","Employment by sex, status in employment and economic activity (thousands)","Female","Status in employment (Aggregate): Total","Economic activity (Aggregate): Trade, Transportation, Accommodation and Food, and Business and Administrative Services","2006",4558.792,,,,"Repository: ILO-STATISTICS - Micro data processing"
"Republic of Korea","LFS - Economically Active Population Survey","Employment by sex, status in employment and economic activity (thousands)","Female","Status in employment (Aggregate): Total","Economic activity (Aggregate): Public Administration, Community, Social and other Services and Activities","2006",2938.295,,,,"Repository: ILO-STATISTICS - Micro data processing"
"Republic of Korea","LFS - Economically Active Population Survey","Employment by sex, status in employment and economic activity (thousands)","Female","Status in employment (Aggregate): Total","Economic activity (Aggregate): Not classified","2006",4.821,,,,"Repository: ILO-STATISTICS - Micro data processing"
"Republic of Korea","LFS - Economically Active Population Survey","Employment by sex, status in employment and economic activity (thousands)","Total","Status in employment (Aggregate): Total","Economic activity (Aggregate): Total","2005",23015.07,,,,"Repository: ILO-STATISTICS - Micro data processing"
"Republic of Korea","LFS - Economically Active Population Survey","Employment by sex, status in employment and economic activity (thousands)","Total","Status in employment (Aggregate): Total","Economic activity (Aggregate): Agriculture","2005",1808.802,,,,"Repository: ILO-STATISTICS - Micro data processing"
"Republic of Korea","LFS - Economically Active Population Survey","Employment by sex, status in employment and economic activity (thousands)","Total","Status in employment (Aggregate): Total","Economic activity (Aggregate): Manufacturing","2005",4125.368,,,,"Repository: ILO-STATISTICS - Micro data processing"
"Republic of Korea","LFS - Economically Active Population Survey","Employment by sex, status in employment and economic activity (thousands)","Total","Status in employment (Aggregate): Total","Economic activity (Aggregate): Construction","2005",1815.126,,,,"Repository: ILO-STATISTICS - Micro data processing"
"Republic of Korea","LFS - Economically Active Population Survey","Employment by sex, status in employment and economic activity (thousands)","Total","Status in employment (Aggregate): Total","Economic activity (Aggregate): Mining and quarrying; Electricity, gas and water supply","2005",144.453,,,,"Repository: ILO-STATISTICS - Micro data processing"
"Republic of Korea","LFS - Economically Active Population Survey","Employment by sex, status in employment and economic activity (thousands)","Total","Status in employment (Aggregate): Total","Economic activity (Aggregate): Trade, Transportation, Accommodation and Food, and Business and Administrative Services","2005",10171.357,,,,"Repository: ILO-STATISTICS - Micro data processing"
"Republic of Korea","LFS - Economically Active Population Survey","Employment by sex, status in employment and economic activity (thousands)","Total","Status in employment (Aggregate): Total","Economic activity (Aggregate): Public Administration, Community, Social and other Services and Activities","2005",4940.091,,,,"Repository: ILO-STATISTICS - Micro data processing"
"Republic of Korea","LFS - Economically Active Population Survey","Employment by sex, status in employment and economic activity (thousands)","Total","Status in employment (Aggregate): Total","Economic activity (Aggregate): Not classified","2005",9.873,,,,"Repository: ILO-STATISTICS - Micro data processing"
"Republic of Korea","LFS - Economically Active Population Survey","Employment by sex, status in employment and economic activity (thousands)","Male","Status in employment (Aggregate): Total","Economic activity (Aggregate): Total","2005",13373.334,,,,"Repository: ILO-STATISTICS - Micro data processing"
"Republic of Korea","LFS - Economically Active Population Survey","Employment by sex, status in employment and economic activity (thousands)","Male","Status in employment (Aggregate): Total","Economic activity (Aggregate): Agriculture","2005",974.539,,,,"Repository: ILO-STATISTICS - Micro data processing"
"Republic of Korea","LFS - Economically Active Population Survey","Employment by sex, status in employment and economic activity (thousands)","Male","Status in employment (Aggregate): Total","Economic activity (Aggregate): Manufacturing","2005",2763.581,,,,"Repository: ILO-STATISTICS - Micro data processing"
"Republic of Korea","LFS - Economically Active Population Survey","Employment by sex, status in employment and economic activity (thousands)","Male","Status in employment (Aggregate): Total","Economic activity (Aggregate): Construction","2005",1656.205,,,,"Repository: ILO-STATISTICS - Micro data processing"
"Republic of Korea","LFS - Economically Active Population Survey","Employment by sex, status in employment and economic activity (thousands)","Male","Status in employment (Aggregate): Total","Economic activity (Aggregate): Mining and quarrying; Electricity, gas and water supply","2005",123.154,,,,"Repository: ILO-STATISTICS - Micro data processing"
"Republic of Korea","LFS - Economically Active Population Survey","Employment by sex, status in employment and economic activity (thousands)","Male","Status in employment (Aggregate): Total","Economic activity (Aggregate): Trade, Transportation, Accommodation and Food, and Business and Administrative Services","2005",5684.28,,,,"Repository: ILO-STATISTICS - Micro data processing"
"Republic of Korea","LFS - Economically Active Population Survey","Employment by sex, status in employment and economic activity (thousands)","Male","Status in employment (Aggregate): Total","Economic activity (Aggregate): Public Administration, Community, Social and other Services and Activities","2005",2169.323,,,,"Repository: ILO-STATISTICS - Micro data processing"
"Republic of Korea","LFS - Economically Active Population Survey","Employment by sex, status in employment and economic activity (thousands)","Male","Status in employment (Aggregate): Total","Economic activity (Aggregate): Not classified","2005",2.251,,,,"Repository: ILO-STATISTICS - Micro data processing"
"Republic of Korea","LFS - Economically Active Population Survey","Employment by sex, status in employment and economic activity (thousands)","Female","Status in employment (Aggregate): Total","Economic activity (Aggregate): Total","2005",9641.736,,,,"Repository: ILO-STATISTICS - Micro data processing"
"Republic of Korea","LFS - Economically Active Population Survey","Employment by sex, status in employment and economic activity (thousands)","Female","Status in employment (Aggregate): Total","Economic activity (Aggregate): Agriculture","2005",834.263,,,,"Repository: ILO-STATISTICS - Micro data processing"
"Republic of Korea","LFS - Economically Active Population Survey","Employment by sex, status in employment and economic activity (thousands)","Female","Status in employment (Aggregate): Total","Economic activity (Aggregate): Manufacturing","2005",1361.787,,,,"Repository: ILO-STATISTICS - Micro data processing"
"Republic of Korea","LFS - Economically Active Population Survey","Employment by sex, status in employment and economic activity (thousands)","Female","Status in employment (Aggregate): Total","Economic activity (Aggregate): Construction","2005",158.921,,,,"Repository: ILO-STATISTICS - Micro data processing"
"Republic of Korea","LFS - Economically Active Population Survey","Employment by sex, status in employment and economic activity (thousands)","Female","Status in employment (Aggregate): Total","Economic activity (Aggregate): Mining and quarrying; Electricity, gas and water supply","2005",21.299,,,,"Repository: ILO-STATISTICS - Micro data processing"
"Republic of Korea","LFS - Economically Active Population Survey","Employment by sex, status in employment and economic activity (thousands)","Female","Status in employment (Aggregate): Total","Economic activity (Aggregate): Trade, Transportation, Accommodation and Food, and Business and Administrative Services","2005",4487.077,,,,"Repository: ILO-STATISTICS - Micro data processing"
"Republic of Korea","LFS - Economically Active Population Survey","Employment by sex, status in employment and economic activity (thousands)","Female","Status in employment (Aggregate): Total","Economic activity (Aggregate): Public Administration, Community, Social and other Services and Activities","2005",2770.769,,,,"Repository: ILO-STATISTICS - Micro data processing"
"Republic of Korea","LFS - Economically Active Population Survey","Employment by sex, status in employment and economic activity (thousands)","Female","Status in employment (Aggregate): Total","Economic activity (Aggregate): Not classified","2005",7.621,,,,"Repository: ILO-STATISTICS - Micro data processing"
"Republic of Korea","LFS - Economically Active Population Survey","Employment by sex, status in employment and economic activity (thousands)","Total","Status in employment (Aggregate): Total","Economic activity (Aggregate): Total","2004",22869.762,,,,"Repository: ILO-STATISTICS - Micro data processing"
"Republic of Korea","LFS - Economically Active Population Survey","Employment by sex, status in employment and economic activity (thousands)","Total","Status in employment (Aggregate): Total","Economic activity (Aggregate): Agriculture","2004",1898.463,,,,"Repository: ILO-STATISTICS - Micro data processing"
"Republic of Korea","LFS - Economically Active Population Survey","Employment by sex, status in employment and economic activity (thousands)","Total","Status in employment (Aggregate): Total","Economic activity (Aggregate): Manufacturing","2004",4191.017,,,,"Repository: ILO-STATISTICS - Micro data processing"
"Republic of Korea","LFS - Economically Active Population Survey","Employment by sex, status in employment and economic activity (thousands)","Total","Status in employment (Aggregate): Total","Economic activity (Aggregate): Construction","2004",1831.85,,,,"Repository: ILO-STATISTICS - Micro data processing"
"Republic of Korea","LFS - Economically Active Population Survey","Employment by sex, status in employment and economic activity (thousands)","Total","Status in employment (Aggregate): Total","Economic activity (Aggregate): Mining and quarrying; Electricity, gas and water supply","2004",137.758,,,,"Repository: ILO-STATISTICS - Micro data processing"
"Republic of Korea","LFS - Economically Active Population Survey","Employment by sex, status in employment and economic activity (thousands)","Total","Status in employment (Aggregate): Total","Economic activity (Aggregate): Trade, Transportation, Accommodation and Food, and Business and Administrative Services","2004",10084.074,,,,"Repository: ILO-STATISTICS - Micro data processing"
"Republic of Korea","LFS - Economically Active Population Survey","Employment by sex, status in employment and economic activity (thousands)","Total","Status in employment (Aggregate): Total","Economic activity (Aggregate): Public Administration, Community, Social and other Services and Activities","2004",4710.826,,,,"Repository: ILO-STATISTICS - Micro data processing"
"Republic of Korea","LFS - Economically Active Population Survey","Employment by sex, status in employment and economic activity (thousands)","Total","Status in employment (Aggregate): Total","Economic activity (Aggregate): Not classified","2004",15.774,,,,"Repository: ILO-STATISTICS - Micro data processing"
"Republic of Korea","LFS - Economically Active Population Survey","Employment by sex, status in employment and economic activity (thousands)","Male","Status in employment (Aggregate): Total","Economic activity (Aggregate): Total","2004",13324.659,,,,"Repository: ILO-STATISTICS - Micro data processing"
"Republic of Korea","LFS - Economically Active Population Survey","Employment by sex, status in employment and economic activity (thousands)","Male","Status in employment (Aggregate): Total","Economic activity (Aggregate): Agriculture","2004",1010.717,,,,"Repository: ILO-STATISTICS - Micro data processing"
"Republic of Korea","LFS - Economically Active Population Survey","Employment by sex, status in employment and economic activity (thousands)","Male","Status in employment (Aggregate): Total","Economic activity (Aggregate): Manufacturing","2004",2739.537,,,,"Repository: ILO-STATISTICS - Micro data processing"
"Republic of Korea","LFS - Economically Active Population Survey","Employment by sex, status in employment and economic activity (thousands)","Male","Status in employment (Aggregate): Total","Economic activity (Aggregate): Construction","2004",1669.202,,,,"Repository: ILO-STATISTICS - Micro data processing"
"Republic of Korea","LFS - Economically Active Population Survey","Employment by sex, status in employment and economic activity (thousands)","Male","Status in employment (Aggregate): Total","Economic activity (Aggregate): Mining and quarrying; Electricity, gas and water supply","2004",117.999,,,,"Repository: ILO-STATISTICS - Micro data processing"
"Republic of Korea","LFS - Economically Active Population Survey","Employment by sex, status in employment and economic activity (thousands)","Male","Status in employment (Aggregate): Total","Economic activity (Aggregate): Trade, Transportation, Accommodation and Food, and Business and Administrative Services","2004",5646.073,,,,"Repository: ILO-STATISTICS - Micro data processing"
"Republic of Korea","LFS - Economically Active Population Survey","Employment by sex, status in employment and economic activity (thousands)","Male","Status in employment (Aggregate): Total","Economic activity (Aggregate): Public Administration, Community, Social and other Services and Activities","2004",2136.874,,,,"Repository: ILO-STATISTICS - Micro data processing"
"Republic of Korea","LFS - Economically Active Population Survey","Employment by sex, status in employment and economic activity (thousands)","Male","Status in employment (Aggregate): Total","Economic activity (Aggregate): Not classified","2004",4.258,,,,"Repository: ILO-STATISTICS - Micro data processing"
"Republic of Korea","LFS - Economically Active Population Survey","Employment by sex, status in employment and economic activity (thousands)","Female","Status in employment (Aggregate): Total","Economic activity (Aggregate): Total","2004",9545.103,,,,"Repository: ILO-STATISTICS - Micro data processing"
"Republic of Korea","LFS - Economically Active Population Survey","Employment by sex, status in employment and economic activity (thousands)","Female","Status in employment (Aggregate): Total","Economic activity (Aggregate): Agriculture","2004",887.746,,,,"Repository: ILO-STATISTICS - Micro data processing"
"Republic of Korea","LFS - Economically Active Population Survey","Employment by sex, status in employment and economic activity (thousands)","Female","Status in employment (Aggregate): Total","Economic activity (Aggregate): Manufacturing","2004",1451.481,,,,"Repository: ILO-STATISTICS - Micro data processing"
"Republic of Korea","LFS - Economically Active Population Survey","Employment by sex, status in employment and economic activity (thousands)","Female","Status in employment (Aggregate): Total","Economic activity (Aggregate): Construction","2004",162.648,,,,"Repository: ILO-STATISTICS - Micro data processing"
"Republic of Korea","LFS - Economically Active Population Survey","Employment by sex, status in employment and economic activity (thousands)","Female","Status in employment (Aggregate): Total","Economic activity (Aggregate): Mining and quarrying; Electricity, gas and water supply","2004",19.759,,,,"Repository: ILO-STATISTICS - Micro data processing"
"Republic of Korea","LFS - Economically Active Population Survey","Employment by sex, status in employment and economic activity (thousands)","Female","Status in employment (Aggregate): Total","Economic activity (Aggregate): Trade, Transportation, Accommodation and Food, and Business and Administrative Services","2004",4438.002,,,,"Repository: ILO-STATISTICS - Micro data processing"
"Republic of Korea","LFS - Economically Active Population Survey","Employment by sex, status in employment and economic activity (thousands)","Female","Status in employment (Aggregate): Total","Economic activity (Aggregate): Public Administration, Community, Social and other Services and Activities","2004",2573.952,,,,"Repository: ILO-STATISTICS - Micro data processing"
"Republic of Korea","LFS - Economically Active Population Survey","Employment by sex, status in employment and economic activity (thousands)","Female","Status in employment (Aggregate): Total","Economic activity (Aggregate): Not classified","2004",11.515,,,,"Repository: ILO-STATISTICS - Micro data processing"
"Republic of Korea","LFS - Economically Active Population Survey","Employment by sex, status in employment and economic activity (thousands)","Total","Status in employment (Aggregate): Total","Economic activity (Aggregate): Total","2003",22376.346,,,,"Repository: ILO-STATISTICS - Micro data processing"
"Republic of Korea","LFS - Economically Active Population Survey","Employment by sex, status in employment and economic activity (thousands)","Total","Status in employment (Aggregate): Total","Economic activity (Aggregate): Agriculture","2003",2026.036,,,,"Repository: ILO-STATISTICS - Micro data processing"
"Republic of Korea","LFS - Economically Active Population Survey","Employment by sex, status in employment and economic activity (thousands)","Total","Status in employment (Aggregate): Total","Economic activity (Aggregate): Manufacturing","2003",4225.06,,,,"Repository: ILO-STATISTICS - Micro data processing"
"Republic of Korea","LFS - Economically Active Population Survey","Employment by sex, status in employment and economic activity (thousands)","Total","Status in employment (Aggregate): Total","Economic activity (Aggregate): Construction","2003",1829.018,,,,"Repository: ILO-STATISTICS - Micro data processing"
"Republic of Korea","LFS - Economically Active Population Survey","Employment by sex, status in employment and economic activity (thousands)","Total","Status in employment (Aggregate): Total","Economic activity (Aggregate): Mining and quarrying; Electricity, gas and water supply","2003",94.175,,,,"Repository: ILO-STATISTICS - Micro data processing"
"Republic of Korea","LFS - Economically Active Population Survey","Employment by sex, status in employment and economic activity (thousands)","Total","Status in employment (Aggregate): Total","Economic activity (Aggregate): Trade, Transportation, Accommodation and Food, and Business and Administrative Services","2003",9708.611,,,,"Repository: ILO-STATISTICS - Micro data processing"
"Republic of Korea","LFS - Economically Active Population Survey","Employment by sex, status in employment and economic activity (thousands)","Total","Status in employment (Aggregate): Total","Economic activity (Aggregate): Public Administration, Community, Social and other Services and Activities","2003",4434.108,,,,"Repository: ILO-STATISTICS - Micro data processing"
"Republic of Korea","LFS - Economically Active Population Survey","Employment by sex, status in employment and economic activity (thousands)","Total","Status in employment (Aggregate): Total","Economic activity (Aggregate): Not classified","2003",59.336,,,,"Repository: ILO-STATISTICS - Micro data processing"
"Republic of Korea","LFS - Economically Active Population Survey","Employment by sex, status in employment and economic activity (thousands)","Male","Status in employment (Aggregate): Total","Economic activity (Aggregate): Total","2003",13136.961,,,,"Repository: ILO-STATISTICS - Micro data processing"
"Republic of Korea","LFS - Economically Active Population Survey","Employment by sex, status in employment and economic activity (thousands)","Male","Status in employment (Aggregate): Total","Economic activity (Aggregate): Agriculture","2003",1063.341,,,,"Repository: ILO-STATISTICS - Micro data processing"
"Republic of Korea","LFS - Economically Active Population Survey","Employment by sex, status in employment and economic activity (thousands)","Male","Status in employment (Aggregate): Total","Economic activity (Aggregate): Manufacturing","2003",2740.704,,,,"Repository: ILO-STATISTICS - Micro data processing"
"Republic of Korea","LFS - Economically Active Population Survey","Employment by sex, status in employment and economic activity (thousands)","Male","Status in employment (Aggregate): Total","Economic activity (Aggregate): Construction","2003",1677.947,,,,"Repository: ILO-STATISTICS - Micro data processing"
"Republic of Korea","LFS - Economically Active Population Survey","Employment by sex, status in employment and economic activity (thousands)","Male","Status in employment (Aggregate): Total","Economic activity (Aggregate): Mining and quarrying; Electricity, gas and water supply","2003",81.361,,,,"Repository: ILO-STATISTICS - Micro data processing"
"Republic of Korea","LFS - Economically Active Population Survey","Employment by sex, status in employment and economic activity (thousands)","Male","Status in employment (Aggregate): Total","Economic activity (Aggregate): Trade, Transportation, Accommodation and Food, and Business and Administrative Services","2003",5421.458,,,,"Repository: ILO-STATISTICS - Micro data processing"
"Republic of Korea","LFS - Economically Active Population Survey","Employment by sex, status in employment and economic activity (thousands)","Male","Status in employment (Aggregate): Total","Economic activity (Aggregate): Public Administration, Community, Social and other Services and Activities","2003",2132.78,,,,"Repository: ILO-STATISTICS - Micro data processing"
"Republic of Korea","LFS - Economically Active Population Survey","Employment by sex, status in employment and economic activity (thousands)","Male","Status in employment (Aggregate): Total","Economic activity (Aggregate): Not classified","2003",19.371,,,,"Repository: ILO-STATISTICS - Micro data processing"
"Republic of Korea","LFS - Economically Active Population Survey","Employment by sex, status in employment and economic activity (thousands)","Female","Status in employment (Aggregate): Total","Economic activity (Aggregate): Total","2003",9239.385,,,,"Repository: ILO-STATISTICS - Micro data processing"
"Republic of Korea","LFS - Economically Active Population Survey","Employment by sex, status in employment and economic activity (thousands)","Female","Status in employment (Aggregate): Total","Economic activity (Aggregate): Agriculture","2003",962.695,,,,"Repository: ILO-STATISTICS - Micro data processing"
"Republic of Korea","LFS - Economically Active Population Survey","Employment by sex, status in employment and economic activity (thousands)","Female","Status in employment (Aggregate): Total","Economic activity (Aggregate): Manufacturing","2003",1484.357,,,,"Repository: ILO-STATISTICS - Micro data processing"
"Republic of Korea","LFS - Economically Active Population Survey","Employment by sex, status in employment and economic activity (thousands)","Female","Status in employment (Aggregate): Total","Economic activity (Aggregate): Construction","2003",151.072,,,,"Repository: ILO-STATISTICS - Micro data processing"
"Republic of Korea","LFS - Economically Active Population Survey","Employment by sex, status in employment and economic activity (thousands)","Female","Status in employment (Aggregate): Total","Economic activity (Aggregate): Mining and quarrying; Electricity, gas and water supply","2003",12.814,,,,"Repository: ILO-STATISTICS - Micro data processing"
"Republic of Korea","LFS - Economically Active Population Survey","Employment by sex, status in employment and economic activity (thousands)","Female","Status in employment (Aggregate): Total","Economic activity (Aggregate): Trade, Transportation, Accommodation and Food, and Business and Administrative Services","2003",4287.153,,,,"Repository: ILO-STATISTICS - Micro data processing"
"Republic of Korea","LFS - Economically Active Population Survey","Employment by sex, status in employment and economic activity (thousands)","Female","Status in employment (Aggregate): Total","Economic activity (Aggregate): Public Administration, Community, Social and other Services and Activities","2003",2301.329,,,,"Repository: ILO-STATISTICS - Micro data processing"
"Republic of Korea","LFS - Economically Active Population Survey","Employment by sex, status in employment and economic activity (thousands)","Female","Status in employment (Aggregate): Total","Economic activity (Aggregate): Not classified","2003",39.966,,,,"Repository: ILO-STATISTICS - Micro data processing"
"Republic of Korea","LFS - Economically Active Population Survey","Employment by sex, status in employment and economic activity (thousands)","Total","Status in employment (Aggregate): Total","Economic activity (Aggregate): Total","2002",22410.196,,,,"Repository: ILO-STATISTICS - Micro data processing"
"Republic of Korea","LFS - Economically Active Population Survey","Employment by sex, status in employment and economic activity (thousands)","Total","Status in employment (Aggregate): Total","Economic activity (Aggregate): Agriculture","2002",2169.332,,,,"Repository: ILO-STATISTICS - Micro data processing"
"Republic of Korea","LFS - Economically Active Population Survey","Employment by sex, status in employment and economic activity (thousands)","Total","Status in employment (Aggregate): Total","Economic activity (Aggregate): Manufacturing","2002",4270.335,,,,"Repository: ILO-STATISTICS - Micro data processing"
"Republic of Korea","LFS - Economically Active Population Survey","Employment by sex, status in employment and economic activity (thousands)","Total","Status in employment (Aggregate): Total","Economic activity (Aggregate): Construction","2002",1755.236,,,,"Repository: ILO-STATISTICS - Micro data processing"
"Republic of Korea","LFS - Economically Active Population Survey","Employment by sex, status in employment and economic activity (thousands)","Total","Status in employment (Aggregate): Total","Economic activity (Aggregate): Mining and quarrying; Electricity, gas and water supply","2002",71.024,,,,"Repository: ILO-STATISTICS - Micro data processing"
"Republic of Korea","LFS - Economically Active Population Survey","Employment by sex, status in employment and economic activity (thousands)","Total","Status in employment (Aggregate): Total","Economic activity (Aggregate): Trade, Transportation, Accommodation and Food, and Business and Administrative Services","2002",9795.099,,,,"Repository: ILO-STATISTICS - Micro data processing"
"Republic of Korea","LFS - Economically Active Population Survey","Employment by sex, status in employment and economic activity (thousands)","Total","Status in employment (Aggregate): Total","Economic activity (Aggregate): Public Administration, Community, Social and other Services and Activities","2002",4294.73,,,,"Repository: ILO-STATISTICS - Micro data processing"
"Republic of Korea","LFS - Economically Active Population Survey","Employment by sex, status in employment and economic activity (thousands)","Total","Status in employment (Aggregate): Total","Economic activity (Aggregate): Not classified","2002",54.439,,,,"Repository: ILO-STATISTICS - Micro data processing"
"Republic of Korea","LFS - Economically Active Population Survey","Employment by sex, status in employment and economic activity (thousands)","Male","Status in employment (Aggregate): Total","Economic activity (Aggregate): Total","2002",13037.646,,,,"Repository: ILO-STATISTICS - Micro data processing"
"Republic of Korea","LFS - Economically Active Population Survey","Employment by sex, status in employment and economic activity (thousands)","Male","Status in employment (Aggregate): Total","Economic activity (Aggregate): Agriculture","2002",1126.489,,,,"Repository: ILO-STATISTICS - Micro data processing"
"Republic of Korea","LFS - Economically Active Population Survey","Employment by sex, status in employment and economic activity (thousands)","Male","Status in employment (Aggregate): Total","Economic activity (Aggregate): Manufacturing","2002",2737.218,,,,"Repository: ILO-STATISTICS - Micro data processing"
"Republic of Korea","LFS - Economically Active Population Survey","Employment by sex, status in employment and economic activity (thousands)","Male","Status in employment (Aggregate): Total","Economic activity (Aggregate): Construction","2002",1603.388,,,,"Repository: ILO-STATISTICS - Micro data processing"
"Republic of Korea","LFS - Economically Active Population Survey","Employment by sex, status in employment and economic activity (thousands)","Male","Status in employment (Aggregate): Total","Economic activity (Aggregate): Mining and quarrying; Electricity, gas and water supply","2002",58.006,,,,"Repository: ILO-STATISTICS - Micro data processing"
"Republic of Korea","LFS - Economically Active Population Survey","Employment by sex, status in employment and economic activity (thousands)","Male","Status in employment (Aggregate): Total","Economic activity (Aggregate): Trade, Transportation, Accommodation and Food, and Business and Administrative Services","2002",5459.606,,,,"Repository: ILO-STATISTICS - Micro data processing"
"Republic of Korea","LFS - Economically Active Population Survey","Employment by sex, status in employment and economic activity (thousands)","Male","Status in employment (Aggregate): Total","Economic activity (Aggregate): Public Administration, Community, Social and other Services and Activities","2002",2035.279,,,,"Repository: ILO-STATISTICS - Micro data processing"
"Republic of Korea","LFS - Economically Active Population Survey","Employment by sex, status in employment and economic activity (thousands)","Male","Status in employment (Aggregate): Total","Economic activity (Aggregate): Not classified","2002",17.661,,,,"Repository: ILO-STATISTICS - Micro data processing"
"Republic of Korea","LFS - Economically Active Population Survey","Employment by sex, status in employment and economic activity (thousands)","Female","Status in employment (Aggregate): Total","Economic activity (Aggregate): Total","2002",9372.55,,,,"Repository: ILO-STATISTICS - Micro data processing"
"Republic of Korea","LFS - Economically Active Population Survey","Employment by sex, status in employment and economic activity (thousands)","Female","Status in employment (Aggregate): Total","Economic activity (Aggregate): Agriculture","2002",1042.843,,,,"Repository: ILO-STATISTICS - Micro data processing"
"Republic of Korea","LFS - Economically Active Population Survey","Employment by sex, status in employment and economic activity (thousands)","Female","Status in employment (Aggregate): Total","Economic activity (Aggregate): Manufacturing","2002",1533.118,,,,"Repository: ILO-STATISTICS - Micro data processing"
"Republic of Korea","LFS - Economically Active Population Survey","Employment by sex, status in employment and economic activity (thousands)","Female","Status in employment (Aggregate): Total","Economic activity (Aggregate): Construction","2002",151.849,,,,"Repository: ILO-STATISTICS - Micro data processing"
"Republic of Korea","LFS - Economically Active Population Survey","Employment by sex, status in employment and economic activity (thousands)","Female","Status in employment (Aggregate): Total","Economic activity (Aggregate): Mining and quarrying; Electricity, gas and water supply","2002",13.018,,,,"Repository: ILO-STATISTICS - Micro data processing"
"Republic of Korea","LFS - Economically Active Population Survey","Employment by sex, status in employment and economic activity (thousands)","Female","Status in employment (Aggregate): Total","Economic activity (Aggregate): Trade, Transportation, Accommodation and Food, and Business and Administrative Services","2002",4335.493,,,,"Repository: ILO-STATISTICS - Micro data processing"
"Republic of Korea","LFS - Economically Active Population Survey","Employment by sex, status in employment and economic activity (thousands)","Female","Status in employment (Aggregate): Total","Economic activity (Aggregate): Public Administration, Community, Social and other Services and Activities","2002",2259.451,,,,"Repository: ILO-STATISTICS - Micro data processing"
"Republic of Korea","LFS - Economically Active Population Survey","Employment by sex, status in employment and economic activity (thousands)","Female","Status in employment (Aggregate): Total","Economic activity (Aggregate): Not classified","2002",36.778,,,,"Repository: ILO-STATISTICS - Micro data processing"
"Republic of Korea","LFS - Economically Active Population Survey","Employment by sex, status in employment and economic activity (thousands)","Total","Status in employment (Aggregate): Total","Economic activity (Aggregate): Total","2001",21814.582,,,,"Repository: ILO-STATISTICS - Micro data processing"
"Republic of Korea","LFS - Economically Active Population Survey","Employment by sex, status in employment and economic activity (thousands)","Total","Status in employment (Aggregate): Total","Economic activity (Aggregate): Agriculture","2001",2264.083,,,,"Repository: ILO-STATISTICS - Micro data processing"
"Republic of Korea","LFS - Economically Active Population Survey","Employment by sex, status in employment and economic activity (thousands)","Total","Status in employment (Aggregate): Total","Economic activity (Aggregate): Manufacturing","2001",4288.456,,,,"Repository: ILO-STATISTICS - Micro data processing"
"Republic of Korea","LFS - Economically Active Population Survey","Employment by sex, status in employment and economic activity (thousands)","Total","Status in employment (Aggregate): Total","Economic activity (Aggregate): Construction","2001",1591.395,,,,"Repository: ILO-STATISTICS - Micro data processing"
"Republic of Korea","LFS - Economically Active Population Survey","Employment by sex, status in employment and economic activity (thousands)","Total","Status in employment (Aggregate): Total","Economic activity (Aggregate): Mining and quarrying; Electricity, gas and water supply","2001",76.891,,,,"Repository: ILO-STATISTICS - Micro data processing"
"Republic of Korea","LFS - Economically Active Population Survey","Employment by sex, status in employment and economic activity (thousands)","Total","Status in employment (Aggregate): Total","Economic activity (Aggregate): Trade, Transportation, Accommodation and Food, and Business and Administrative Services","2001",9514.224,,,,"Repository: ILO-STATISTICS - Micro data processing"
"Republic of Korea","LFS - Economically Active Population Survey","Employment by sex, status in employment and economic activity (thousands)","Total","Status in employment (Aggregate): Total","Economic activity (Aggregate): Public Administration, Community, Social and other Services and Activities","2001",4018.421,,,,"Repository: ILO-STATISTICS - Micro data processing"
"Republic of Korea","LFS - Economically Active Population Survey","Employment by sex, status in employment and economic activity (thousands)","Total","Status in employment (Aggregate): Total","Economic activity (Aggregate): Not classified","2001",61.111,,,,"Repository: ILO-STATISTICS - Micro data processing"
"Republic of Korea","LFS - Economically Active Population Survey","Employment by sex, status in employment and economic activity (thousands)","Male","Status in employment (Aggregate): Total","Economic activity (Aggregate): Total","2001",12660.87,,,,"Repository: ILO-STATISTICS - Micro data processing"
"Republic of Korea","LFS - Economically Active Population Survey","Employment by sex, status in employment and economic activity (thousands)","Male","Status in employment (Aggregate): Total","Economic activity (Aggregate): Agriculture","2001",1183.62,,,,"Repository: ILO-STATISTICS - Micro data processing"
"Republic of Korea","LFS - Economically Active Population Survey","Employment by sex, status in employment and economic activity (thousands)","Male","Status in employment (Aggregate): Total","Economic activity (Aggregate): Manufacturing","2001",2754.876,,,,"Repository: ILO-STATISTICS - Micro data processing"
"Republic of Korea","LFS - Economically Active Population Survey","Employment by sex, status in employment and economic activity (thousands)","Male","Status in employment (Aggregate): Total","Economic activity (Aggregate): Construction","2001",1453.237,,,,"Repository: ILO-STATISTICS - Micro data processing"
"Republic of Korea","LFS - Economically Active Population Survey","Employment by sex, status in employment and economic activity (thousands)","Male","Status in employment (Aggregate): Total","Economic activity (Aggregate): Mining and quarrying; Electricity, gas and water supply","2001",61.722,,,,"Repository: ILO-STATISTICS - Micro data processing"
"Republic of Korea","LFS - Economically Active Population Survey","Employment by sex, status in employment and economic activity (thousands)","Male","Status in employment (Aggregate): Total","Economic activity (Aggregate): Trade, Transportation, Accommodation and Food, and Business and Administrative Services","2001",5269.996,,,,"Repository: ILO-STATISTICS - Micro data processing"
"Republic of Korea","LFS - Economically Active Population Survey","Employment by sex, status in employment and economic activity (thousands)","Male","Status in employment (Aggregate): Total","Economic activity (Aggregate): Public Administration, Community, Social and other Services and Activities","2001",1922.062,,,,"Repository: ILO-STATISTICS - Micro data processing"
"Republic of Korea","LFS - Economically Active Population Survey","Employment by sex, status in employment and economic activity (thousands)","Male","Status in employment (Aggregate): Total","Economic activity (Aggregate): Not classified","2001",15.358,,,,"Repository: ILO-STATISTICS - Micro data processing"
"Republic of Korea","LFS - Economically Active Population Survey","Employment by sex, status in employment and economic activity (thousands)","Female","Status in employment (Aggregate): Total","Economic activity (Aggregate): Total","2001",9153.712,,,,"Repository: ILO-STATISTICS - Micro data processing"
"Republic of Korea","LFS - Economically Active Population Survey","Employment by sex, status in employment and economic activity (thousands)","Female","Status in employment (Aggregate): Total","Economic activity (Aggregate): Agriculture","2001",1080.463,,,,"Repository: ILO-STATISTICS - Micro data processing"
"Republic of Korea","LFS - Economically Active Population Survey","Employment by sex, status in employment and economic activity (thousands)","Female","Status in employment (Aggregate): Total","Economic activity (Aggregate): Manufacturing","2001",1533.58,,,,"Repository: ILO-STATISTICS - Micro data processing"
"Republic of Korea","LFS - Economically Active Population Survey","Employment by sex, status in employment and economic activity (thousands)","Female","Status in employment (Aggregate): Total","Economic activity (Aggregate): Construction","2001",138.159,,,,"Repository: ILO-STATISTICS - Micro data processing"
"Republic of Korea","LFS - Economically Active Population Survey","Employment by sex, status in employment and economic activity (thousands)","Female","Status in employment (Aggregate): Total","Economic activity (Aggregate): Mining and quarrying; Electricity, gas and water supply","2001",15.169,,,,"Repository: ILO-STATISTICS - Micro data processing"
"Republic of Korea","LFS - Economically Active Population Survey","Employment by sex, status in employment and economic activity (thousands)","Female","Status in employment (Aggregate): Total","Economic activity (Aggregate): Trade, Transportation, Accommodation and Food, and Business and Administrative Services","2001",4244.229,,,,"Repository: ILO-STATISTICS - Micro data processing"
"Republic of Korea","LFS - Economically Active Population Survey","Employment by sex, status in employment and economic activity (thousands)","Female","Status in employment (Aggregate): Total","Economic activity (Aggregate): Public Administration, Community, Social and other Services and Activities","2001",2096.36,,,,"Repository: ILO-STATISTICS - Micro data processing"
"Republic of Korea","LFS - Economically Active Population Survey","Employment by sex, status in employment and economic activity (thousands)","Female","Status in employment (Aggregate): Total","Economic activity (Aggregate): Not classified","2001",45.754,,,,"Repository: ILO-STATISTICS - Micro data processing"
"Republic of Korea","LFS - Economically Active Population Survey","Employment by sex, status in employment and economic activity (thousands)","Total","Status in employment (Aggregate): Total","Economic activity (Aggregate): Total","2000",21377.575,,,,"Repository: ILO-STATISTICS - Micro data processing"
"Republic of Korea","LFS - Economically Active Population Survey","Employment by sex, status in employment and economic activity (thousands)","Total","Status in employment (Aggregate): Total","Economic activity (Aggregate): Agriculture","2000",2337.124,,,,"Repository: ILO-STATISTICS - Micro data processing"
"Republic of Korea","LFS - Economically Active Population Survey","Employment by sex, status in employment and economic activity (thousands)","Total","Status in employment (Aggregate): Total","Economic activity (Aggregate): Manufacturing","2000",4310.25,,,,"Repository: ILO-STATISTICS - Micro data processing"
"Republic of Korea","LFS - Economically Active Population Survey","Employment by sex, status in employment and economic activity (thousands)","Total","Status in employment (Aggregate): Total","Economic activity (Aggregate): Construction","2000",1586.692,,,,"Repository: ILO-STATISTICS - Micro data processing"
"Republic of Korea","LFS - Economically Active Population Survey","Employment by sex, status in employment and economic activity (thousands)","Total","Status in employment (Aggregate): Total","Economic activity (Aggregate): Mining and quarrying; Electricity, gas and water supply","2000",80.969,,,,"Repository: ILO-STATISTICS - Micro data processing"
"Republic of Korea","LFS - Economically Active Population Survey","Employment by sex, status in employment and economic activity (thousands)","Total","Status in employment (Aggregate): Total","Economic activity (Aggregate): Trade, Transportation, Accommodation and Food, and Business and Administrative Services","2000",9157.036,,,,"Repository: ILO-STATISTICS - Micro data processing"
"Republic of Korea","LFS - Economically Active Population Survey","Employment by sex, status in employment and economic activity (thousands)","Total","Status in employment (Aggregate): Total","Economic activity (Aggregate): Public Administration, Community, Social and other Services and Activities","2000",3841.176,,,,"Repository: ILO-STATISTICS - Micro data processing"
"Republic of Korea","LFS - Economically Active Population Survey","Employment by sex, status in employment and economic activity (thousands)","Total","Status in employment (Aggregate): Total","Economic activity (Aggregate): Not classified","2000",64.328,,,,"Repository: ILO-STATISTICS - Micro data processing"
"Republic of Korea","LFS - Economically Active Population Survey","Employment by sex, status in employment and economic activity (thousands)","Male","Status in employment (Aggregate): Total","Economic activity (Aggregate): Total","2000",12457.797,,,,"Repository: ILO-STATISTICS - Micro data processing"
"Republic of Korea","LFS - Economically Active Population Survey","Employment by sex, status in employment and economic activity (thousands)","Male","Status in employment (Aggregate): Total","Economic activity (Aggregate): Agriculture","2000",1205.394,,,,"Repository: ILO-STATISTICS - Micro data processing"
"Republic of Korea","LFS - Economically Active Population Survey","Employment by sex, status in employment and economic activity (thousands)","Male","Status in employment (Aggregate): Total","Economic activity (Aggregate): Manufacturing","2000",2763.03,,,,"Repository: ILO-STATISTICS - Micro data processing"
"Republic of Korea","LFS - Economically Active Population Survey","Employment by sex, status in employment and economic activity (thousands)","Male","Status in employment (Aggregate): Total","Economic activity (Aggregate): Construction","2000",1451.584,,,,"Repository: ILO-STATISTICS - Micro data processing"
"Republic of Korea","LFS - Economically Active Population Survey","Employment by sex, status in employment and economic activity (thousands)","Male","Status in employment (Aggregate): Total","Economic activity (Aggregate): Mining and quarrying; Electricity, gas and water supply","2000",69.822,,,,"Repository: ILO-STATISTICS - Micro data processing"
"Republic of Korea","LFS - Economically Active Population Survey","Employment by sex, status in employment and economic activity (thousands)","Male","Status in employment (Aggregate): Total","Economic activity (Aggregate): Trade, Transportation, Accommodation and Food, and Business and Administrative Services","2000",5080.124,,,,"Repository: ILO-STATISTICS - Micro data processing"
"Republic of Korea","LFS - Economically Active Population Survey","Employment by sex, status in employment and economic activity (thousands)","Male","Status in employment (Aggregate): Total","Economic activity (Aggregate): Public Administration, Community, Social and other Services and Activities","2000",1869.83,,,,"Repository: ILO-STATISTICS - Micro data processing"
"Republic of Korea","LFS - Economically Active Population Survey","Employment by sex, status in employment and economic activity (thousands)","Male","Status in employment (Aggregate): Total","Economic activity (Aggregate): Not classified","2000",18.014,,,,"Repository: ILO-STATISTICS - Micro data processing"
"Republic of Korea","LFS - Economically Active Population Survey","Employment by sex, status in employment and economic activity (thousands)","Female","Status in employment (Aggregate): Total","Economic activity (Aggregate): Total","2000",8919.778,,,,"Repository: ILO-STATISTICS - Micro data processing"
"Republic of Korea","LFS - Economically Active Population Survey","Employment by sex, status in employment and economic activity (thousands)","Female","Status in employment (Aggregate): Total","Economic activity (Aggregate): Agriculture","2000",1131.73,,,,"Repository: ILO-STATISTICS - Micro data processing"
"Republic of Korea","LFS - Economically Active Population Survey","Employment by sex, status in employment and economic activity (thousands)","Female","Status in employment (Aggregate): Total","Economic activity (Aggregate): Manufacturing","2000",1547.22,,,,"Repository: ILO-STATISTICS - Micro data processing"
"Republic of Korea","LFS - Economically Active Population Survey","Employment by sex, status in employment and economic activity (thousands)","Female","Status in employment (Aggregate): Total","Economic activity (Aggregate): Construction","2000",135.108,,,,"Repository: ILO-STATISTICS - Micro data processing"
"Republic of Korea","LFS - Economically Active Population Survey","Employment by sex, status in employment and economic activity (thousands)","Female","Status in employment (Aggregate): Total","Economic activity (Aggregate): Mining and quarrying; Electricity, gas and water supply","2000",11.147,,,,"Repository: ILO-STATISTICS - Micro data processing"
"Republic of Korea","LFS - Economically Active Population Survey","Employment by sex, status in employment and economic activity (thousands)","Female","Status in employment (Aggregate): Total","Economic activity (Aggregate): Trade, Transportation, Accommodation and Food, and Business and Administrative Services","2000",4076.912,,,,"Repository: ILO-STATISTICS - Micro data processing"
"Republic of Korea","LFS - Economically Active Population Survey","Employment by sex, status in employment and economic activity (thousands)","Female","Status in employment (Aggregate): Total","Economic activity (Aggregate): Public Administration, Community, Social and other Services and Activities","2000",1971.347,,,,"Repository: ILO-STATISTICS - Micro data processing"
"Republic of Korea","LFS - Economically Active Population Survey","Employment by sex, status in employment and economic activity (thousands)","Female","Status in employment (Aggregate): Total","Economic activity (Aggregate): Not classified","2000",46.314,,,,"Repository: ILO-STATISTICS - Micro data processing"
"Malaysia","PC - Population and Housing Census","Employment by sex, status in employment and economic activity (thousands)","Total","Status in employment (Aggregate): Total","Economic activity (Aggregate): Total","2000",8089.05,,,,"Repository: ILO-STATISTICS - Micro data processing"
"Malaysia","PC - Population and Housing Census","Employment by sex, status in employment and economic activity (thousands)","Total","Status in employment (Aggregate): Total","Economic activity (Aggregate): Agriculture","2000",1276.6,,,,"Repository: ILO-STATISTICS - Micro data processing"
"Malaysia","PC - Population and Housing Census","Employment by sex, status in employment and economic activity (thousands)","Total","Status in employment (Aggregate): Total","Economic activity (Aggregate): Manufacturing","2000",1703.5,,,,"Repository: ILO-STATISTICS - Micro data processing"
"Malaysia","PC - Population and Housing Census","Employment by sex, status in employment and economic activity (thousands)","Total","Status in employment (Aggregate): Total","Economic activity (Aggregate): Construction","2000",563.05,,,,"Repository: ILO-STATISTICS - Micro data processing"
"Malaysia","PC - Population and Housing Census","Employment by sex, status in employment and economic activity (thousands)","Total","Status in employment (Aggregate): Total","Economic activity (Aggregate): Mining and quarrying; Electricity, gas and water supply","2000",80.55,,,,"Repository: ILO-STATISTICS - Micro data processing"
"Malaysia","PC - Population and Housing Census","Employment by sex, status in employment and economic activity (thousands)","Total","Status in employment (Aggregate): Total","Economic activity (Aggregate): Trade, Transportation, Accommodation and Food, and Business and Administrative Services","2000",2180.55,,,,"Repository: ILO-STATISTICS - Micro data processing"
"Malaysia","PC - Population and Housing Census","Employment by sex, status in employment and economic activity (thousands)","Total","Status in employment (Aggregate): Total","Economic activity (Aggregate): Public Administration, Community, Social and other Services and Activities","2000",1983.7,,,,"Repository: ILO-STATISTICS - Micro data processing"
"Malaysia","PC - Population and Housing Census","Employment by sex, status in employment and economic activity (thousands)","Total","Status in employment (Aggregate): Total","Economic activity (Aggregate): Not classified","2000",301.1,,,,"Repository: ILO-STATISTICS - Micro data processing"
"Malaysia","PC - Population and Housing Census","Employment by sex, status in employment and economic activity (thousands)","Male","Status in employment (Aggregate): Total","Economic activity (Aggregate): Total","2000",5407.75,,,,"Repository: ILO-STATISTICS - Micro data processing"
"Malaysia","PC - Population and Housing Census","Employment by sex, status in employment and economic activity (thousands)","Male","Status in employment (Aggregate): Total","Economic activity (Aggregate): Agriculture","2000",998.6,,,,"Repository: ILO-STATISTICS - Micro data processing"
"Malaysia","PC - Population and Housing Census","Employment by sex, status in employment and economic activity (thousands)","Male","Status in employment (Aggregate): Total","Economic activity (Aggregate): Manufacturing","2000",989.2,,,,"Repository: ILO-STATISTICS - Micro data processing"
"Malaysia","PC - Population and Housing Census","Employment by sex, status in employment and economic activity (thousands)","Male","Status in employment (Aggregate): Total","Economic activity (Aggregate): Construction","2000",529.55,,,,"Repository: ILO-STATISTICS - Micro data processing"
"Malaysia","PC - Population and Housing Census","Employment by sex, status in employment and economic activity (thousands)","Male","Status in employment (Aggregate): Total","Economic activity (Aggregate): Mining and quarrying; Electricity, gas and water supply","2000",69.9,,,,"Repository: ILO-STATISTICS - Micro data processing"
"Malaysia","PC - Population and Housing Census","Employment by sex, status in employment and economic activity (thousands)","Male","Status in employment (Aggregate): Total","Economic activity (Aggregate): Trade, Transportation, Accommodation and Food, and Business and Administrative Services","2000",1526.4,,,,"Repository: ILO-STATISTICS - Micro data processing"
"Malaysia","PC - Population and Housing Census","Employment by sex, status in employment and economic activity (thousands)","Male","Status in employment (Aggregate): Total","Economic activity (Aggregate): Public Administration, Community, Social and other Services and Activities","2000",1083.4,,,,"Repository: ILO-STATISTICS - Micro data processing"
"Malaysia","PC - Population and Housing Census","Employment by sex, status in employment and economic activity (thousands)","Male","Status in employment (Aggregate): Total","Economic activity (Aggregate): Not classified","2000",210.7,,,,"Repository: ILO-STATISTICS - Micro data processing"
"Malaysia","PC - Population and Housing Census","Employment by sex, status in employment and economic activity (thousands)","Female","Status in employment (Aggregate): Total","Economic activity (Aggregate): Total","2000",2681.3,,,,"Repository: ILO-STATISTICS - Micro data processing"
"Malaysia","PC - Population and Housing Census","Employment by sex, status in employment and economic activity (thousands)","Female","Status in employment (Aggregate): Total","Economic activity (Aggregate): Agriculture","2000",278,,,,"Repository: ILO-STATISTICS - Micro data processing"
"Malaysia","PC - Population and Housing Census","Employment by sex, status in employment and economic activity (thousands)","Female","Status in employment (Aggregate): Total","Economic activity (Aggregate): Manufacturing","2000",714.3,,,,"Repository: ILO-STATISTICS - Micro data processing"
"Malaysia","PC - Population and Housing Census","Employment by sex, status in employment and economic activity (thousands)","Female","Status in employment (Aggregate): Total","Economic activity (Aggregate): Construction","2000",33.5,,,,"Repository: ILO-STATISTICS - Micro data processing"
"Malaysia","PC - Population and Housing Census","Employment by sex, status in employment and economic activity (thousands)","Female","Status in employment (Aggregate): Total","Economic activity (Aggregate): Mining and quarrying; Electricity, gas and water supply","2000",10.65,,,,"Repository: ILO-STATISTICS - Micro data processing"
"Malaysia","PC - Population and Housing Census","Employment by sex, status in employment and economic activity (thousands)","Female","Status in employment (Aggregate): Total","Economic activity (Aggregate): Trade, Transportation, Accommodation and Food, and Business and Administrative Services","2000",654.15,,,,"Repository: ILO-STATISTICS - Micro data processing"
"Malaysia","PC - Population and Housing Census","Employment by sex, status in employment and economic activity (thousands)","Female","Status in employment (Aggregate): Total","Economic activity (Aggregate): Public Administration, Community, Social and other Services and Activities","2000",900.3,,,,"Repository: ILO-STATISTICS - Micro data processing"
"Malaysia","PC - Population and Housing Census","Employment by sex, status in employment and economic activity (thousands)","Female","Status in employment (Aggregate): Total","Economic activity (Aggregate): Not classified","2000",90.4,,,,"Repository: ILO-STATISTICS - Micro data processing"
"Philippines","LFS - Labour Force Survey","Employment by sex, status in employment and economic activity (thousands)","Total","Status in employment (Aggregate): Total","Economic activity (Aggregate): Total","2023",46938.519,,,,"Repository: ILO-STATISTICS - Micro data processing"
"Philippines","LFS - Labour Force Survey","Employment by sex, status in employment and economic activity (thousands)","Total","Status in employment (Aggregate): Total","Economic activity (Aggregate): Agriculture","2023",10200.344,,,,"Repository: ILO-STATISTICS - Micro data processing"
"Philippines","LFS - Labour Force Survey","Employment by sex, status in employment and economic activity (thousands)","Total","Status in employment (Aggregate): Total","Economic activity (Aggregate): Manufacturing","2023",3585.147,,,,"Repository: ILO-STATISTICS - Micro data processing"
"Philippines","LFS - Labour Force Survey","Employment by sex, status in employment and economic activity (thousands)","Total","Status in employment (Aggregate): Total","Economic activity (Aggregate): Construction","2023",4370.272,,,,"Repository: ILO-STATISTICS - Micro data processing"
"Philippines","LFS - Labour Force Survey","Employment by sex, status in employment and economic activity (thousands)","Total","Status in employment (Aggregate): Total","Economic activity (Aggregate): Mining and quarrying; Electricity, gas and water supply","2023",376.368,,,,"Repository: ILO-STATISTICS - Micro data processing"
"Philippines","LFS - Labour Force Survey","Employment by sex, status in employment and economic activity (thousands)","Total","Status in employment (Aggregate): Total","Economic activity (Aggregate): Trade, Transportation, Accommodation and Food, and Business and Administrative Services","2023",19974.295,,,,"Repository: ILO-STATISTICS - Micro data processing"
"Philippines","LFS - Labour Force Survey","Employment by sex, status in employment and economic activity (thousands)","Total","Status in employment (Aggregate): Total","Economic activity (Aggregate): Public Administration, Community, Social and other Services and Activities","2023",8432.093,,,,"Repository: ILO-STATISTICS - Micro data processing"
"Philippines","LFS - Labour Force Survey","Employment by sex, status in employment and economic activity (thousands)","Male","Status in employment (Aggregate): Total","Economic activity (Aggregate): Total","2023",27643.775,,,,"Repository: ILO-STATISTICS - Micro data processing"
"Philippines","LFS - Labour Force Survey","Employment by sex, status in employment and economic activity (thousands)","Male","Status in employment (Aggregate): Total","Economic activity (Aggregate): Agriculture","2023",7489.935,,,,"Repository: ILO-STATISTICS - Micro data processing"
"Philippines","LFS - Labour Force Survey","Employment by sex, status in employment and economic activity (thousands)","Male","Status in employment (Aggregate): Total","Economic activity (Aggregate): Manufacturing","2023",2107.043,,,,"Repository: ILO-STATISTICS - Micro data processing"
"Philippines","LFS - Labour Force Survey","Employment by sex, status in employment and economic activity (thousands)","Male","Status in employment (Aggregate): Total","Economic activity (Aggregate): Construction","2023",4263.934,,,,"Repository: ILO-STATISTICS - Micro data processing"
"Philippines","LFS - Labour Force Survey","Employment by sex, status in employment and economic activity (thousands)","Male","Status in employment (Aggregate): Total","Economic activity (Aggregate): Mining and quarrying; Electricity, gas and water supply","2023",334.565,,,,"Repository: ILO-STATISTICS - Micro data processing"
"Philippines","LFS - Labour Force Survey","Employment by sex, status in employment and economic activity (thousands)","Male","Status in employment (Aggregate): Total","Economic activity (Aggregate): Trade, Transportation, Accommodation and Food, and Business and Administrative Services","2023",10351.819,,,,"Repository: ILO-STATISTICS - Micro data processing"
"Philippines","LFS - Labour Force Survey","Employment by sex, status in employment and economic activity (thousands)","Male","Status in employment (Aggregate): Total","Economic activity (Aggregate): Public Administration, Community, Social and other Services and Activities","2023",3096.48,,,,"Repository: ILO-STATISTICS - Micro data processing"
"Philippines","LFS - Labour Force Survey","Employment by sex, status in employment and economic activity (thousands)","Female","Status in employment (Aggregate): Total","Economic activity (Aggregate): Total","2023",19294.744,,,,"Repository: ILO-STATISTICS - Micro data processing"
"Philippines","LFS - Labour Force Survey","Employment by sex, status in employment and economic activity (thousands)","Female","Status in employment (Aggregate): Total","Economic activity (Aggregate): Agriculture","2023",2710.409,,,,"Repository: ILO-STATISTICS - Micro data processing"
"Philippines","LFS - Labour Force Survey","Employment by sex, status in employment and economic activity (thousands)","Female","Status in employment (Aggregate): Total","Economic activity (Aggregate): Manufacturing","2023",1478.103,,,,"Repository: ILO-STATISTICS - Micro data processing"
"Philippines","LFS - Labour Force Survey","Employment by sex, status in employment and economic activity (thousands)","Female","Status in employment (Aggregate): Total","Economic activity (Aggregate): Construction","2023",106.339,,,,"Repository: ILO-STATISTICS - Micro data processing"
"Philippines","LFS - Labour Force Survey","Employment by sex, status in employment and economic activity (thousands)","Female","Status in employment (Aggregate): Total","Economic activity (Aggregate): Mining and quarrying; Electricity, gas and water supply","2023",41.803,,,,"Repository: ILO-STATISTICS - Micro data processing"
"Philippines","LFS - Labour Force Survey","Employment by sex, status in employment and economic activity (thousands)","Female","Status in employment (Aggregate): Total","Economic activity (Aggregate): Trade, Transportation, Accommodation and Food, and Business and Administrative Services","2023",9622.476,,,,"Repository: ILO-STATISTICS - Micro data processing"
"Philippines","LFS - Labour Force Survey","Employment by sex, status in employment and economic activity (thousands)","Female","Status in employment (Aggregate): Total","Economic activity (Aggregate): Public Administration, Community, Social and other Services and Activities","2023",5335.614,,,,"Repository: ILO-STATISTICS - Micro data processing"
"Philippines","LFS - Labour Force Survey","Employment by sex, status in employment and economic activity (thousands)","Total","Status in employment (Aggregate): Total","Economic activity (Aggregate): Total","2022",45837.52,,,,"Repository: ILO-STATISTICS - Micro data processing"
"Philippines","LFS - Labour Force Survey","Employment by sex, status in employment and economic activity (thousands)","Total","Status in employment (Aggregate): Total","Economic activity (Aggregate): Agriculture","2022",10467.618,,,,"Repository: ILO-STATISTICS - Micro data processing"
"Philippines","LFS - Labour Force Survey","Employment by sex, status in employment and economic activity (thousands)","Total","Status in employment (Aggregate): Total","Economic activity (Aggregate): Manufacturing","2022",3616.501,,,,"Repository: ILO-STATISTICS - Micro data processing"
"Philippines","LFS - Labour Force Survey","Employment by sex, status in employment and economic activity (thousands)","Total","Status in employment (Aggregate): Total","Economic activity (Aggregate): Construction","2022",4459.584,,,,"Repository: ILO-STATISTICS - Micro data processing"
"Philippines","LFS - Labour Force Survey","Employment by sex, status in employment and economic activity (thousands)","Total","Status in employment (Aggregate): Total","Economic activity (Aggregate): Mining and quarrying; Electricity, gas and water supply","2022",378.282,,,,"Repository: ILO-STATISTICS - Micro data processing"
"Philippines","LFS - Labour Force Survey","Employment by sex, status in employment and economic activity (thousands)","Total","Status in employment (Aggregate): Total","Economic activity (Aggregate): Trade, Transportation, Accommodation and Food, and Business and Administrative Services","2022",18804.786,,,,"Repository: ILO-STATISTICS - Micro data processing"
"Philippines","LFS - Labour Force Survey","Employment by sex, status in employment and economic activity (thousands)","Total","Status in employment (Aggregate): Total","Economic activity (Aggregate): Public Administration, Community, Social and other Services and Activities","2022",8110.749,,,,"Repository: ILO-STATISTICS - Micro data processing"
"Philippines","LFS - Labour Force Survey","Employment by sex, status in employment and economic activity (thousands)","Male","Status in employment (Aggregate): Total","Economic activity (Aggregate): Total","2022",27226.57,,,,"Repository: ILO-STATISTICS - Micro data processing"
"Philippines","LFS - Labour Force Survey","Employment by sex, status in employment and economic activity (thousands)","Male","Status in employment (Aggregate): Total","Economic activity (Aggregate): Agriculture","2022",7701.349,,,,"Repository: ILO-STATISTICS - Micro data processing"
"Philippines","LFS - Labour Force Survey","Employment by sex, status in employment and economic activity (thousands)","Male","Status in employment (Aggregate): Total","Economic activity (Aggregate): Manufacturing","2022",2148.252,,,,"Repository: ILO-STATISTICS - Micro data processing"
"Philippines","LFS - Labour Force Survey","Employment by sex, status in employment and economic activity (thousands)","Male","Status in employment (Aggregate): Total","Economic activity (Aggregate): Construction","2022",4358.398,,,,"Repository: ILO-STATISTICS - Micro data processing"
"Philippines","LFS - Labour Force Survey","Employment by sex, status in employment and economic activity (thousands)","Male","Status in employment (Aggregate): Total","Economic activity (Aggregate): Mining and quarrying; Electricity, gas and water supply","2022",326.553,,,,"Repository: ILO-STATISTICS - Micro data processing"
"Philippines","LFS - Labour Force Survey","Employment by sex, status in employment and economic activity (thousands)","Male","Status in employment (Aggregate): Total","Economic activity (Aggregate): Trade, Transportation, Accommodation and Food, and Business and Administrative Services","2022",9650.06,,,,"Repository: ILO-STATISTICS - Micro data processing"
"Philippines","LFS - Labour Force Survey","Employment by sex, status in employment and economic activity (thousands)","Male","Status in employment (Aggregate): Total","Economic activity (Aggregate): Public Administration, Community, Social and other Services and Activities","2022",3041.958,,,,"Repository: ILO-STATISTICS - Micro data processing"
"Philippines","LFS - Labour Force Survey","Employment by sex, status in employment and economic activity (thousands)","Female","Status in employment (Aggregate): Total","Economic activity (Aggregate): Total","2022",18610.949,,,,"Repository: ILO-STATISTICS - Micro data processing"
"Philippines","LFS - Labour Force Survey","Employment by sex, status in employment and economic activity (thousands)","Female","Status in employment (Aggregate): Total","Economic activity (Aggregate): Agriculture","2022",2766.269,,,,"Repository: ILO-STATISTICS - Micro data processing"
"Philippines","LFS - Labour Force Survey","Employment by sex, status in employment and economic activity (thousands)","Female","Status in employment (Aggregate): Total","Economic activity (Aggregate): Manufacturing","2022",1468.249,,,,"Repository: ILO-STATISTICS - Micro data processing"
"Philippines","LFS - Labour Force Survey","Employment by sex, status in employment and economic activity (thousands)","Female","Status in employment (Aggregate): Total","Economic activity (Aggregate): Construction","2022",101.186,,,,"Repository: ILO-STATISTICS - Micro data processing"
"Philippines","LFS - Labour Force Survey","Employment by sex, status in employment and economic activity (thousands)","Female","Status in employment (Aggregate): Total","Economic activity (Aggregate): Mining and quarrying; Electricity, gas and water supply","2022",51.728,,,,"Repository: ILO-STATISTICS - Micro data processing"
"Philippines","LFS - Labour Force Survey","Employment by sex, status in employment and economic activity (thousands)","Female","Status in employment (Aggregate): Total","Economic activity (Aggregate): Trade, Transportation, Accommodation and Food, and Business and Administrative Services","2022",9154.726,,,,"Repository: ILO-STATISTICS - Micro data processing"
"Philippines","LFS - Labour Force Survey","Employment by sex, status in employment and economic activity (thousands)","Female","Status in employment (Aggregate): Total","Economic activity (Aggregate): Public Administration, Community, Social and other Services and Activities","2022",5068.791,,,,"Repository: ILO-STATISTICS - Micro data processing"
"Philippines","LFS - Labour Force Survey","Employment by sex, status in employment and economic activity (thousands)","Total","Status in employment (Aggregate): Total","Economic activity (Aggregate): Total","2021",41060.149,"Break in series",,"Break in series: Methodology revised","Repository: ILO-STATISTICS - Micro data processing"
"Philippines","LFS - Labour Force Survey","Employment by sex, status in employment and economic activity (thousands)","Total","Status in employment (Aggregate): Total","Economic activity (Aggregate): Agriculture","2021",9988.089,"Break in series",,"Break in series: Methodology revised","Repository: ILO-STATISTICS - Micro data processing"
"Philippines","LFS - Labour Force Survey","Employment by sex, status in employment and economic activity (thousands)","Total","Status in employment (Aggregate): Total","Economic activity (Aggregate): Manufacturing","2021",3251.656,"Break in series",,"Break in series: Methodology revised","Repository: ILO-STATISTICS - Micro data processing"
"Philippines","LFS - Labour Force Survey","Employment by sex, status in employment and economic activity (thousands)","Total","Status in employment (Aggregate): Total","Economic activity (Aggregate): Construction","2021",4159.709,"Break in series",,"Break in series: Methodology revised","Repository: ILO-STATISTICS - Micro data processing"
"Philippines","LFS - Labour Force Survey","Employment by sex, status in employment and economic activity (thousands)","Total","Status in employment (Aggregate): Total","Economic activity (Aggregate): Mining and quarrying; Electricity, gas and water supply","2021",334.294,"Break in series",,"Break in series: Methodology revised","Repository: ILO-STATISTICS - Micro data processing"
"Philippines","LFS - Labour Force Survey","Employment by sex, status in employment and economic activity (thousands)","Total","Status in employment (Aggregate): Total","Economic activity (Aggregate): Trade, Transportation, Accommodation and Food, and Business and Administrative Services","2021",16075.14,"Break in series",,"Break in series: Methodology revised","Repository: ILO-STATISTICS - Micro data processing"
"Philippines","LFS - Labour Force Survey","Employment by sex, status in employment and economic activity (thousands)","Total","Status in employment (Aggregate): Total","Economic activity (Aggregate): Public Administration, Community, Social and other Services and Activities","2021",7251.26,"Break in series",,"Break in series: Methodology revised","Repository: ILO-STATISTICS - Micro data processing"
"Philippines","LFS - Labour Force Survey","Employment by sex, status in employment and economic activity (thousands)","Male","Status in employment (Aggregate): Total","Economic activity (Aggregate): Total","2021",25191.044,"Break in series",,"Break in series: Methodology revised","Repository: ILO-STATISTICS - Micro data processing"
"Philippines","LFS - Labour Force Survey","Employment by sex, status in employment and economic activity (thousands)","Male","Status in employment (Aggregate): Total","Economic activity (Aggregate): Agriculture","2021",7555.996,"Break in series",,"Break in series: Methodology revised","Repository: ILO-STATISTICS - Micro data processing"
"Philippines","LFS - Labour Force Survey","Employment by sex, status in employment and economic activity (thousands)","Male","Status in employment (Aggregate): Total","Economic activity (Aggregate): Manufacturing","2021",1999.769,"Break in series",,"Break in series: Methodology revised","Repository: ILO-STATISTICS - Micro data processing"
"Philippines","LFS - Labour Force Survey","Employment by sex, status in employment and economic activity (thousands)","Male","Status in employment (Aggregate): Total","Economic activity (Aggregate): Construction","2021",4077.494,"Break in series",,"Break in series: Methodology revised","Repository: ILO-STATISTICS - Micro data processing"
"Philippines","LFS - Labour Force Survey","Employment by sex, status in employment and economic activity (thousands)","Male","Status in employment (Aggregate): Total","Economic activity (Aggregate): Mining and quarrying; Electricity, gas and water supply","2021",290.301,"Break in series",,"Break in series: Methodology revised","Repository: ILO-STATISTICS - Micro data processing"
"Philippines","LFS - Labour Force Survey","Employment by sex, status in employment and economic activity (thousands)","Male","Status in employment (Aggregate): Total","Economic activity (Aggregate): Trade, Transportation, Accommodation and Food, and Business and Administrative Services","2021",8513.93,"Break in series",,"Break in series: Methodology revised","Repository: ILO-STATISTICS - Micro data processing"
"Philippines","LFS - Labour Force Survey","Employment by sex, status in employment and economic activity (thousands)","Male","Status in employment (Aggregate): Total","Economic activity (Aggregate): Public Administration, Community, Social and other Services and Activities","2021",2753.555,"Break in series",,"Break in series: Methodology revised","Repository: ILO-STATISTICS - Micro data processing"
"Philippines","LFS - Labour Force Survey","Employment by sex, status in employment and economic activity (thousands)","Female","Status in employment (Aggregate): Total","Economic activity (Aggregate): Total","2021",15869.104,"Break in series",,"Break in series: Methodology revised","Repository: ILO-STATISTICS - Micro data processing"
"Philippines","LFS - Labour Force Survey","Employment by sex, status in employment and economic activity (thousands)","Female","Status in employment (Aggregate): Total","Economic activity (Aggregate): Agriculture","2021",2432.093,"Break in series",,"Break in series: Methodology revised","Repository: ILO-STATISTICS - Micro data processing"
"Philippines","LFS - Labour Force Survey","Employment by sex, status in employment and economic activity (thousands)","Female","Status in employment (Aggregate): Total","Economic activity (Aggregate): Manufacturing","2021",1251.887,"Break in series",,"Break in series: Methodology revised","Repository: ILO-STATISTICS - Micro data processing"
"Philippines","LFS - Labour Force Survey","Employment by sex, status in employment and economic activity (thousands)","Female","Status in employment (Aggregate): Total","Economic activity (Aggregate): Construction","2021",82.215,"Break in series",,"Break in series: Methodology revised","Repository: ILO-STATISTICS - Micro data processing"
"Philippines","LFS - Labour Force Survey","Employment by sex, status in employment and economic activity (thousands)","Female","Status in employment (Aggregate): Total","Economic activity (Aggregate): Mining and quarrying; Electricity, gas and water supply","2021",43.994,"Break in series",,"Break in series: Methodology revised","Repository: ILO-STATISTICS - Micro data processing"
"Philippines","LFS - Labour Force Survey","Employment by sex, status in employment and economic activity (thousands)","Female","Status in employment (Aggregate): Total","Economic activity (Aggregate): Trade, Transportation, Accommodation and Food, and Business and Administrative Services","2021",7561.211,"Break in series",,"Break in series: Methodology revised","Repository: ILO-STATISTICS - Micro data processing"
"Philippines","LFS - Labour Force Survey","Employment by sex, status in employment and economic activity (thousands)","Female","Status in employment (Aggregate): Total","Economic activity (Aggregate): Public Administration, Community, Social and other Services and Activities","2021",4497.705,"Break in series",,"Break in series: Methodology revised","Repository: ILO-STATISTICS - Micro data processing"
"Philippines","LFS - Labour Force Survey","Employment by sex, status in employment and economic activity (thousands)","Total","Status in employment (Aggregate): Total","Economic activity (Aggregate): Total","2020",39377.842,,,,"Repository: ILO-STATISTICS - Micro data processing"
"Philippines","LFS - Labour Force Survey","Employment by sex, status in employment and economic activity (thousands)","Total","Status in employment (Aggregate): Total","Economic activity (Aggregate): Agriculture","2020",9753.683,,,,"Repository: ILO-STATISTICS - Micro data processing"
"Philippines","LFS - Labour Force Survey","Employment by sex, status in employment and economic activity (thousands)","Total","Status in employment (Aggregate): Total","Economic activity (Aggregate): Manufacturing","2020",3183.696,,,,"Repository: ILO-STATISTICS - Micro data processing"
"Philippines","LFS - Labour Force Survey","Employment by sex, status in employment and economic activity (thousands)","Total","Status in employment (Aggregate): Total","Economic activity (Aggregate): Construction","2020",3699.561,,,,"Repository: ILO-STATISTICS - Micro data processing"
"Philippines","LFS - Labour Force Survey","Employment by sex, status in employment and economic activity (thousands)","Total","Status in employment (Aggregate): Total","Economic activity (Aggregate): Mining and quarrying; Electricity, gas and water supply","2020",323.048,,,,"Repository: ILO-STATISTICS - Micro data processing"
"Philippines","LFS - Labour Force Survey","Employment by sex, status in employment and economic activity (thousands)","Total","Status in employment (Aggregate): Total","Economic activity (Aggregate): Trade, Transportation, Accommodation and Food, and Business and Administrative Services","2020",15448.118,,,,"Repository: ILO-STATISTICS - Micro data processing"
"Philippines","LFS - Labour Force Survey","Employment by sex, status in employment and economic activity (thousands)","Total","Status in employment (Aggregate): Total","Economic activity (Aggregate): Public Administration, Community, Social and other Services and Activities","2020",6969.736,,,,"Repository: ILO-STATISTICS - Micro data processing"
"Philippines","LFS - Labour Force Survey","Employment by sex, status in employment and economic activity (thousands)","Male","Status in employment (Aggregate): Total","Economic activity (Aggregate): Total","2020",24179.071,,,,"Repository: ILO-STATISTICS - Micro data processing"
"Philippines","LFS - Labour Force Survey","Employment by sex, status in employment and economic activity (thousands)","Male","Status in employment (Aggregate): Total","Economic activity (Aggregate): Agriculture","2020",7481.378,,,,"Repository: ILO-STATISTICS - Micro data processing"
"Philippines","LFS - Labour Force Survey","Employment by sex, status in employment and economic activity (thousands)","Male","Status in employment (Aggregate): Total","Economic activity (Aggregate): Manufacturing","2020",1920.305,,,,"Repository: ILO-STATISTICS - Micro data processing"
"Philippines","LFS - Labour Force Survey","Employment by sex, status in employment and economic activity (thousands)","Male","Status in employment (Aggregate): Total","Economic activity (Aggregate): Construction","2020",3612.239,,,,"Repository: ILO-STATISTICS - Micro data processing"
"Philippines","LFS - Labour Force Survey","Employment by sex, status in employment and economic activity (thousands)","Male","Status in employment (Aggregate): Total","Economic activity (Aggregate): Mining and quarrying; Electricity, gas and water supply","2020",285.655,,,,"Repository: ILO-STATISTICS - Micro data processing"
"Philippines","LFS - Labour Force Survey","Employment by sex, status in employment and economic activity (thousands)","Male","Status in employment (Aggregate): Total","Economic activity (Aggregate): Trade, Transportation, Accommodation and Food, and Business and Administrative Services","2020",8275.186,,,,"Repository: ILO-STATISTICS - Micro data processing"
"Philippines","LFS - Labour Force Survey","Employment by sex, status in employment and economic activity (thousands)","Male","Status in employment (Aggregate): Total","Economic activity (Aggregate): Public Administration, Community, Social and other Services and Activities","2020",2604.308,,,,"Repository: ILO-STATISTICS - Micro data processing"
"Philippines","LFS - Labour Force Survey","Employment by sex, status in employment and economic activity (thousands)","Female","Status in employment (Aggregate): Total","Economic activity (Aggregate): Total","2020",15198.771,,,,"Repository: ILO-STATISTICS - Micro data processing"
"Philippines","LFS - Labour Force Survey","Employment by sex, status in employment and economic activity (thousands)","Female","Status in employment (Aggregate): Total","Economic activity (Aggregate): Agriculture","2020",2272.305,,,,"Repository: ILO-STATISTICS - Micro data processing"
"Philippines","LFS - Labour Force Survey","Employment by sex, status in employment and economic activity (thousands)","Female","Status in employment (Aggregate): Total","Economic activity (Aggregate): Manufacturing","2020",1263.391,,,,"Repository: ILO-STATISTICS - Micro data processing"
"Philippines","LFS - Labour Force Survey","Employment by sex, status in employment and economic activity (thousands)","Female","Status in employment (Aggregate): Total","Economic activity (Aggregate): Construction","2020",87.323,,,,"Repository: ILO-STATISTICS - Micro data processing"
"Philippines","LFS - Labour Force Survey","Employment by sex, status in employment and economic activity (thousands)","Female","Status in employment (Aggregate): Total","Economic activity (Aggregate): Mining and quarrying; Electricity, gas and water supply","2020",37.393,,,,"Repository: ILO-STATISTICS - Micro data processing"
"Philippines","LFS - Labour Force Survey","Employment by sex, status in employment and economic activity (thousands)","Female","Status in employment (Aggregate): Total","Economic activity (Aggregate): Trade, Transportation, Accommodation and Food, and Business and Administrative Services","2020",7172.932,,,,"Repository: ILO-STATISTICS - Micro data processing"
"Philippines","LFS - Labour Force Survey","Employment by sex, status in employment and economic activity (thousands)","Female","Status in employment (Aggregate): Total","Economic activity (Aggregate): Public Administration, Community, Social and other Services and Activities","2020",4365.428,,,,"Repository: ILO-STATISTICS - Micro data processing"
"Philippines","LFS - Labour Force Survey","Employment by sex, status in employment and economic activity (thousands)","Total","Status in employment (Aggregate): Total","Economic activity (Aggregate): Total","2019",42428.367,,,,"Repository: ILO-STATISTICS - Micro data processing"
"Philippines","LFS - Labour Force Survey","Employment by sex, status in employment and economic activity (thousands)","Total","Status in employment (Aggregate): Total","Economic activity (Aggregate): Agriculture","2019",9698.304,,,,"Repository: ILO-STATISTICS - Micro data processing"
"Philippines","LFS - Labour Force Survey","Employment by sex, status in employment and economic activity (thousands)","Total","Status in employment (Aggregate): Total","Economic activity (Aggregate): Manufacturing","2019",3618.174,,,,"Repository: ILO-STATISTICS - Micro data processing"
"Philippines","LFS - Labour Force Survey","Employment by sex, status in employment and economic activity (thousands)","Total","Status in employment (Aggregate): Total","Economic activity (Aggregate): Construction","2019",4152.742,,,,"Repository: ILO-STATISTICS - Micro data processing"
"Philippines","LFS - Labour Force Survey","Employment by sex, status in employment and economic activity (thousands)","Total","Status in employment (Aggregate): Total","Economic activity (Aggregate): Mining and quarrying; Electricity, gas and water supply","2019",339.81,,,,"Repository: ILO-STATISTICS - Micro data processing"
"Philippines","LFS - Labour Force Survey","Employment by sex, status in employment and economic activity (thousands)","Total","Status in employment (Aggregate): Total","Economic activity (Aggregate): Trade, Transportation, Accommodation and Food, and Business and Administrative Services","2019",17002.371,,,,"Repository: ILO-STATISTICS - Micro data processing"
"Philippines","LFS - Labour Force Survey","Employment by sex, status in employment and economic activity (thousands)","Total","Status in employment (Aggregate): Total","Economic activity (Aggregate): Public Administration, Community, Social and other Services and Activities","2019",7616.966,,,,"Repository: ILO-STATISTICS - Micro data processing"
"Philippines","LFS - Labour Force Survey","Employment by sex, status in employment and economic activity (thousands)","Male","Status in employment (Aggregate): Total","Economic activity (Aggregate): Total","2019",25983.529,,,,"Repository: ILO-STATISTICS - Micro data processing"
"Philippines","LFS - Labour Force Survey","Employment by sex, status in employment and economic activity (thousands)","Male","Status in employment (Aggregate): Total","Economic activity (Aggregate): Agriculture","2019",7458.617,,,,"Repository: ILO-STATISTICS - Micro data processing"
"Philippines","LFS - Labour Force Survey","Employment by sex, status in employment and economic activity (thousands)","Male","Status in employment (Aggregate): Total","Economic activity (Aggregate): Manufacturing","2019",2149.958,,,,"Repository: ILO-STATISTICS - Micro data processing"
"Philippines","LFS - Labour Force Survey","Employment by sex, status in employment and economic activity (thousands)","Male","Status in employment (Aggregate): Total","Economic activity (Aggregate): Construction","2019",4066.04,,,,"Repository: ILO-STATISTICS - Micro data processing"
"Philippines","LFS - Labour Force Survey","Employment by sex, status in employment and economic activity (thousands)","Male","Status in employment (Aggregate): Total","Economic activity (Aggregate): Mining and quarrying; Electricity, gas and water supply","2019",299.782,,,,"Repository: ILO-STATISTICS - Micro data processing"
"Philippines","LFS - Labour Force Survey","Employment by sex, status in employment and economic activity (thousands)","Male","Status in employment (Aggregate): Total","Economic activity (Aggregate): Trade, Transportation, Accommodation and Food, and Business and Administrative Services","2019",9192.707,,,,"Repository: ILO-STATISTICS - Micro data processing"
"Philippines","LFS - Labour Force Survey","Employment by sex, status in employment and economic activity (thousands)","Male","Status in employment (Aggregate): Total","Economic activity (Aggregate): Public Administration, Community, Social and other Services and Activities","2019",2816.424,,,,"Repository: ILO-STATISTICS - Micro data processing"
"Philippines","LFS - Labour Force Survey","Employment by sex, status in employment and economic activity (thousands)","Female","Status in employment (Aggregate): Total","Economic activity (Aggregate): Total","2019",16444.838,,,,"Repository: ILO-STATISTICS - Micro data processing"
"Philippines","LFS - Labour Force Survey","Employment by sex, status in employment and economic activity (thousands)","Female","Status in employment (Aggregate): Total","Economic activity (Aggregate): Agriculture","2019",2239.687,,,,"Repository: ILO-STATISTICS - Micro data processing"
"Philippines","LFS - Labour Force Survey","Employment by sex, status in employment and economic activity (thousands)","Female","Status in employment (Aggregate): Total","Economic activity (Aggregate): Manufacturing","2019",1468.216,,,,"Repository: ILO-STATISTICS - Micro data processing"
"Philippines","LFS - Labour Force Survey","Employment by sex, status in employment and economic activity (thousands)","Female","Status in employment (Aggregate): Total","Economic activity (Aggregate): Construction","2019",86.702,,,,"Repository: ILO-STATISTICS - Micro data processing"
"Philippines","LFS - Labour Force Survey","Employment by sex, status in employment and economic activity (thousands)","Female","Status in employment (Aggregate): Total","Economic activity (Aggregate): Mining and quarrying; Electricity, gas and water supply","2019",40.029,,,,"Repository: ILO-STATISTICS - Micro data processing"
"Philippines","LFS - Labour Force Survey","Employment by sex, status in employment and economic activity (thousands)","Female","Status in employment (Aggregate): Total","Economic activity (Aggregate): Trade, Transportation, Accommodation and Food, and Business and Administrative Services","2019",7809.663,,,,"Repository: ILO-STATISTICS - Micro data processing"
"Philippines","LFS - Labour Force Survey","Employment by sex, status in employment and economic activity (thousands)","Female","Status in employment (Aggregate): Total","Economic activity (Aggregate): Public Administration, Community, Social and other Services and Activities","2019",4800.541,,,,"Repository: ILO-STATISTICS - Micro data processing"
"Philippines","LFS - Labour Force Survey","Employment by sex, status in employment and economic activity (thousands)","Total","Status in employment (Aggregate): Total","Economic activity (Aggregate): Total","2018",41156.535,,,,"Repository: ILO-STATISTICS - Micro data processing"
"Philippines","LFS - Labour Force Survey","Employment by sex, status in employment and economic activity (thousands)","Total","Status in employment (Aggregate): Total","Economic activity (Aggregate): Agriculture","2018",9998.247,,,,"Repository: ILO-STATISTICS - Micro data processing"
"Philippines","LFS - Labour Force Survey","Employment by sex, status in employment and economic activity (thousands)","Total","Status in employment (Aggregate): Total","Economic activity (Aggregate): Manufacturing","2018",3625.284,,,,"Repository: ILO-STATISTICS - Micro data processing"
"Philippines","LFS - Labour Force Survey","Employment by sex, status in employment and economic activity (thousands)","Total","Status in employment (Aggregate): Total","Economic activity (Aggregate): Construction","2018",3865.472,,,,"Repository: ILO-STATISTICS - Micro data processing"
"Philippines","LFS - Labour Force Survey","Employment by sex, status in employment and economic activity (thousands)","Total","Status in employment (Aggregate): Total","Economic activity (Aggregate): Mining and quarrying; Electricity, gas and water supply","2018",355.466,,,,"Repository: ILO-STATISTICS - Micro data processing"
"Philippines","LFS - Labour Force Survey","Employment by sex, status in employment and economic activity (thousands)","Total","Status in employment (Aggregate): Total","Economic activity (Aggregate): Trade, Transportation, Accommodation and Food, and Business and Administrative Services","2018",15947.697,,,,"Repository: ILO-STATISTICS - Micro data processing"
"Philippines","LFS - Labour Force Survey","Employment by sex, status in employment and economic activity (thousands)","Total","Status in employment (Aggregate): Total","Economic activity (Aggregate): Public Administration, Community, Social and other Services and Activities","2018",7364.369,,,,"Repository: ILO-STATISTICS - Micro data processing"
"Philippines","LFS - Labour Force Survey","Employment by sex, status in employment and economic activity (thousands)","Male","Status in employment (Aggregate): Total","Economic activity (Aggregate): Total","2018",25424.308,,,,"Repository: ILO-STATISTICS - Micro data processing"
"Philippines","LFS - Labour Force Survey","Employment by sex, status in employment and economic activity (thousands)","Male","Status in employment (Aggregate): Total","Economic activity (Aggregate): Agriculture","2018",7749.75,,,,"Repository: ILO-STATISTICS - Micro data processing"
"Philippines","LFS - Labour Force Survey","Employment by sex, status in employment and economic activity (thousands)","Male","Status in employment (Aggregate): Total","Economic activity (Aggregate): Manufacturing","2018",2195.069,,,,"Repository: ILO-STATISTICS - Micro data processing"
"Philippines","LFS - Labour Force Survey","Employment by sex, status in employment and economic activity (thousands)","Male","Status in employment (Aggregate): Total","Economic activity (Aggregate): Construction","2018",3793.082,,,,"Repository: ILO-STATISTICS - Micro data processing"
"Philippines","LFS - Labour Force Survey","Employment by sex, status in employment and economic activity (thousands)","Male","Status in employment (Aggregate): Total","Economic activity (Aggregate): Mining and quarrying; Electricity, gas and water supply","2018",313.969,,,,"Repository: ILO-STATISTICS - Micro data processing"
"Philippines","LFS - Labour Force Survey","Employment by sex, status in employment and economic activity (thousands)","Male","Status in employment (Aggregate): Total","Economic activity (Aggregate): Trade, Transportation, Accommodation and Food, and Business and Administrative Services","2018",8657.773,,,,"Repository: ILO-STATISTICS - Micro data processing"
"Philippines","LFS - Labour Force Survey","Employment by sex, status in employment and economic activity (thousands)","Male","Status in employment (Aggregate): Total","Economic activity (Aggregate): Public Administration, Community, Social and other Services and Activities","2018",2714.665,,,,"Repository: ILO-STATISTICS - Micro data processing"
"Philippines","LFS - Labour Force Survey","Employment by sex, status in employment and economic activity (thousands)","Female","Status in employment (Aggregate): Total","Economic activity (Aggregate): Total","2018",15732.226,,,,"Repository: ILO-STATISTICS - Micro data processing"
"Philippines","LFS - Labour Force Survey","Employment by sex, status in employment and economic activity (thousands)","Female","Status in employment (Aggregate): Total","Economic activity (Aggregate): Agriculture","2018",2248.497,,,,"Repository: ILO-STATISTICS - Micro data processing"
"Philippines","LFS - Labour Force Survey","Employment by sex, status in employment and economic activity (thousands)","Female","Status in employment (Aggregate): Total","Economic activity (Aggregate): Manufacturing","2018",1430.215,,,,"Repository: ILO-STATISTICS - Micro data processing"
"Philippines","LFS - Labour Force Survey","Employment by sex, status in employment and economic activity (thousands)","Female","Status in employment (Aggregate): Total","Economic activity (Aggregate): Construction","2018",72.39,,,,"Repository: ILO-STATISTICS - Micro data processing"
"Philippines","LFS - Labour Force Survey","Employment by sex, status in employment and economic activity (thousands)","Female","Status in employment (Aggregate): Total","Economic activity (Aggregate): Mining and quarrying; Electricity, gas and water supply","2018",41.497,,,,"Repository: ILO-STATISTICS - Micro data processing"
"Philippines","LFS - Labour Force Survey","Employment by sex, status in employment and economic activity (thousands)","Female","Status in employment (Aggregate): Total","Economic activity (Aggregate): Trade, Transportation, Accommodation and Food, and Business and Administrative Services","2018",7289.924,,,,"Repository: ILO-STATISTICS - Micro data processing"
"Philippines","LFS - Labour Force Survey","Employment by sex, status in employment and economic activity (thousands)","Female","Status in employment (Aggregate): Total","Economic activity (Aggregate): Public Administration, Community, Social and other Services and Activities","2018",4649.703,,,,"Repository: ILO-STATISTICS - Micro data processing"
"Philippines","LFS - Labour Force Survey","Employment by sex, status in employment and economic activity (thousands)","Total","Status in employment (Aggregate): Total","Economic activity (Aggregate): Total","2017",40333.992,,,,"Repository: ILO-STATISTICS - Micro data processing"
"Philippines","LFS - Labour Force Survey","Employment by sex, status in employment and economic activity (thousands)","Total","Status in employment (Aggregate): Total","Economic activity (Aggregate): Agriculture","2017",10260.869,,,,"Repository: ILO-STATISTICS - Micro data processing"
"Philippines","LFS - Labour Force Survey","Employment by sex, status in employment and economic activity (thousands)","Total","Status in employment (Aggregate): Total","Economic activity (Aggregate): Manufacturing","2017",3481.326,,,,"Repository: ILO-STATISTICS - Micro data processing"
"Philippines","LFS - Labour Force Survey","Employment by sex, status in employment and economic activity (thousands)","Total","Status in employment (Aggregate): Total","Economic activity (Aggregate): Construction","2017",3536.848,,,,"Repository: ILO-STATISTICS - Micro data processing"
"Philippines","LFS - Labour Force Survey","Employment by sex, status in employment and economic activity (thousands)","Total","Status in employment (Aggregate): Total","Economic activity (Aggregate): Mining and quarrying; Electricity, gas and water supply","2017",351.867,,,,"Repository: ILO-STATISTICS - Micro data processing"
"Philippines","LFS - Labour Force Survey","Employment by sex, status in employment and economic activity (thousands)","Total","Status in employment (Aggregate): Total","Economic activity (Aggregate): Trade, Transportation, Accommodation and Food, and Business and Administrative Services","2017",15578.068,,,,"Repository: ILO-STATISTICS - Micro data processing"
"Philippines","LFS - Labour Force Survey","Employment by sex, status in employment and economic activity (thousands)","Total","Status in employment (Aggregate): Total","Economic activity (Aggregate): Public Administration, Community, Social and other Services and Activities","2017",7125.013,,,,"Repository: ILO-STATISTICS - Micro data processing"
"Philippines","LFS - Labour Force Survey","Employment by sex, status in employment and economic activity (thousands)","Male","Status in employment (Aggregate): Total","Economic activity (Aggregate): Total","2017",25066.895,,,,"Repository: ILO-STATISTICS - Micro data processing"
"Philippines","LFS - Labour Force Survey","Employment by sex, status in employment and economic activity (thousands)","Male","Status in employment (Aggregate): Total","Economic activity (Aggregate): Agriculture","2017",7928.971,,,,"Repository: ILO-STATISTICS - Micro data processing"
"Philippines","LFS - Labour Force Survey","Employment by sex, status in employment and economic activity (thousands)","Male","Status in employment (Aggregate): Total","Economic activity (Aggregate): Manufacturing","2017",2076.39,,,,"Repository: ILO-STATISTICS - Micro data processing"
"Philippines","LFS - Labour Force Survey","Employment by sex, status in employment and economic activity (thousands)","Male","Status in employment (Aggregate): Total","Economic activity (Aggregate): Construction","2017",3474.251,,,,"Repository: ILO-STATISTICS - Micro data processing"
"Philippines","LFS - Labour Force Survey","Employment by sex, status in employment and economic activity (thousands)","Male","Status in employment (Aggregate): Total","Economic activity (Aggregate): Mining and quarrying; Electricity, gas and water supply","2017",310.949,,,,"Repository: ILO-STATISTICS - Micro data processing"
"Philippines","LFS - Labour Force Survey","Employment by sex, status in employment and economic activity (thousands)","Male","Status in employment (Aggregate): Total","Economic activity (Aggregate): Trade, Transportation, Accommodation and Food, and Business and Administrative Services","2017",8639.28,,,,"Repository: ILO-STATISTICS - Micro data processing"
"Philippines","LFS - Labour Force Survey","Employment by sex, status in employment and economic activity (thousands)","Male","Status in employment (Aggregate): Total","Economic activity (Aggregate): Public Administration, Community, Social and other Services and Activities","2017",2637.053,,,,"Repository: ILO-STATISTICS - Micro data processing"
"Philippines","LFS - Labour Force Survey","Employment by sex, status in employment and economic activity (thousands)","Female","Status in employment (Aggregate): Total","Economic activity (Aggregate): Total","2017",15267.097,,,,"Repository: ILO-STATISTICS - Micro data processing"
"Philippines","LFS - Labour Force Survey","Employment by sex, status in employment and economic activity (thousands)","Female","Status in employment (Aggregate): Total","Economic activity (Aggregate): Agriculture","2017",2331.898,,,,"Repository: ILO-STATISTICS - Micro data processing"
"Philippines","LFS - Labour Force Survey","Employment by sex, status in employment and economic activity (thousands)","Female","Status in employment (Aggregate): Total","Economic activity (Aggregate): Manufacturing","2017",1404.936,,,,"Repository: ILO-STATISTICS - Micro data processing"
"Philippines","LFS - Labour Force Survey","Employment by sex, status in employment and economic activity (thousands)","Female","Status in employment (Aggregate): Total","Economic activity (Aggregate): Construction","2017",62.597,,,,"Repository: ILO-STATISTICS - Micro data processing"
"Philippines","LFS - Labour Force Survey","Employment by sex, status in employment and economic activity (thousands)","Female","Status in employment (Aggregate): Total","Economic activity (Aggregate): Mining and quarrying; Electricity, gas and water supply","2017",40.918,,,,"Repository: ILO-STATISTICS - Micro data processing"
"Philippines","LFS - Labour Force Survey","Employment by sex, status in employment and economic activity (thousands)","Female","Status in employment (Aggregate): Total","Economic activity (Aggregate): Trade, Transportation, Accommodation and Food, and Business and Administrative Services","2017",6938.788,,,,"Repository: ILO-STATISTICS - Micro data processing"
"Philippines","LFS - Labour Force Survey","Employment by sex, status in employment and economic activity (thousands)","Female","Status in employment (Aggregate): Total","Economic activity (Aggregate): Public Administration, Community, Social and other Services and Activities","2017",4487.959,,,,"Repository: ILO-STATISTICS - Micro data processing"
"Philippines","LFS - Labour Force Survey","Employment by sex, status in employment and economic activity (thousands)","Total","Status in employment (Aggregate): Total","Economic activity (Aggregate): Total","2016",40997.968,"Break in series",,"Break in series: Methodology revised","Repository: ILO-STATISTICS - Micro data processing"
"Philippines","LFS - Labour Force Survey","Employment by sex, status in employment and economic activity (thousands)","Total","Status in employment (Aggregate): Total","Economic activity (Aggregate): Agriculture","2016",11063.697,"Break in series",,"Break in series: Methodology revised","Repository: ILO-STATISTICS - Micro data processing"
"Philippines","LFS - Labour Force Survey","Employment by sex, status in employment and economic activity (thousands)","Total","Status in employment (Aggregate): Total","Economic activity (Aggregate): Manufacturing","2016",3403.963,"Break in series",,"Break in series: Methodology revised","Repository: ILO-STATISTICS - Micro data processing"
"Philippines","LFS - Labour Force Survey","Employment by sex, status in employment and economic activity (thousands)","Total","Status in employment (Aggregate): Total","Economic activity (Aggregate): Construction","2016",3377.669,"Break in series",,"Break in series: Methodology revised","Repository: ILO-STATISTICS - Micro data processing"
"Philippines","LFS - Labour Force Survey","Employment by sex, status in employment and economic activity (thousands)","Total","Status in employment (Aggregate): Total","Economic activity (Aggregate): Mining and quarrying; Electricity, gas and water supply","2016",377.857,"Break in series",,"Break in series: Methodology revised","Repository: ILO-STATISTICS - Micro data processing"
"Philippines","LFS - Labour Force Survey","Employment by sex, status in employment and economic activity (thousands)","Total","Status in employment (Aggregate): Total","Economic activity (Aggregate): Trade, Transportation, Accommodation and Food, and Business and Administrative Services","2016",15511.098,"Break in series",,"Break in series: Methodology revised","Repository: ILO-STATISTICS - Micro data processing"
"Philippines","LFS - Labour Force Survey","Employment by sex, status in employment and economic activity (thousands)","Total","Status in employment (Aggregate): Total","Economic activity (Aggregate): Public Administration, Community, Social and other Services and Activities","2016",7263.684,"Break in series",,"Break in series: Methodology revised","Repository: ILO-STATISTICS - Micro data processing"
"Philippines","LFS - Labour Force Survey","Employment by sex, status in employment and economic activity (thousands)","Male","Status in employment (Aggregate): Total","Economic activity (Aggregate): Total","2016",25034.788,"Break in series",,"Break in series: Methodology revised","Repository: ILO-STATISTICS - Micro data processing"
"Philippines","LFS - Labour Force Survey","Employment by sex, status in employment and economic activity (thousands)","Male","Status in employment (Aggregate): Total","Economic activity (Aggregate): Agriculture","2016",8306.545,"Break in series",,"Break in series: Methodology revised","Repository: ILO-STATISTICS - Micro data processing"
"Philippines","LFS - Labour Force Survey","Employment by sex, status in employment and economic activity (thousands)","Male","Status in employment (Aggregate): Total","Economic activity (Aggregate): Manufacturing","2016",1939.449,"Break in series",,"Break in series: Methodology revised","Repository: ILO-STATISTICS - Micro data processing"
"Philippines","LFS - Labour Force Survey","Employment by sex, status in employment and economic activity (thousands)","Male","Status in employment (Aggregate): Total","Economic activity (Aggregate): Construction","2016",3301.77,"Break in series",,"Break in series: Methodology revised","Repository: ILO-STATISTICS - Micro data processing"
"Philippines","LFS - Labour Force Survey","Employment by sex, status in employment and economic activity (thousands)","Male","Status in employment (Aggregate): Total","Economic activity (Aggregate): Mining and quarrying; Electricity, gas and water supply","2016",327.832,"Break in series",,"Break in series: Methodology revised","Repository: ILO-STATISTICS - Micro data processing"
"Philippines","LFS - Labour Force Survey","Employment by sex, status in employment and economic activity (thousands)","Male","Status in employment (Aggregate): Total","Economic activity (Aggregate): Trade, Transportation, Accommodation and Food, and Business and Administrative Services","2016",8473.769,"Break in series",,"Break in series: Methodology revised","Repository: ILO-STATISTICS - Micro data processing"
"Philippines","LFS - Labour Force Survey","Employment by sex, status in employment and economic activity (thousands)","Male","Status in employment (Aggregate): Total","Economic activity (Aggregate): Public Administration, Community, Social and other Services and Activities","2016",2685.423,"Break in series",,"Break in series: Methodology revised","Repository: ILO-STATISTICS - Micro data processing"
"Philippines","LFS - Labour Force Survey","Employment by sex, status in employment and economic activity (thousands)","Female","Status in employment (Aggregate): Total","Economic activity (Aggregate): Total","2016",15963.181,"Break in series",,"Break in series: Methodology revised","Repository: ILO-STATISTICS - Micro data processing"
"Philippines","LFS - Labour Force Survey","Employment by sex, status in employment and economic activity (thousands)","Female","Status in employment (Aggregate): Total","Economic activity (Aggregate): Agriculture","2016",2757.152,"Break in series",,"Break in series: Methodology revised","Repository: ILO-STATISTICS - Micro data processing"
"Philippines","LFS - Labour Force Survey","Employment by sex, status in employment and economic activity (thousands)","Female","Status in employment (Aggregate): Total","Economic activity (Aggregate): Manufacturing","2016",1464.513,"Break in series",,"Break in series: Methodology revised","Repository: ILO-STATISTICS - Micro data processing"
"Philippines","LFS - Labour Force Survey","Employment by sex, status in employment and economic activity (thousands)","Female","Status in employment (Aggregate): Total","Economic activity (Aggregate): Construction","2016",75.899,"Break in series",,"Break in series: Methodology revised","Repository: ILO-STATISTICS - Micro data processing"
"Philippines","LFS - Labour Force Survey","Employment by sex, status in employment and economic activity (thousands)","Female","Status in employment (Aggregate): Total","Economic activity (Aggregate): Mining and quarrying; Electricity, gas and water supply","2016",50.026,"Break in series",,"Break in series: Methodology revised","Repository: ILO-STATISTICS - Micro data processing"
"Philippines","LFS - Labour Force Survey","Employment by sex, status in employment and economic activity (thousands)","Female","Status in employment (Aggregate): Total","Economic activity (Aggregate): Trade, Transportation, Accommodation and Food, and Business and Administrative Services","2016",7037.33,"Break in series",,"Break in series: Methodology revised","Repository: ILO-STATISTICS - Micro data processing"
"Philippines","LFS - Labour Force Survey","Employment by sex, status in employment and economic activity (thousands)","Female","Status in employment (Aggregate): Total","Economic activity (Aggregate): Public Administration, Community, Social and other Services and Activities","2016",4578.261,"Break in series",,"Break in series: Methodology revised","Repository: ILO-STATISTICS - Micro data processing"
"Philippines","LFS - Labour Force Survey","Employment by sex, status in employment and economic activity (thousands)","Total","Status in employment (Aggregate): Total","Economic activity (Aggregate): Total","2015",39143.055,,,,"Repository: ILO-STATISTICS - Micro data processing"
"Philippines","LFS - Labour Force Survey","Employment by sex, status in employment and economic activity (thousands)","Total","Status in employment (Aggregate): Total","Economic activity (Aggregate): Agriculture","2015",11425.539,,,,"Repository: ILO-STATISTICS - Micro data processing"
"Philippines","LFS - Labour Force Survey","Employment by sex, status in employment and economic activity (thousands)","Total","Status in employment (Aggregate): Total","Economic activity (Aggregate): Manufacturing","2015",3231.06,,,,"Repository: ILO-STATISTICS - Micro data processing"
"Philippines","LFS - Labour Force Survey","Employment by sex, status in employment and economic activity (thousands)","Total","Status in employment (Aggregate): Total","Economic activity (Aggregate): Construction","2015",2733.951,,,,"Repository: ILO-STATISTICS - Micro data processing"
"Philippines","LFS - Labour Force Survey","Employment by sex, status in employment and economic activity (thousands)","Total","Status in employment (Aggregate): Total","Economic activity (Aggregate): Mining and quarrying; Electricity, gas and water supply","2015",372.237,,,,"Repository: ILO-STATISTICS - Micro data processing"
"Philippines","LFS - Labour Force Survey","Employment by sex, status in employment and economic activity (thousands)","Total","Status in employment (Aggregate): Total","Economic activity (Aggregate): Trade, Transportation, Accommodation and Food, and Business and Administrative Services","2015",14349.483,,,,"Repository: ILO-STATISTICS - Micro data processing"
"Philippines","LFS - Labour Force Survey","Employment by sex, status in employment and economic activity (thousands)","Total","Status in employment (Aggregate): Total","Economic activity (Aggregate): Public Administration, Community, Social and other Services and Activities","2015",7030.785,,,,"Repository: ILO-STATISTICS - Micro data processing"
"Philippines","LFS - Labour Force Survey","Employment by sex, status in employment and economic activity (thousands)","Male","Status in employment (Aggregate): Total","Economic activity (Aggregate): Total","2015",23658.543,,,,"Repository: ILO-STATISTICS - Micro data processing"
"Philippines","LFS - Labour Force Survey","Employment by sex, status in employment and economic activity (thousands)","Male","Status in employment (Aggregate): Total","Economic activity (Aggregate): Agriculture","2015",8493.132,,,,"Repository: ILO-STATISTICS - Micro data processing"
"Philippines","LFS - Labour Force Survey","Employment by sex, status in employment and economic activity (thousands)","Male","Status in employment (Aggregate): Total","Economic activity (Aggregate): Manufacturing","2015",1799.202,,,,"Repository: ILO-STATISTICS - Micro data processing"
"Philippines","LFS - Labour Force Survey","Employment by sex, status in employment and economic activity (thousands)","Male","Status in employment (Aggregate): Total","Economic activity (Aggregate): Construction","2015",2667.924,,,,"Repository: ILO-STATISTICS - Micro data processing"
"Philippines","LFS - Labour Force Survey","Employment by sex, status in employment and economic activity (thousands)","Male","Status in employment (Aggregate): Total","Economic activity (Aggregate): Mining and quarrying; Electricity, gas and water supply","2015",322.316,,,,"Repository: ILO-STATISTICS - Micro data processing"
"Philippines","LFS - Labour Force Survey","Employment by sex, status in employment and economic activity (thousands)","Male","Status in employment (Aggregate): Total","Economic activity (Aggregate): Trade, Transportation, Accommodation and Food, and Business and Administrative Services","2015",7774.295,,,,"Repository: ILO-STATISTICS - Micro data processing"
"Philippines","LFS - Labour Force Survey","Employment by sex, status in employment and economic activity (thousands)","Male","Status in employment (Aggregate): Total","Economic activity (Aggregate): Public Administration, Community, Social and other Services and Activities","2015",2601.676,,,,"Repository: ILO-STATISTICS - Micro data processing"
"Philippines","LFS - Labour Force Survey","Employment by sex, status in employment and economic activity (thousands)","Female","Status in employment (Aggregate): Total","Economic activity (Aggregate): Total","2015",15484.512,,,,"Repository: ILO-STATISTICS - Micro data processing"
"Philippines","LFS - Labour Force Survey","Employment by sex, status in employment and economic activity (thousands)","Female","Status in employment (Aggregate): Total","Economic activity (Aggregate): Agriculture","2015",2932.408,,,,"Repository: ILO-STATISTICS - Micro data processing"
"Philippines","LFS - Labour Force Survey","Employment by sex, status in employment and economic activity (thousands)","Female","Status in employment (Aggregate): Total","Economic activity (Aggregate): Manufacturing","2015",1431.858,,,,"Repository: ILO-STATISTICS - Micro data processing"
"Philippines","LFS - Labour Force Survey","Employment by sex, status in employment and economic activity (thousands)","Female","Status in employment (Aggregate): Total","Economic activity (Aggregate): Construction","2015",66.028,,,,"Repository: ILO-STATISTICS - Micro data processing"
"Philippines","LFS - Labour Force Survey","Employment by sex, status in employment and economic activity (thousands)","Female","Status in employment (Aggregate): Total","Economic activity (Aggregate): Mining and quarrying; Electricity, gas and water supply","2015",49.921,,,,"Repository: ILO-STATISTICS - Micro data processing"
"Philippines","LFS - Labour Force Survey","Employment by sex, status in employment and economic activity (thousands)","Female","Status in employment (Aggregate): Total","Economic activity (Aggregate): Trade, Transportation, Accommodation and Food, and Business and Administrative Services","2015",6575.188,,,,"Repository: ILO-STATISTICS - Micro data processing"
"Philippines","LFS - Labour Force Survey","Employment by sex, status in employment and economic activity (thousands)","Female","Status in employment (Aggregate): Total","Economic activity (Aggregate): Public Administration, Community, Social and other Services and Activities","2015",4429.109,,,,"Repository: ILO-STATISTICS - Micro data processing"
"Philippines","LFS - Labour Force Survey","Employment by sex, status in employment and economic activity (thousands)","Total","Status in employment (Aggregate): Total","Economic activity (Aggregate): Total","2014",38093.066,,,,"Repository: ILO-STATISTICS - Micro data processing"
"Philippines","LFS - Labour Force Survey","Employment by sex, status in employment and economic activity (thousands)","Total","Status in employment (Aggregate): Total","Economic activity (Aggregate): Agriculture","2014",11587.96,,,,"Repository: ILO-STATISTICS - Micro data processing"
"Philippines","LFS - Labour Force Survey","Employment by sex, status in employment and economic activity (thousands)","Total","Status in employment (Aggregate): Total","Economic activity (Aggregate): Manufacturing","2014",3178.88,,,,"Repository: ILO-STATISTICS - Micro data processing"
"Philippines","LFS - Labour Force Survey","Employment by sex, status in employment and economic activity (thousands)","Total","Status in employment (Aggregate): Total","Economic activity (Aggregate): Construction","2014",2519.48,,,,"Repository: ILO-STATISTICS - Micro data processing"
"Philippines","LFS - Labour Force Survey","Employment by sex, status in employment and economic activity (thousands)","Total","Status in employment (Aggregate): Total","Economic activity (Aggregate): Mining and quarrying; Electricity, gas and water supply","2014",371.725,,,,"Repository: ILO-STATISTICS - Micro data processing"
"Philippines","LFS - Labour Force Survey","Employment by sex, status in employment and economic activity (thousands)","Total","Status in employment (Aggregate): Total","Economic activity (Aggregate): Trade, Transportation, Accommodation and Food, and Business and Administrative Services","2014",13751.718,,,,"Repository: ILO-STATISTICS - Micro data processing"
"Philippines","LFS - Labour Force Survey","Employment by sex, status in employment and economic activity (thousands)","Total","Status in employment (Aggregate): Total","Economic activity (Aggregate): Public Administration, Community, Social and other Services and Activities","2014",6683.302,,,,"Repository: ILO-STATISTICS - Micro data processing"
"Philippines","LFS - Labour Force Survey","Employment by sex, status in employment and economic activity (thousands)","Male","Status in employment (Aggregate): Total","Economic activity (Aggregate): Total","2014",23035.236,,,,"Repository: ILO-STATISTICS - Micro data processing"
"Philippines","LFS - Labour Force Survey","Employment by sex, status in employment and economic activity (thousands)","Male","Status in employment (Aggregate): Total","Economic activity (Aggregate): Agriculture","2014",8545.855,,,,"Repository: ILO-STATISTICS - Micro data processing"
"Philippines","LFS - Labour Force Survey","Employment by sex, status in employment and economic activity (thousands)","Male","Status in employment (Aggregate): Total","Economic activity (Aggregate): Manufacturing","2014",1757.995,,,,"Repository: ILO-STATISTICS - Micro data processing"
"Philippines","LFS - Labour Force Survey","Employment by sex, status in employment and economic activity (thousands)","Male","Status in employment (Aggregate): Total","Economic activity (Aggregate): Construction","2014",2466.227,,,,"Repository: ILO-STATISTICS - Micro data processing"
"Philippines","LFS - Labour Force Survey","Employment by sex, status in employment and economic activity (thousands)","Male","Status in employment (Aggregate): Total","Economic activity (Aggregate): Mining and quarrying; Electricity, gas and water supply","2014",326.375,,,,"Repository: ILO-STATISTICS - Micro data processing"
"Philippines","LFS - Labour Force Survey","Employment by sex, status in employment and economic activity (thousands)","Male","Status in employment (Aggregate): Total","Economic activity (Aggregate): Trade, Transportation, Accommodation and Food, and Business and Administrative Services","2014",7448.67,,,,"Repository: ILO-STATISTICS - Micro data processing"
"Philippines","LFS - Labour Force Survey","Employment by sex, status in employment and economic activity (thousands)","Male","Status in employment (Aggregate): Total","Economic activity (Aggregate): Public Administration, Community, Social and other Services and Activities","2014",2490.114,,,,"Repository: ILO-STATISTICS - Micro data processing"
"Philippines","LFS - Labour Force Survey","Employment by sex, status in employment and economic activity (thousands)","Female","Status in employment (Aggregate): Total","Economic activity (Aggregate): Total","2014",15057.83,,,,"Repository: ILO-STATISTICS - Micro data processing"
"Philippines","LFS - Labour Force Survey","Employment by sex, status in employment and economic activity (thousands)","Female","Status in employment (Aggregate): Total","Economic activity (Aggregate): Agriculture","2014",3042.106,,,,"Repository: ILO-STATISTICS - Micro data processing"
"Philippines","LFS - Labour Force Survey","Employment by sex, status in employment and economic activity (thousands)","Female","Status in employment (Aggregate): Total","Economic activity (Aggregate): Manufacturing","2014",1420.885,,,,"Repository: ILO-STATISTICS - Micro data processing"
"Philippines","LFS - Labour Force Survey","Employment by sex, status in employment and economic activity (thousands)","Female","Status in employment (Aggregate): Total","Economic activity (Aggregate): Construction","2014",53.253,,,,"Repository: ILO-STATISTICS - Micro data processing"
"Philippines","LFS - Labour Force Survey","Employment by sex, status in employment and economic activity (thousands)","Female","Status in employment (Aggregate): Total","Economic activity (Aggregate): Mining and quarrying; Electricity, gas and water supply","2014",45.35,,,,"Repository: ILO-STATISTICS - Micro data processing"
"Philippines","LFS - Labour Force Survey","Employment by sex, status in employment and economic activity (thousands)","Female","Status in employment (Aggregate): Total","Economic activity (Aggregate): Trade, Transportation, Accommodation and Food, and Business and Administrative Services","2014",6303.049,,,,"Repository: ILO-STATISTICS - Micro data processing"
"Philippines","LFS - Labour Force Survey","Employment by sex, status in employment and economic activity (thousands)","Female","Status in employment (Aggregate): Total","Economic activity (Aggregate): Public Administration, Community, Social and other Services and Activities","2014",4193.188,,,,"Repository: ILO-STATISTICS - Micro data processing"
"Philippines","LFS - Labour Force Survey","Employment by sex, status in employment and economic activity (thousands)","Total","Status in employment (Aggregate): Total","Economic activity (Aggregate): Total","2013",38117.714,,,,"Repository: ILO-STATISTICS - Micro data processing"
"Philippines","LFS - Labour Force Survey","Employment by sex, status in employment and economic activity (thousands)","Total","Status in employment (Aggregate): Total","Economic activity (Aggregate): Agriculture","2013",11835.387,,,,"Repository: ILO-STATISTICS - Micro data processing"
"Philippines","LFS - Labour Force Survey","Employment by sex, status in employment and economic activity (thousands)","Total","Status in employment (Aggregate): Total","Economic activity (Aggregate): Manufacturing","2013",3159.356,,,,"Repository: ILO-STATISTICS - Micro data processing"
"Philippines","LFS - Labour Force Survey","Employment by sex, status in employment and economic activity (thousands)","Total","Status in employment (Aggregate): Total","Economic activity (Aggregate): Construction","2013",2372.727,,,,"Repository: ILO-STATISTICS - Micro data processing"
"Philippines","LFS - Labour Force Survey","Employment by sex, status in employment and economic activity (thousands)","Total","Status in employment (Aggregate): Total","Economic activity (Aggregate): Mining and quarrying; Electricity, gas and water supply","2013",404.821,,,,"Repository: ILO-STATISTICS - Micro data processing"
"Philippines","LFS - Labour Force Survey","Employment by sex, status in employment and economic activity (thousands)","Total","Status in employment (Aggregate): Total","Economic activity (Aggregate): Trade, Transportation, Accommodation and Food, and Business and Administrative Services","2013",13621.643,,,,"Repository: ILO-STATISTICS - Micro data processing"
"Philippines","LFS - Labour Force Survey","Employment by sex, status in employment and economic activity (thousands)","Total","Status in employment (Aggregate): Total","Economic activity (Aggregate): Public Administration, Community, Social and other Services and Activities","2013",6723.779,,,,"Repository: ILO-STATISTICS - Micro data processing"
"Philippines","LFS - Labour Force Survey","Employment by sex, status in employment and economic activity (thousands)","Male","Status in employment (Aggregate): Total","Economic activity (Aggregate): Total","2013",23150.025,,,,"Repository: ILO-STATISTICS - Micro data processing"
"Philippines","LFS - Labour Force Survey","Employment by sex, status in employment and economic activity (thousands)","Male","Status in employment (Aggregate): Total","Economic activity (Aggregate): Agriculture","2013",8821.83,,,,"Repository: ILO-STATISTICS - Micro data processing"
"Philippines","LFS - Labour Force Survey","Employment by sex, status in employment and economic activity (thousands)","Male","Status in employment (Aggregate): Total","Economic activity (Aggregate): Manufacturing","2013",1744.13,,,,"Repository: ILO-STATISTICS - Micro data processing"
"Philippines","LFS - Labour Force Survey","Employment by sex, status in employment and economic activity (thousands)","Male","Status in employment (Aggregate): Total","Economic activity (Aggregate): Construction","2013",2322.837,,,,"Repository: ILO-STATISTICS - Micro data processing"
"Philippines","LFS - Labour Force Survey","Employment by sex, status in employment and economic activity (thousands)","Male","Status in employment (Aggregate): Total","Economic activity (Aggregate): Mining and quarrying; Electricity, gas and water supply","2013",353.631,,,,"Repository: ILO-STATISTICS - Micro data processing"
"Philippines","LFS - Labour Force Survey","Employment by sex, status in employment and economic activity (thousands)","Male","Status in employment (Aggregate): Total","Economic activity (Aggregate): Trade, Transportation, Accommodation and Food, and Business and Administrative Services","2013",7407.705,,,,"Repository: ILO-STATISTICS - Micro data processing"
"Philippines","LFS - Labour Force Survey","Employment by sex, status in employment and economic activity (thousands)","Male","Status in employment (Aggregate): Total","Economic activity (Aggregate): Public Administration, Community, Social and other Services and Activities","2013",2499.891,,,,"Repository: ILO-STATISTICS - Micro data processing"
"Philippines","LFS - Labour Force Survey","Employment by sex, status in employment and economic activity (thousands)","Female","Status in employment (Aggregate): Total","Economic activity (Aggregate): Total","2013",14967.689,,,,"Repository: ILO-STATISTICS - Micro data processing"
"Philippines","LFS - Labour Force Survey","Employment by sex, status in employment and economic activity (thousands)","Female","Status in employment (Aggregate): Total","Economic activity (Aggregate): Agriculture","2013",3013.557,,,,"Repository: ILO-STATISTICS - Micro data processing"
"Philippines","LFS - Labour Force Survey","Employment by sex, status in employment and economic activity (thousands)","Female","Status in employment (Aggregate): Total","Economic activity (Aggregate): Manufacturing","2013",1415.226,,,,"Repository: ILO-STATISTICS - Micro data processing"
"Philippines","LFS - Labour Force Survey","Employment by sex, status in employment and economic activity (thousands)","Female","Status in employment (Aggregate): Total","Economic activity (Aggregate): Construction","2013",49.889,,,,"Repository: ILO-STATISTICS - Micro data processing"
"Philippines","LFS - Labour Force Survey","Employment by sex, status in employment and economic activity (thousands)","Female","Status in employment (Aggregate): Total","Economic activity (Aggregate): Mining and quarrying; Electricity, gas and water supply","2013",51.191,,,,"Repository: ILO-STATISTICS - Micro data processing"
"Philippines","LFS - Labour Force Survey","Employment by sex, status in employment and economic activity (thousands)","Female","Status in employment (Aggregate): Total","Economic activity (Aggregate): Trade, Transportation, Accommodation and Food, and Business and Administrative Services","2013",6213.938,,,,"Repository: ILO-STATISTICS - Micro data processing"
"Philippines","LFS - Labour Force Survey","Employment by sex, status in employment and economic activity (thousands)","Female","Status in employment (Aggregate): Total","Economic activity (Aggregate): Public Administration, Community, Social and other Services and Activities","2013",4223.888,,,,"Repository: ILO-STATISTICS - Micro data processing"
"Philippines","LFS - Labour Force Survey","Employment by sex, status in employment and economic activity (thousands)","Total","Status in employment (Aggregate): Total","Economic activity (Aggregate): Total","2012",37600.201,,,,"Repository: ILO-STATISTICS - Micro data processing"
"Philippines","LFS - Labour Force Survey","Employment by sex, status in employment and economic activity (thousands)","Total","Status in employment (Aggregate): Total","Economic activity (Aggregate): Agriculture","2012",12092.738,,,,"Repository: ILO-STATISTICS - Micro data processing"
"Philippines","LFS - Labour Force Survey","Employment by sex, status in employment and economic activity (thousands)","Total","Status in employment (Aggregate): Total","Economic activity (Aggregate): Manufacturing","2012",3112.387,,,,"Repository: ILO-STATISTICS - Micro data processing"
"Philippines","LFS - Labour Force Survey","Employment by sex, status in employment and economic activity (thousands)","Total","Status in employment (Aggregate): Total","Economic activity (Aggregate): Construction","2012",2231.905,,,,"Repository: ILO-STATISTICS - Micro data processing"
"Philippines","LFS - Labour Force Survey","Employment by sex, status in employment and economic activity (thousands)","Total","Status in employment (Aggregate): Total","Economic activity (Aggregate): Mining and quarrying; Electricity, gas and water supply","2012",398.802,,,,"Repository: ILO-STATISTICS - Micro data processing"
"Philippines","LFS - Labour Force Survey","Employment by sex, status in employment and economic activity (thousands)","Total","Status in employment (Aggregate): Total","Economic activity (Aggregate): Trade, Transportation, Accommodation and Food, and Business and Administrative Services","2012",13123.518,,,,"Repository: ILO-STATISTICS - Micro data processing"
"Philippines","LFS - Labour Force Survey","Employment by sex, status in employment and economic activity (thousands)","Total","Status in employment (Aggregate): Total","Economic activity (Aggregate): Public Administration, Community, Social and other Services and Activities","2012",6640.851,,,,"Repository: ILO-STATISTICS - Micro data processing"
"Philippines","LFS - Labour Force Survey","Employment by sex, status in employment and economic activity (thousands)","Male","Status in employment (Aggregate): Total","Economic activity (Aggregate): Total","2012",22848.934,,,,"Repository: ILO-STATISTICS - Micro data processing"
"Philippines","LFS - Labour Force Survey","Employment by sex, status in employment and economic activity (thousands)","Male","Status in employment (Aggregate): Total","Economic activity (Aggregate): Agriculture","2012",8999.224,,,,"Repository: ILO-STATISTICS - Micro data processing"
"Philippines","LFS - Labour Force Survey","Employment by sex, status in employment and economic activity (thousands)","Male","Status in employment (Aggregate): Total","Economic activity (Aggregate): Manufacturing","2012",1727.149,,,,"Repository: ILO-STATISTICS - Micro data processing"
"Philippines","LFS - Labour Force Survey","Employment by sex, status in employment and economic activity (thousands)","Male","Status in employment (Aggregate): Total","Economic activity (Aggregate): Construction","2012",2184.512,,,,"Repository: ILO-STATISTICS - Micro data processing"
"Philippines","LFS - Labour Force Survey","Employment by sex, status in employment and economic activity (thousands)","Male","Status in employment (Aggregate): Total","Economic activity (Aggregate): Mining and quarrying; Electricity, gas and water supply","2012",345.32,,,,"Repository: ILO-STATISTICS - Micro data processing"
"Philippines","LFS - Labour Force Survey","Employment by sex, status in employment and economic activity (thousands)","Male","Status in employment (Aggregate): Total","Economic activity (Aggregate): Trade, Transportation, Accommodation and Food, and Business and Administrative Services","2012",7102.586,,,,"Repository: ILO-STATISTICS - Micro data processing"
"Philippines","LFS - Labour Force Survey","Employment by sex, status in employment and economic activity (thousands)","Male","Status in employment (Aggregate): Total","Economic activity (Aggregate): Public Administration, Community, Social and other Services and Activities","2012",2490.142,,,,"Repository: ILO-STATISTICS - Micro data processing"
"Philippines","LFS - Labour Force Survey","Employment by sex, status in employment and economic activity (thousands)","Female","Status in employment (Aggregate): Total","Economic activity (Aggregate): Total","2012",14751.267,,,,"Repository: ILO-STATISTICS - Micro data processing"
"Philippines","LFS - Labour Force Survey","Employment by sex, status in employment and economic activity (thousands)","Female","Status in employment (Aggregate): Total","Economic activity (Aggregate): Agriculture","2012",3093.514,,,,"Repository: ILO-STATISTICS - Micro data processing"
"Philippines","LFS - Labour Force Survey","Employment by sex, status in employment and economic activity (thousands)","Female","Status in employment (Aggregate): Total","Economic activity (Aggregate): Manufacturing","2012",1385.238,,,,"Repository: ILO-STATISTICS - Micro data processing"
"Philippines","LFS - Labour Force Survey","Employment by sex, status in employment and economic activity (thousands)","Female","Status in employment (Aggregate): Total","Economic activity (Aggregate): Construction","2012",47.392,,,,"Repository: ILO-STATISTICS - Micro data processing"
"Philippines","LFS - Labour Force Survey","Employment by sex, status in employment and economic activity (thousands)","Female","Status in employment (Aggregate): Total","Economic activity (Aggregate): Mining and quarrying; Electricity, gas and water supply","2012",53.481,,,,"Repository: ILO-STATISTICS - Micro data processing"
"Philippines","LFS - Labour Force Survey","Employment by sex, status in employment and economic activity (thousands)","Female","Status in employment (Aggregate): Total","Economic activity (Aggregate): Trade, Transportation, Accommodation and Food, and Business and Administrative Services","2012",6020.932,,,,"Repository: ILO-STATISTICS - Micro data processing"
"Philippines","LFS - Labour Force Survey","Employment by sex, status in employment and economic activity (thousands)","Female","Status in employment (Aggregate): Total","Economic activity (Aggregate): Public Administration, Community, Social and other Services and Activities","2012",4150.709,,,,"Repository: ILO-STATISTICS - Micro data processing"
"Philippines","HIES - Household Income and Expenditure Survey","Employment by sex, status in employment and economic activity (thousands)","Total","Status in employment (Aggregate): Total","Economic activity (Aggregate): Total","2003",15788.753,,,,"Repository: ILO-STATISTICS - Micro data processing"
"Philippines","HIES - Household Income and Expenditure Survey","Employment by sex, status in employment and economic activity (thousands)","Total","Status in employment (Aggregate): Total","Economic activity (Aggregate): Agriculture","2003",5596.086,,,,"Repository: ILO-STATISTICS - Micro data processing"
"Philippines","HIES - Household Income and Expenditure Survey","Employment by sex, status in employment and economic activity (thousands)","Total","Status in employment (Aggregate): Total","Economic activity (Aggregate): Manufacturing","2003",1566.794,,,,"Repository: ILO-STATISTICS - Micro data processing"
"Philippines","HIES - Household Income and Expenditure Survey","Employment by sex, status in employment and economic activity (thousands)","Total","Status in employment (Aggregate): Total","Economic activity (Aggregate): Construction","2003",840.998,,,,"Repository: ILO-STATISTICS - Micro data processing"
"Philippines","HIES - Household Income and Expenditure Survey","Employment by sex, status in employment and economic activity (thousands)","Total","Status in employment (Aggregate): Total","Economic activity (Aggregate): Mining and quarrying; Electricity, gas and water supply","2003",119.594,,,,"Repository: ILO-STATISTICS - Micro data processing"
"Philippines","HIES - Household Income and Expenditure Survey","Employment by sex, status in employment and economic activity (thousands)","Total","Status in employment (Aggregate): Total","Economic activity (Aggregate): Trade, Transportation, Accommodation and Food, and Business and Administrative Services","2003",5110.988,,,,"Repository: ILO-STATISTICS - Micro data processing"
"Philippines","HIES - Household Income and Expenditure Survey","Employment by sex, status in employment and economic activity (thousands)","Total","Status in employment (Aggregate): Total","Economic activity (Aggregate): Public Administration, Community, Social and other Services and Activities","2003",2554.293,,,,"Repository: ILO-STATISTICS - Micro data processing"
"Philippines","HIES - Household Income and Expenditure Survey","Employment by sex, status in employment and economic activity (thousands)","Male","Status in employment (Aggregate): Total","Economic activity (Aggregate): Total","2003",9730.659,,,,"Repository: ILO-STATISTICS - Micro data processing"
"Philippines","HIES - Household Income and Expenditure Survey","Employment by sex, status in employment and economic activity (thousands)","Male","Status in employment (Aggregate): Total","Economic activity (Aggregate): Agriculture","2003",4240.834,,,,"Repository: ILO-STATISTICS - Micro data processing"
"Philippines","HIES - Household Income and Expenditure Survey","Employment by sex, status in employment and economic activity (thousands)","Male","Status in employment (Aggregate): Total","Economic activity (Aggregate): Manufacturing","2003",859.08,,,,"Repository: ILO-STATISTICS - Micro data processing"
"Philippines","HIES - Household Income and Expenditure Survey","Employment by sex, status in employment and economic activity (thousands)","Male","Status in employment (Aggregate): Total","Economic activity (Aggregate): Construction","2003",827.42,,,,"Repository: ILO-STATISTICS - Micro data processing"
"Philippines","HIES - Household Income and Expenditure Survey","Employment by sex, status in employment and economic activity (thousands)","Male","Status in employment (Aggregate): Total","Economic activity (Aggregate): Mining and quarrying; Electricity, gas and water supply","2003",104.022,,,,"Repository: ILO-STATISTICS - Micro data processing"
"Philippines","HIES - Household Income and Expenditure Survey","Employment by sex, status in employment and economic activity (thousands)","Male","Status in employment (Aggregate): Total","Economic activity (Aggregate): Trade, Transportation, Accommodation and Food, and Business and Administrative Services","2003",2808.507,,,,"Repository: ILO-STATISTICS - Micro data processing"
"Philippines","HIES - Household Income and Expenditure Survey","Employment by sex, status in employment and economic activity (thousands)","Male","Status in employment (Aggregate): Total","Economic activity (Aggregate): Public Administration, Community, Social and other Services and Activities","2003",890.796,,,,"Repository: ILO-STATISTICS - Micro data processing"
"Philippines","HIES - Household Income and Expenditure Survey","Employment by sex, status in employment and economic activity (thousands)","Female","Status in employment (Aggregate): Total","Economic activity (Aggregate): Total","2003",6058.094,,,,"Repository: ILO-STATISTICS - Micro data processing"
"Philippines","HIES - Household Income and Expenditure Survey","Employment by sex, status in employment and economic activity (thousands)","Female","Status in employment (Aggregate): Total","Economic activity (Aggregate): Agriculture","2003",1355.251,,,,"Repository: ILO-STATISTICS - Micro data processing"
"Philippines","HIES - Household Income and Expenditure Survey","Employment by sex, status in employment and economic activity (thousands)","Female","Status in employment (Aggregate): Total","Economic activity (Aggregate): Manufacturing","2003",707.714,,,,"Repository: ILO-STATISTICS - Micro data processing"
"Philippines","HIES - Household Income and Expenditure Survey","Employment by sex, status in employment and economic activity (thousands)","Female","Status in employment (Aggregate): Total","Economic activity (Aggregate): Construction","2003",13.578,,,,"Repository: ILO-STATISTICS - Micro data processing"
"Philippines","HIES - Household Income and Expenditure Survey","Employment by sex, status in employment and economic activity (thousands)","Female","Status in employment (Aggregate): Total","Economic activity (Aggregate): Mining and quarrying; Electricity, gas and water supply","2003",15.572,,,,"Repository: ILO-STATISTICS - Micro data processing"
"Philippines","HIES - Household Income and Expenditure Survey","Employment by sex, status in employment and economic activity (thousands)","Female","Status in employment (Aggregate): Total","Economic activity (Aggregate): Trade, Transportation, Accommodation and Food, and Business and Administrative Services","2003",2302.48,,,,"Repository: ILO-STATISTICS - Micro data processing"
"Philippines","HIES - Household Income and Expenditure Survey","Employment by sex, status in employment and economic activity (thousands)","Female","Status in employment (Aggregate): Total","Economic activity (Aggregate): Public Administration, Community, Social and other Services and Activities","2003",1663.497,,,,"Repository: ILO-STATISTICS - Micro data processing"
"Singapore","LFS - Labour Force Survey","Employment by sex, status in employment and economic activity (thousands)","Total","Status in employment (Aggregate): Total","Economic activity (Aggregate): Total","2024",2365.563,,,,"Repository: ILO-STATISTICS - Micro data processing"
"Singapore","LFS - Labour Force Survey","Employment by sex, status in employment and economic activity (thousands)","Total","Status in employment (Aggregate): Total","Economic activity (Aggregate): Agriculture","2024",2.318,,,,"Repository: ILO-STATISTICS - Micro data processing"
"Singapore","LFS - Labour Force Survey","Employment by sex, status in employment and economic activity (thousands)","Total","Status in employment (Aggregate): Total","Economic activity (Aggregate): Manufacturing","2024",212.215,,,,"Repository: ILO-STATISTICS - Micro data processing"
"Singapore","LFS - Labour Force Survey","Employment by sex, status in employment and economic activity (thousands)","Total","Status in employment (Aggregate): Total","Economic activity (Aggregate): Construction","2024",102.889,,,,"Repository: ILO-STATISTICS - Micro data processing"
"Singapore","LFS - Labour Force Survey","Employment by sex, status in employment and economic activity (thousands)","Total","Status in employment (Aggregate): Total","Economic activity (Aggregate): Mining and quarrying; Electricity, gas and water supply","2024",19.92,,,,"Repository: ILO-STATISTICS - Micro data processing"
"Singapore","LFS - Labour Force Survey","Employment by sex, status in employment and economic activity (thousands)","Total","Status in employment (Aggregate): Total","Economic activity (Aggregate): Trade, Transportation, Accommodation and Food, and Business and Administrative Services","2024",1437.208,,,,"Repository: ILO-STATISTICS - Micro data processing"
"Singapore","LFS - Labour Force Survey","Employment by sex, status in employment and economic activity (thousands)","Total","Status in employment (Aggregate): Total","Economic activity (Aggregate): Public Administration, Community, Social and other Services and Activities","2024",591.012,,,,"Repository: ILO-STATISTICS - Micro data processing"
"Singapore","LFS - Labour Force Survey","Employment by sex, status in employment and economic activity (thousands)","Male","Status in employment (Aggregate): Total","Economic activity (Aggregate): Total","2024",1237.954,,,,"Repository: ILO-STATISTICS - Micro data processing"
"Singapore","LFS - Labour Force Survey","Employment by sex, status in employment and economic activity (thousands)","Male","Status in employment (Aggregate): Total","Economic activity (Aggregate): Agriculture","2024",1.421,,,,"Repository: ILO-STATISTICS - Micro data processing"
"Singapore","LFS - Labour Force Survey","Employment by sex, status in employment and economic activity (thousands)","Male","Status in employment (Aggregate): Total","Economic activity (Aggregate): Manufacturing","2024",132.216,,,,"Repository: ILO-STATISTICS - Micro data processing"
"Singapore","LFS - Labour Force Survey","Employment by sex, status in employment and economic activity (thousands)","Male","Status in employment (Aggregate): Total","Economic activity (Aggregate): Construction","2024",72.749,,,,"Repository: ILO-STATISTICS - Micro data processing"
"Singapore","LFS - Labour Force Survey","Employment by sex, status in employment and economic activity (thousands)","Male","Status in employment (Aggregate): Total","Economic activity (Aggregate): Mining and quarrying; Electricity, gas and water supply","2024",14.225,,,,"Repository: ILO-STATISTICS - Micro data processing"
"Singapore","LFS - Labour Force Survey","Employment by sex, status in employment and economic activity (thousands)","Male","Status in employment (Aggregate): Total","Economic activity (Aggregate): Trade, Transportation, Accommodation and Food, and Business and Administrative Services","2024",770.856,,,,"Repository: ILO-STATISTICS - Micro data processing"
"Singapore","LFS - Labour Force Survey","Employment by sex, status in employment and economic activity (thousands)","Male","Status in employment (Aggregate): Total","Economic activity (Aggregate): Public Administration, Community, Social and other Services and Activities","2024",246.488,,,,"Repository: ILO-STATISTICS - Micro data processing"
"Singapore","LFS - Labour Force Survey","Employment by sex, status in employment and economic activity (thousands)","Female","Status in employment (Aggregate): Total","Economic activity (Aggregate): Total","2024",1127.609,,,,"Repository: ILO-STATISTICS - Micro data processing"
"Singapore","LFS - Labour Force Survey","Employment by sex, status in employment and economic activity (thousands)","Female","Status in employment (Aggregate): Total","Economic activity (Aggregate): Agriculture","2024",0.897,"Unreliable",,,"Repository: ILO-STATISTICS - Micro data processing"
"Singapore","LFS - Labour Force Survey","Employment by sex, status in employment and economic activity (thousands)","Female","Status in employment (Aggregate): Total","Economic activity (Aggregate): Manufacturing","2024",80,,,,"Repository: ILO-STATISTICS - Micro data processing"
"Singapore","LFS - Labour Force Survey","Employment by sex, status in employment and economic activity (thousands)","Female","Status in employment (Aggregate): Total","Economic activity (Aggregate): Construction","2024",30.14,,,,"Repository: ILO-STATISTICS - Micro data processing"
"Singapore","LFS - Labour Force Survey","Employment by sex, status in employment and economic activity (thousands)","Female","Status in employment (Aggregate): Total","Economic activity (Aggregate): Mining and quarrying; Electricity, gas and water supply","2024",5.695,,,,"Repository: ILO-STATISTICS - Micro data processing"
"Singapore","LFS - Labour Force Survey","Employment by sex, status in employment and economic activity (thousands)","Female","Status in employment (Aggregate): Total","Economic activity (Aggregate): Trade, Transportation, Accommodation and Food, and Business and Administrative Services","2024",666.352,,,,"Repository: ILO-STATISTICS - Micro data processing"
"Singapore","LFS - Labour Force Survey","Employment by sex, status in employment and economic activity (thousands)","Female","Status in employment (Aggregate): Total","Economic activity (Aggregate): Public Administration, Community, Social and other Services and Activities","2024",344.524,,,,"Repository: ILO-STATISTICS - Micro data processing"
"Singapore","LFS - Labour Force Survey","Employment by sex, status in employment and economic activity (thousands)","Total","Status in employment (Aggregate): Total","Economic activity (Aggregate): Total","2023",2352.323,,,,"Repository: ILO-STATISTICS - Micro data processing"
"Singapore","LFS - Labour Force Survey","Employment by sex, status in employment and economic activity (thousands)","Total","Status in employment (Aggregate): Total","Economic activity (Aggregate): Agriculture","2023",1.872,,,,"Repository: ILO-STATISTICS - Micro data processing"
"Singapore","LFS - Labour Force Survey","Employment by sex, status in employment and economic activity (thousands)","Total","Status in employment (Aggregate): Total","Economic activity (Aggregate): Manufacturing","2023",211.964,,,,"Repository: ILO-STATISTICS - Micro data processing"
"Singapore","LFS - Labour Force Survey","Employment by sex, status in employment and economic activity (thousands)","Total","Status in employment (Aggregate): Total","Economic activity (Aggregate): Construction","2023",94.267,,,,"Repository: ILO-STATISTICS - Micro data processing"
"Singapore","LFS - Labour Force Survey","Employment by sex, status in employment and economic activity (thousands)","Total","Status in employment (Aggregate): Total","Economic activity (Aggregate): Mining and quarrying; Electricity, gas and water supply","2023",19.408,,,,"Repository: ILO-STATISTICS - Micro data processing"
"Singapore","LFS - Labour Force Survey","Employment by sex, status in employment and economic activity (thousands)","Total","Status in employment (Aggregate): Total","Economic activity (Aggregate): Trade, Transportation, Accommodation and Food, and Business and Administrative Services","2023",1444.021,,,,"Repository: ILO-STATISTICS - Micro data processing"
"Singapore","LFS - Labour Force Survey","Employment by sex, status in employment and economic activity (thousands)","Total","Status in employment (Aggregate): Total","Economic activity (Aggregate): Public Administration, Community, Social and other Services and Activities","2023",580.791,,,,"Repository: ILO-STATISTICS - Micro data processing"
"Singapore","LFS - Labour Force Survey","Employment by sex, status in employment and economic activity (thousands)","Male","Status in employment (Aggregate): Total","Economic activity (Aggregate): Total","2023",1243.99,,,,"Repository: ILO-STATISTICS - Micro data processing"
"Singapore","LFS - Labour Force Survey","Employment by sex, status in employment and economic activity (thousands)","Male","Status in employment (Aggregate): Total","Economic activity (Aggregate): Agriculture","2023",1.118,,,,"Repository: ILO-STATISTICS - Micro data processing"
"Singapore","LFS - Labour Force Survey","Employment by sex, status in employment and economic activity (thousands)","Male","Status in employment (Aggregate): Total","Economic activity (Aggregate): Manufacturing","2023",130.245,,,,"Repository: ILO-STATISTICS - Micro data processing"
"Singapore","LFS - Labour Force Survey","Employment by sex, status in employment and economic activity (thousands)","Male","Status in employment (Aggregate): Total","Economic activity (Aggregate): Construction","2023",66.088,,,,"Repository: ILO-STATISTICS - Micro data processing"
"Singapore","LFS - Labour Force Survey","Employment by sex, status in employment and economic activity (thousands)","Male","Status in employment (Aggregate): Total","Economic activity (Aggregate): Mining and quarrying; Electricity, gas and water supply","2023",13.466,,,,"Repository: ILO-STATISTICS - Micro data processing"
"Singapore","LFS - Labour Force Survey","Employment by sex, status in employment and economic activity (thousands)","Male","Status in employment (Aggregate): Total","Economic activity (Aggregate): Trade, Transportation, Accommodation and Food, and Business and Administrative Services","2023",790.859,,,,"Repository: ILO-STATISTICS - Micro data processing"
"Singapore","LFS - Labour Force Survey","Employment by sex, status in employment and economic activity (thousands)","Male","Status in employment (Aggregate): Total","Economic activity (Aggregate): Public Administration, Community, Social and other Services and Activities","2023",242.214,,,,"Repository: ILO-STATISTICS - Micro data processing"
"Singapore","LFS - Labour Force Survey","Employment by sex, status in employment and economic activity (thousands)","Female","Status in employment (Aggregate): Total","Economic activity (Aggregate): Total","2023",1108.333,,,,"Repository: ILO-STATISTICS - Micro data processing"
"Singapore","LFS - Labour Force Survey","Employment by sex, status in employment and economic activity (thousands)","Female","Status in employment (Aggregate): Total","Economic activity (Aggregate): Agriculture","2023",0.754,"Unreliable",,,"Repository: ILO-STATISTICS - Micro data processing"
"Singapore","LFS - Labour Force Survey","Employment by sex, status in employment and economic activity (thousands)","Female","Status in employment (Aggregate): Total","Economic activity (Aggregate): Manufacturing","2023",81.719,,,,"Repository: ILO-STATISTICS - Micro data processing"
"Singapore","LFS - Labour Force Survey","Employment by sex, status in employment and economic activity (thousands)","Female","Status in employment (Aggregate): Total","Economic activity (Aggregate): Construction","2023",28.179,,,,"Repository: ILO-STATISTICS - Micro data processing"
"Singapore","LFS - Labour Force Survey","Employment by sex, status in employment and economic activity (thousands)","Female","Status in employment (Aggregate): Total","Economic activity (Aggregate): Mining and quarrying; Electricity, gas and water supply","2023",5.942,,,,"Repository: ILO-STATISTICS - Micro data processing"
"Singapore","LFS - Labour Force Survey","Employment by sex, status in employment and economic activity (thousands)","Female","Status in employment (Aggregate): Total","Economic activity (Aggregate): Trade, Transportation, Accommodation and Food, and Business and Administrative Services","2023",653.162,,,,"Repository: ILO-STATISTICS - Micro data processing"
"Singapore","LFS - Labour Force Survey","Employment by sex, status in employment and economic activity (thousands)","Female","Status in employment (Aggregate): Total","Economic activity (Aggregate): Public Administration, Community, Social and other Services and Activities","2023",338.577,,,,"Repository: ILO-STATISTICS - Micro data processing"
"Singapore","LFS - Labour Force Survey","Employment by sex, status in employment and economic activity (thousands)","Total","Status in employment (Aggregate): Total","Economic activity (Aggregate): Total","2022",2350.421,,,,"Repository: ILO-STATISTICS - Micro data processing"
"Singapore","LFS - Labour Force Survey","Employment by sex, status in employment and economic activity (thousands)","Total","Status in employment (Aggregate): Total","Economic activity (Aggregate): Agriculture","2022",2.138,,,,"Repository: ILO-STATISTICS - Micro data processing"
"Singapore","LFS - Labour Force Survey","Employment by sex, status in employment and economic activity (thousands)","Total","Status in employment (Aggregate): Total","Economic activity (Aggregate): Manufacturing","2022",224.88,,,,"Repository: ILO-STATISTICS - Micro data processing"
"Singapore","LFS - Labour Force Survey","Employment by sex, status in employment and economic activity (thousands)","Total","Status in employment (Aggregate): Total","Economic activity (Aggregate): Construction","2022",97.735,,,,"Repository: ILO-STATISTICS - Micro data processing"
"Singapore","LFS - Labour Force Survey","Employment by sex, status in employment and economic activity (thousands)","Total","Status in employment (Aggregate): Total","Economic activity (Aggregate): Mining and quarrying; Electricity, gas and water supply","2022",19.714,,,,"Repository: ILO-STATISTICS - Micro data processing"
"Singapore","LFS - Labour Force Survey","Employment by sex, status in employment and economic activity (thousands)","Total","Status in employment (Aggregate): Total","Economic activity (Aggregate): Trade, Transportation, Accommodation and Food, and Business and Administrative Services","2022",1431.872,,,,"Repository: ILO-STATISTICS - Micro data processing"
"Singapore","LFS - Labour Force Survey","Employment by sex, status in employment and economic activity (thousands)","Total","Status in employment (Aggregate): Total","Economic activity (Aggregate): Public Administration, Community, Social and other Services and Activities","2022",574.082,,,,"Repository: ILO-STATISTICS - Micro data processing"
"Singapore","LFS - Labour Force Survey","Employment by sex, status in employment and economic activity (thousands)","Male","Status in employment (Aggregate): Total","Economic activity (Aggregate): Total","2022",1256.191,,,,"Repository: ILO-STATISTICS - Micro data processing"
"Singapore","LFS - Labour Force Survey","Employment by sex, status in employment and economic activity (thousands)","Male","Status in employment (Aggregate): Total","Economic activity (Aggregate): Agriculture","2022",1.283,,,,"Repository: ILO-STATISTICS - Micro data processing"
"Singapore","LFS - Labour Force Survey","Employment by sex, status in employment and economic activity (thousands)","Male","Status in employment (Aggregate): Total","Economic activity (Aggregate): Manufacturing","2022",141.676,,,,"Repository: ILO-STATISTICS - Micro data processing"
"Singapore","LFS - Labour Force Survey","Employment by sex, status in employment and economic activity (thousands)","Male","Status in employment (Aggregate): Total","Economic activity (Aggregate): Construction","2022",68.689,,,,"Repository: ILO-STATISTICS - Micro data processing"
"Singapore","LFS - Labour Force Survey","Employment by sex, status in employment and economic activity (thousands)","Male","Status in employment (Aggregate): Total","Economic activity (Aggregate): Mining and quarrying; Electricity, gas and water supply","2022",13.366,,,,"Repository: ILO-STATISTICS - Micro data processing"
"Singapore","LFS - Labour Force Survey","Employment by sex, status in employment and economic activity (thousands)","Male","Status in employment (Aggregate): Total","Economic activity (Aggregate): Trade, Transportation, Accommodation and Food, and Business and Administrative Services","2022",782.155,,,,"Repository: ILO-STATISTICS - Micro data processing"
"Singapore","LFS - Labour Force Survey","Employment by sex, status in employment and economic activity (thousands)","Male","Status in employment (Aggregate): Total","Economic activity (Aggregate): Public Administration, Community, Social and other Services and Activities","2022",249.023,,,,"Repository: ILO-STATISTICS - Micro data processing"
"Singapore","LFS - Labour Force Survey","Employment by sex, status in employment and economic activity (thousands)","Female","Status in employment (Aggregate): Total","Economic activity (Aggregate): Total","2022",1094.23,,,,"Repository: ILO-STATISTICS - Micro data processing"
"Singapore","LFS - Labour Force Survey","Employment by sex, status in employment and economic activity (thousands)","Female","Status in employment (Aggregate): Total","Economic activity (Aggregate): Agriculture","2022",0.855,"Unreliable",,,"Repository: ILO-STATISTICS - Micro data processing"
"Singapore","LFS - Labour Force Survey","Employment by sex, status in employment and economic activity (thousands)","Female","Status in employment (Aggregate): Total","Economic activity (Aggregate): Manufacturing","2022",83.204,,,,"Repository: ILO-STATISTICS - Micro data processing"
"Singapore","LFS - Labour Force Survey","Employment by sex, status in employment and economic activity (thousands)","Female","Status in employment (Aggregate): Total","Economic activity (Aggregate): Construction","2022",29.047,,,,"Repository: ILO-STATISTICS - Micro data processing"
"Singapore","LFS - Labour Force Survey","Employment by sex, status in employment and economic activity (thousands)","Female","Status in employment (Aggregate): Total","Economic activity (Aggregate): Mining and quarrying; Electricity, gas and water supply","2022",6.348,,,,"Repository: ILO-STATISTICS - Micro data processing"
"Singapore","LFS - Labour Force Survey","Employment by sex, status in employment and economic activity (thousands)","Female","Status in employment (Aggregate): Total","Economic activity (Aggregate): Trade, Transportation, Accommodation and Food, and Business and Administrative Services","2022",649.717,,,,"Repository: ILO-STATISTICS - Micro data processing"
"Singapore","LFS - Labour Force Survey","Employment by sex, status in employment and economic activity (thousands)","Female","Status in employment (Aggregate): Total","Economic activity (Aggregate): Public Administration, Community, Social and other Services and Activities","2022",325.059,,,,"Repository: ILO-STATISTICS - Micro data processing"
"Singapore","LFS - Labour Force Survey","Employment by sex, status in employment and economic activity (thousands)","Total","Status in employment (Aggregate): Total","Economic activity (Aggregate): Total","2021",2286.531,,,,"Repository: ILO-STATISTICS - Micro data processing"
"Singapore","LFS - Labour Force Survey","Employment by sex, status in employment and economic activity (thousands)","Total","Status in employment (Aggregate): Total","Economic activity (Aggregate): Agriculture","2021",2.463,,,,"Repository: ILO-STATISTICS - Micro data processing"
"Singapore","LFS - Labour Force Survey","Employment by sex, status in employment and economic activity (thousands)","Total","Status in employment (Aggregate): Total","Economic activity (Aggregate): Manufacturing","2021",212.128,,,,"Repository: ILO-STATISTICS - Micro data processing"
"Singapore","LFS - Labour Force Survey","Employment by sex, status in employment and economic activity (thousands)","Total","Status in employment (Aggregate): Total","Economic activity (Aggregate): Construction","2021",98.441,,,,"Repository: ILO-STATISTICS - Micro data processing"
"Singapore","LFS - Labour Force Survey","Employment by sex, status in employment and economic activity (thousands)","Total","Status in employment (Aggregate): Total","Economic activity (Aggregate): Mining and quarrying; Electricity, gas and water supply","2021",19.516,,,,"Repository: ILO-STATISTICS - Micro data processing"
"Singapore","LFS - Labour Force Survey","Employment by sex, status in employment and economic activity (thousands)","Total","Status in employment (Aggregate): Total","Economic activity (Aggregate): Trade, Transportation, Accommodation and Food, and Business and Administrative Services","2021",1377.602,,,,"Repository: ILO-STATISTICS - Micro data processing"
"Singapore","LFS - Labour Force Survey","Employment by sex, status in employment and economic activity (thousands)","Total","Status in employment (Aggregate): Total","Economic activity (Aggregate): Public Administration, Community, Social and other Services and Activities","2021",574.974,,,,"Repository: ILO-STATISTICS - Micro data processing"
"Singapore","LFS - Labour Force Survey","Employment by sex, status in employment and economic activity (thousands)","Total","Status in employment (Aggregate): Total","Economic activity (Aggregate): Not classified","2021",1.407,,,,"Repository: ILO-STATISTICS - Micro data processing"
"Singapore","LFS - Labour Force Survey","Employment by sex, status in employment and economic activity (thousands)","Male","Status in employment (Aggregate): Total","Economic activity (Aggregate): Total","2021",1220.347,,,,"Repository: ILO-STATISTICS - Micro data processing"
"Singapore","LFS - Labour Force Survey","Employment by sex, status in employment and economic activity (thousands)","Male","Status in employment (Aggregate): Total","Economic activity (Aggregate): Agriculture","2021",1.292,,,,"Repository: ILO-STATISTICS - Micro data processing"
"Singapore","LFS - Labour Force Survey","Employment by sex, status in employment and economic activity (thousands)","Male","Status in employment (Aggregate): Total","Economic activity (Aggregate): Manufacturing","2021",131.818,,,,"Repository: ILO-STATISTICS - Micro data processing"
"Singapore","LFS - Labour Force Survey","Employment by sex, status in employment and economic activity (thousands)","Male","Status in employment (Aggregate): Total","Economic activity (Aggregate): Construction","2021",68.687,,,,"Repository: ILO-STATISTICS - Micro data processing"
"Singapore","LFS - Labour Force Survey","Employment by sex, status in employment and economic activity (thousands)","Male","Status in employment (Aggregate): Total","Economic activity (Aggregate): Mining and quarrying; Electricity, gas and water supply","2021",14.34,,,,"Repository: ILO-STATISTICS - Micro data processing"
"Singapore","LFS - Labour Force Survey","Employment by sex, status in employment and economic activity (thousands)","Male","Status in employment (Aggregate): Total","Economic activity (Aggregate): Trade, Transportation, Accommodation and Food, and Business and Administrative Services","2021",751.731,,,,"Repository: ILO-STATISTICS - Micro data processing"
"Singapore","LFS - Labour Force Survey","Employment by sex, status in employment and economic activity (thousands)","Male","Status in employment (Aggregate): Total","Economic activity (Aggregate): Public Administration, Community, Social and other Services and Activities","2021",251.833,,,,"Repository: ILO-STATISTICS - Micro data processing"
"Singapore","LFS - Labour Force Survey","Employment by sex, status in employment and economic activity (thousands)","Male","Status in employment (Aggregate): Total","Economic activity (Aggregate): Not classified","2021",0.646,"Unreliable",,,"Repository: ILO-STATISTICS - Micro data processing"
"Singapore","LFS - Labour Force Survey","Employment by sex, status in employment and economic activity (thousands)","Female","Status in employment (Aggregate): Total","Economic activity (Aggregate): Total","2021",1066.183,,,,"Repository: ILO-STATISTICS - Micro data processing"
"Singapore","LFS - Labour Force Survey","Employment by sex, status in employment and economic activity (thousands)","Female","Status in employment (Aggregate): Total","Economic activity (Aggregate): Agriculture","2021",1.171,,,,"Repository: ILO-STATISTICS - Micro data processing"
"Singapore","LFS - Labour Force Survey","Employment by sex, status in employment and economic activity (thousands)","Female","Status in employment (Aggregate): Total","Economic activity (Aggregate): Manufacturing","2021",80.309,,,,"Repository: ILO-STATISTICS - Micro data processing"
"Singapore","LFS - Labour Force Survey","Employment by sex, status in employment and economic activity (thousands)","Female","Status in employment (Aggregate): Total","Economic activity (Aggregate): Construction","2021",29.754,,,,"Repository: ILO-STATISTICS - Micro data processing"
"Singapore","LFS - Labour Force Survey","Employment by sex, status in employment and economic activity (thousands)","Female","Status in employment (Aggregate): Total","Economic activity (Aggregate): Mining and quarrying; Electricity, gas and water supply","2021",5.176,,,,"Repository: ILO-STATISTICS - Micro data processing"
"Singapore","LFS - Labour Force Survey","Employment by sex, status in employment and economic activity (thousands)","Female","Status in employment (Aggregate): Total","Economic activity (Aggregate): Trade, Transportation, Accommodation and Food, and Business and Administrative Services","2021",625.871,,,,"Repository: ILO-STATISTICS - Micro data processing"
"Singapore","LFS - Labour Force Survey","Employment by sex, status in employment and economic activity (thousands)","Female","Status in employment (Aggregate): Total","Economic activity (Aggregate): Public Administration, Community, Social and other Services and Activities","2021",323.141,,,,"Repository: ILO-STATISTICS - Micro data processing"
"Singapore","LFS - Labour Force Survey","Employment by sex, status in employment and economic activity (thousands)","Female","Status in employment (Aggregate): Total","Economic activity (Aggregate): Not classified","2021",0.761,"Unreliable",,,"Repository: ILO-STATISTICS - Micro data processing"
"Thailand","LFS - Labour Force Survey","Employment by sex, status in employment and economic activity (thousands)","Total","Status in employment (Aggregate): Total","Economic activity (Aggregate): Total","2024",39806.358,,,,"Repository: ILO-STATISTICS - Micro data processing"
"Thailand","LFS - Labour Force Survey","Employment by sex, status in employment and economic activity (thousands)","Total","Status in employment (Aggregate): Total","Economic activity (Aggregate): Agriculture","2024",11519.827,,,,"Repository: ILO-STATISTICS - Micro data processing"
"Thailand","LFS - Labour Force Survey","Employment by sex, status in employment and economic activity (thousands)","Total","Status in employment (Aggregate): Total","Economic activity (Aggregate): Manufacturing","2024",6287.381,,,,"Repository: ILO-STATISTICS - Micro data processing"
"Thailand","LFS - Labour Force Survey","Employment by sex, status in employment and economic activity (thousands)","Total","Status in employment (Aggregate): Total","Economic activity (Aggregate): Construction","2024",2303.785,,,,"Repository: ILO-STATISTICS - Micro data processing"
"Thailand","LFS - Labour Force Survey","Employment by sex, status in employment and economic activity (thousands)","Total","Status in employment (Aggregate): Total","Economic activity (Aggregate): Mining and quarrying; Electricity, gas and water supply","2024",253.217,,,,"Repository: ILO-STATISTICS - Micro data processing"
"Thailand","LFS - Labour Force Survey","Employment by sex, status in employment and economic activity (thousands)","Total","Status in employment (Aggregate): Total","Economic activity (Aggregate): Trade, Transportation, Accommodation and Food, and Business and Administrative Services","2024",14054.454,,,,"Repository: ILO-STATISTICS - Micro data processing"
"Thailand","LFS - Labour Force Survey","Employment by sex, status in employment and economic activity (thousands)","Total","Status in employment (Aggregate): Total","Economic activity (Aggregate): Public Administration, Community, Social and other Services and Activities","2024",5323.602,,,,"Repository: ILO-STATISTICS - Micro data processing"
"Thailand","LFS - Labour Force Survey","Employment by sex, status in employment and economic activity (thousands)","Total","Status in employment (Aggregate): Total","Economic activity (Aggregate): Not classified","2024",64.093,,,,"Repository: ILO-STATISTICS - Micro data processing"
"Thailand","LFS - Labour Force Survey","Employment by sex, status in employment and economic activity (thousands)","Male","Status in employment (Aggregate): Total","Economic activity (Aggregate): Total","2024",21419.24,,,,"Repository: ILO-STATISTICS - Micro data processing"
"Thailand","LFS - Labour Force Survey","Employment by sex, status in employment and economic activity (thousands)","Male","Status in employment (Aggregate): Total","Economic activity (Aggregate): Agriculture","2024",6879.261,,,,"Repository: ILO-STATISTICS - Micro data processing"
"Thailand","LFS - Labour Force Survey","Employment by sex, status in employment and economic activity (thousands)","Male","Status in employment (Aggregate): Total","Economic activity (Aggregate): Manufacturing","2024",3223.001,,,,"Repository: ILO-STATISTICS - Micro data processing"
"Thailand","LFS - Labour Force Survey","Employment by sex, status in employment and economic activity (thousands)","Male","Status in employment (Aggregate): Total","Economic activity (Aggregate): Construction","2024",1945.201,,,,"Repository: ILO-STATISTICS - Micro data processing"
"Thailand","LFS - Labour Force Survey","Employment by sex, status in employment and economic activity (thousands)","Male","Status in employment (Aggregate): Total","Economic activity (Aggregate): Mining and quarrying; Electricity, gas and water supply","2024",191.944,,,,"Repository: ILO-STATISTICS - Micro data processing"
"Thailand","LFS - Labour Force Survey","Employment by sex, status in employment and economic activity (thousands)","Male","Status in employment (Aggregate): Total","Economic activity (Aggregate): Trade, Transportation, Accommodation and Food, and Business and Administrative Services","2024",6820.964,,,,"Repository: ILO-STATISTICS - Micro data processing"
"Thailand","LFS - Labour Force Survey","Employment by sex, status in employment and economic activity (thousands)","Male","Status in employment (Aggregate): Total","Economic activity (Aggregate): Public Administration, Community, Social and other Services and Activities","2024",2326.863,,,,"Repository: ILO-STATISTICS - Micro data processing"
"Thailand","LFS - Labour Force Survey","Employment by sex, status in employment and economic activity (thousands)","Male","Status in employment (Aggregate): Total","Economic activity (Aggregate): Not classified","2024",32.007,,,,"Repository: ILO-STATISTICS - Micro data processing"
"Thailand","LFS - Labour Force Survey","Employment by sex, status in employment and economic activity (thousands)","Female","Status in employment (Aggregate): Total","Economic activity (Aggregate): Total","2024",18387.118,,,,"Repository: ILO-STATISTICS - Micro data processing"
"Thailand","LFS - Labour Force Survey","Employment by sex, status in employment and economic activity (thousands)","Female","Status in employment (Aggregate): Total","Economic activity (Aggregate): Agriculture","2024",4640.566,,,,"Repository: ILO-STATISTICS - Micro data processing"
"Thailand","LFS - Labour Force Survey","Employment by sex, status in employment and economic activity (thousands)","Female","Status in employment (Aggregate): Total","Economic activity (Aggregate): Manufacturing","2024",3064.38,,,,"Repository: ILO-STATISTICS - Micro data processing"
"Thailand","LFS - Labour Force Survey","Employment by sex, status in employment and economic activity (thousands)","Female","Status in employment (Aggregate): Total","Economic activity (Aggregate): Construction","2024",358.584,,,,"Repository: ILO-STATISTICS - Micro data processing"
"Thailand","LFS - Labour Force Survey","Employment by sex, status in employment and economic activity (thousands)","Female","Status in employment (Aggregate): Total","Economic activity (Aggregate): Mining and quarrying; Electricity, gas and water supply","2024",61.273,,,,"Repository: ILO-STATISTICS - Micro data processing"
"Thailand","LFS - Labour Force Survey","Employment by sex, status in employment and economic activity (thousands)","Female","Status in employment (Aggregate): Total","Economic activity (Aggregate): Trade, Transportation, Accommodation and Food, and Business and Administrative Services","2024",7233.489,,,,"Repository: ILO-STATISTICS - Micro data processing"
"Thailand","LFS - Labour Force Survey","Employment by sex, status in employment and economic activity (thousands)","Female","Status in employment (Aggregate): Total","Economic activity (Aggregate): Public Administration, Community, Social and other Services and Activities","2024",2996.739,,,,"Repository: ILO-STATISTICS - Micro data processing"
"Thailand","LFS - Labour Force Survey","Employment by sex, status in employment and economic activity (thousands)","Female","Status in employment (Aggregate): Total","Economic activity (Aggregate): Not classified","2024",32.086,,,,"Repository: ILO-STATISTICS - Micro data processing"
"Thailand","LFS - Labour Force Survey","Employment by sex, status in employment and economic activity (thousands)","Total","Status in employment (Aggregate): Total","Economic activity (Aggregate): Total","2023",39912.031,,,,"Repository: ILO-STATISTICS - Micro data processing"
"Thailand","LFS - Labour Force Survey","Employment by sex, status in employment and economic activity (thousands)","Total","Status in employment (Aggregate): Total","Economic activity (Aggregate): Agriculture","2023",12049.823,,,,"Repository: ILO-STATISTICS - Micro data processing"
"Thailand","LFS - Labour Force Survey","Employment by sex, status in employment and economic activity (thousands)","Total","Status in employment (Aggregate): Total","Economic activity (Aggregate): Manufacturing","2023",6259.92,,,,"Repository: ILO-STATISTICS - Micro data processing"
"Thailand","LFS - Labour Force Survey","Employment by sex, status in employment and economic activity (thousands)","Total","Status in employment (Aggregate): Total","Economic activity (Aggregate): Construction","2023",2259.684,,,,"Repository: ILO-STATISTICS - Micro data processing"
"Thailand","LFS - Labour Force Survey","Employment by sex, status in employment and economic activity (thousands)","Total","Status in employment (Aggregate): Total","Economic activity (Aggregate): Mining and quarrying; Electricity, gas and water supply","2023",222.256,,,,"Repository: ILO-STATISTICS - Micro data processing"
"Thailand","LFS - Labour Force Survey","Employment by sex, status in employment and economic activity (thousands)","Total","Status in employment (Aggregate): Total","Economic activity (Aggregate): Trade, Transportation, Accommodation and Food, and Business and Administrative Services","2023",13714.209,,,,"Repository: ILO-STATISTICS - Micro data processing"
"Thailand","LFS - Labour Force Survey","Employment by sex, status in employment and economic activity (thousands)","Total","Status in employment (Aggregate): Total","Economic activity (Aggregate): Public Administration, Community, Social and other Services and Activities","2023",5367.269,,,,"Repository: ILO-STATISTICS - Micro data processing"
"Thailand","LFS - Labour Force Survey","Employment by sex, status in employment and economic activity (thousands)","Total","Status in employment (Aggregate): Total","Economic activity (Aggregate): Not classified","2023",38.87,,,,"Repository: ILO-STATISTICS - Micro data processing"
"Thailand","LFS - Labour Force Survey","Employment by sex, status in employment and economic activity (thousands)","Male","Status in employment (Aggregate): Total","Economic activity (Aggregate): Total","2023",21370.676,,,,"Repository: ILO-STATISTICS - Micro data processing"
"Thailand","LFS - Labour Force Survey","Employment by sex, status in employment and economic activity (thousands)","Male","Status in employment (Aggregate): Total","Economic activity (Aggregate): Agriculture","2023",7092.195,,,,"Repository: ILO-STATISTICS - Micro data processing"
"Thailand","LFS - Labour Force Survey","Employment by sex, status in employment and economic activity (thousands)","Male","Status in employment (Aggregate): Total","Economic activity (Aggregate): Manufacturing","2023",3213.849,,,,"Repository: ILO-STATISTICS - Micro data processing"
"Thailand","LFS - Labour Force Survey","Employment by sex, status in employment and economic activity (thousands)","Male","Status in employment (Aggregate): Total","Economic activity (Aggregate): Construction","2023",1910.177,,,,"Repository: ILO-STATISTICS - Micro data processing"
"Thailand","LFS - Labour Force Survey","Employment by sex, status in employment and economic activity (thousands)","Male","Status in employment (Aggregate): Total","Economic activity (Aggregate): Mining and quarrying; Electricity, gas and water supply","2023",170.952,,,,"Repository: ILO-STATISTICS - Micro data processing"
"Thailand","LFS - Labour Force Survey","Employment by sex, status in employment and economic activity (thousands)","Male","Status in employment (Aggregate): Total","Economic activity (Aggregate): Trade, Transportation, Accommodation and Food, and Business and Administrative Services","2023",6669.499,,,,"Repository: ILO-STATISTICS - Micro data processing"
"Thailand","LFS - Labour Force Survey","Employment by sex, status in employment and economic activity (thousands)","Male","Status in employment (Aggregate): Total","Economic activity (Aggregate): Public Administration, Community, Social and other Services and Activities","2023",2293.803,,,,"Repository: ILO-STATISTICS - Micro data processing"
"Thailand","LFS - Labour Force Survey","Employment by sex, status in employment and economic activity (thousands)","Male","Status in employment (Aggregate): Total","Economic activity (Aggregate): Not classified","2023",20.2,,,,"Repository: ILO-STATISTICS - Micro data processing"
"Thailand","LFS - Labour Force Survey","Employment by sex, status in employment and economic activity (thousands)","Female","Status in employment (Aggregate): Total","Economic activity (Aggregate): Total","2023",18541.355,,,,"Repository: ILO-STATISTICS - Micro data processing"
"Thailand","LFS - Labour Force Survey","Employment by sex, status in employment and economic activity (thousands)","Female","Status in employment (Aggregate): Total","Economic activity (Aggregate): Agriculture","2023",4957.628,,,,"Repository: ILO-STATISTICS - Micro data processing"
"Thailand","LFS - Labour Force Survey","Employment by sex, status in employment and economic activity (thousands)","Female","Status in employment (Aggregate): Total","Economic activity (Aggregate): Manufacturing","2023",3046.071,,,,"Repository: ILO-STATISTICS - Micro data processing"
"Thailand","LFS - Labour Force Survey","Employment by sex, status in employment and economic activity (thousands)","Female","Status in employment (Aggregate): Total","Economic activity (Aggregate): Construction","2023",349.507,,,,"Repository: ILO-STATISTICS - Micro data processing"
"Thailand","LFS - Labour Force Survey","Employment by sex, status in employment and economic activity (thousands)","Female","Status in employment (Aggregate): Total","Economic activity (Aggregate): Mining and quarrying; Electricity, gas and water supply","2023",51.303,,,,"Repository: ILO-STATISTICS - Micro data processing"
"Thailand","LFS - Labour Force Survey","Employment by sex, status in employment and economic activity (thousands)","Female","Status in employment (Aggregate): Total","Economic activity (Aggregate): Trade, Transportation, Accommodation and Food, and Business and Administrative Services","2023",7044.71,,,,"Repository: ILO-STATISTICS - Micro data processing"
"Thailand","LFS - Labour Force Survey","Employment by sex, status in employment and economic activity (thousands)","Female","Status in employment (Aggregate): Total","Economic activity (Aggregate): Public Administration, Community, Social and other Services and Activities","2023",3073.465,,,,"Repository: ILO-STATISTICS - Micro data processing"
"Thailand","LFS - Labour Force Survey","Employment by sex, status in employment and economic activity (thousands)","Female","Status in employment (Aggregate): Total","Economic activity (Aggregate): Not classified","2023",18.669,,,,"Repository: ILO-STATISTICS - Micro data processing"
"Thailand","LFS - Labour Force Survey","Employment by sex, status in employment and economic activity (thousands)","Total","Status in employment (Aggregate): Total","Economic activity (Aggregate): Total","2022",39221.052,,,,"Repository: ILO-STATISTICS - Micro data processing"
"Thailand","LFS - Labour Force Survey","Employment by sex, status in employment and economic activity (thousands)","Total","Status in employment (Aggregate): Total","Economic activity (Aggregate): Agriculture","2022",11918.878,,,,"Repository: ILO-STATISTICS - Micro data processing"
"Thailand","LFS - Labour Force Survey","Employment by sex, status in employment and economic activity (thousands)","Total","Status in employment (Aggregate): Total","Economic activity (Aggregate): Manufacturing","2022",6276.325,,,,"Repository: ILO-STATISTICS - Micro data processing"
"Thailand","LFS - Labour Force Survey","Employment by sex, status in employment and economic activity (thousands)","Total","Status in employment (Aggregate): Total","Economic activity (Aggregate): Construction","2022",2204.902,,,,"Repository: ILO-STATISTICS - Micro data processing"
"Thailand","LFS - Labour Force Survey","Employment by sex, status in employment and economic activity (thousands)","Total","Status in employment (Aggregate): Total","Economic activity (Aggregate): Mining and quarrying; Electricity, gas and water supply","2022",229.859,,,,"Repository: ILO-STATISTICS - Micro data processing"
"Thailand","LFS - Labour Force Survey","Employment by sex, status in employment and economic activity (thousands)","Total","Status in employment (Aggregate): Total","Economic activity (Aggregate): Trade, Transportation, Accommodation and Food, and Business and Administrative Services","2022",13261.173,,,,"Repository: ILO-STATISTICS - Micro data processing"
"Thailand","LFS - Labour Force Survey","Employment by sex, status in employment and economic activity (thousands)","Total","Status in employment (Aggregate): Total","Economic activity (Aggregate): Public Administration, Community, Social and other Services and Activities","2022",5285.743,,,,"Repository: ILO-STATISTICS - Micro data processing"
"Thailand","LFS - Labour Force Survey","Employment by sex, status in employment and economic activity (thousands)","Total","Status in employment (Aggregate): Total","Economic activity (Aggregate): Not classified","2022",44.173,,,,"Repository: ILO-STATISTICS - Micro data processing"
"Thailand","LFS - Labour Force Survey","Employment by sex, status in employment and economic activity (thousands)","Male","Status in employment (Aggregate): Total","Economic activity (Aggregate): Total","2022",21058.125,,,,"Repository: ILO-STATISTICS - Micro data processing"
"Thailand","LFS - Labour Force Survey","Employment by sex, status in employment and economic activity (thousands)","Male","Status in employment (Aggregate): Total","Economic activity (Aggregate): Agriculture","2022",7013.942,,,,"Repository: ILO-STATISTICS - Micro data processing"
"Thailand","LFS - Labour Force Survey","Employment by sex, status in employment and economic activity (thousands)","Male","Status in employment (Aggregate): Total","Economic activity (Aggregate): Manufacturing","2022",3209.848,,,,"Repository: ILO-STATISTICS - Micro data processing"
"Thailand","LFS - Labour Force Survey","Employment by sex, status in employment and economic activity (thousands)","Male","Status in employment (Aggregate): Total","Economic activity (Aggregate): Construction","2022",1869.213,,,,"Repository: ILO-STATISTICS - Micro data processing"
"Thailand","LFS - Labour Force Survey","Employment by sex, status in employment and economic activity (thousands)","Male","Status in employment (Aggregate): Total","Economic activity (Aggregate): Mining and quarrying; Electricity, gas and water supply","2022",174.999,,,,"Repository: ILO-STATISTICS - Micro data processing"
"Thailand","LFS - Labour Force Survey","Employment by sex, status in employment and economic activity (thousands)","Male","Status in employment (Aggregate): Total","Economic activity (Aggregate): Trade, Transportation, Accommodation and Food, and Business and Administrative Services","2022",6493.441,,,,"Repository: ILO-STATISTICS - Micro data processing"
"Thailand","LFS - Labour Force Survey","Employment by sex, status in employment and economic activity (thousands)","Male","Status in employment (Aggregate): Total","Economic activity (Aggregate): Public Administration, Community, Social and other Services and Activities","2022",2279.777,,,,"Repository: ILO-STATISTICS - Micro data processing"
"Thailand","LFS - Labour Force Survey","Employment by sex, status in employment and economic activity (thousands)","Male","Status in employment (Aggregate): Total","Economic activity (Aggregate): Not classified","2022",16.906,,,,"Repository: ILO-STATISTICS - Micro data processing"
"Thailand","LFS - Labour Force Survey","Employment by sex, status in employment and economic activity (thousands)","Female","Status in employment (Aggregate): Total","Economic activity (Aggregate): Total","2022",18162.927,,,,"Repository: ILO-STATISTICS - Micro data processing"
"Thailand","LFS - Labour Force Survey","Employment by sex, status in employment and economic activity (thousands)","Female","Status in employment (Aggregate): Total","Economic activity (Aggregate): Agriculture","2022",4904.937,,,,"Repository: ILO-STATISTICS - Micro data processing"
"Thailand","LFS - Labour Force Survey","Employment by sex, status in employment and economic activity (thousands)","Female","Status in employment (Aggregate): Total","Economic activity (Aggregate): Manufacturing","2022",3066.477,,,,"Repository: ILO-STATISTICS - Micro data processing"
"Thailand","LFS - Labour Force Survey","Employment by sex, status in employment and economic activity (thousands)","Female","Status in employment (Aggregate): Total","Economic activity (Aggregate): Construction","2022",335.689,,,,"Repository: ILO-STATISTICS - Micro data processing"
"Thailand","LFS - Labour Force Survey","Employment by sex, status in employment and economic activity (thousands)","Female","Status in employment (Aggregate): Total","Economic activity (Aggregate): Mining and quarrying; Electricity, gas and water supply","2022",54.86,,,,"Repository: ILO-STATISTICS - Micro data processing"
"Thailand","LFS - Labour Force Survey","Employment by sex, status in employment and economic activity (thousands)","Female","Status in employment (Aggregate): Total","Economic activity (Aggregate): Trade, Transportation, Accommodation and Food, and Business and Administrative Services","2022",6767.732,,,,"Repository: ILO-STATISTICS - Micro data processing"
"Thailand","LFS - Labour Force Survey","Employment by sex, status in employment and economic activity (thousands)","Female","Status in employment (Aggregate): Total","Economic activity (Aggregate): Public Administration, Community, Social and other Services and Activities","2022",3005.965,,,,"Repository: ILO-STATISTICS - Micro data processing"
"Thailand","LFS - Labour Force Survey","Employment by sex, status in employment and economic activity (thousands)","Female","Status in employment (Aggregate): Total","Economic activity (Aggregate): Not classified","2022",27.267,,,,"Repository: ILO-STATISTICS - Micro data processing"
"Thailand","LFS - Labour Force Survey","Employment by sex, status in employment and economic activity (thousands)","Total","Status in employment (Aggregate): Total","Economic activity (Aggregate): Total","2021",37751.783,,,,"Repository: ILO-STATISTICS - Micro data processing"
"Thailand","LFS - Labour Force Survey","Employment by sex, status in employment and economic activity (thousands)","Total","Status in employment (Aggregate): Total","Economic activity (Aggregate): Agriculture","2021",12025.162,,,,"Repository: ILO-STATISTICS - Micro data processing"
"Thailand","LFS - Labour Force Survey","Employment by sex, status in employment and economic activity (thousands)","Total","Status in employment (Aggregate): Total","Economic activity (Aggregate): Manufacturing","2021",5921.386,,,,"Repository: ILO-STATISTICS - Micro data processing"
"Thailand","LFS - Labour Force Survey","Employment by sex, status in employment and economic activity (thousands)","Total","Status in employment (Aggregate): Total","Economic activity (Aggregate): Construction","2021",2208.578,,,,"Repository: ILO-STATISTICS - Micro data processing"
"Thailand","LFS - Labour Force Survey","Employment by sex, status in employment and economic activity (thousands)","Total","Status in employment (Aggregate): Total","Economic activity (Aggregate): Mining and quarrying; Electricity, gas and water supply","2021",266.694,,,,"Repository: ILO-STATISTICS - Micro data processing"
"Thailand","LFS - Labour Force Survey","Employment by sex, status in employment and economic activity (thousands)","Total","Status in employment (Aggregate): Total","Economic activity (Aggregate): Trade, Transportation, Accommodation and Food, and Business and Administrative Services","2021",12293.373,,,,"Repository: ILO-STATISTICS - Micro data processing"
"Thailand","LFS - Labour Force Survey","Employment by sex, status in employment and economic activity (thousands)","Total","Status in employment (Aggregate): Total","Economic activity (Aggregate): Public Administration, Community, Social and other Services and Activities","2021",4984.404,,,,"Repository: ILO-STATISTICS - Micro data processing"
"Thailand","LFS - Labour Force Survey","Employment by sex, status in employment and economic activity (thousands)","Total","Status in employment (Aggregate): Total","Economic activity (Aggregate): Not classified","2021",52.184,,,,"Repository: ILO-STATISTICS - Micro data processing"
"Thailand","LFS - Labour Force Survey","Employment by sex, status in employment and economic activity (thousands)","Male","Status in employment (Aggregate): Total","Economic activity (Aggregate): Total","2021",20459.576,,,,"Repository: ILO-STATISTICS - Micro data processing"
"Thailand","LFS - Labour Force Survey","Employment by sex, status in employment and economic activity (thousands)","Male","Status in employment (Aggregate): Total","Economic activity (Aggregate): Agriculture","2021",7117.01,,,,"Repository: ILO-STATISTICS - Micro data processing"
"Thailand","LFS - Labour Force Survey","Employment by sex, status in employment and economic activity (thousands)","Male","Status in employment (Aggregate): Total","Economic activity (Aggregate): Manufacturing","2021",3050.545,,,,"Repository: ILO-STATISTICS - Micro data processing"
"Thailand","LFS - Labour Force Survey","Employment by sex, status in employment and economic activity (thousands)","Male","Status in employment (Aggregate): Total","Economic activity (Aggregate): Construction","2021",1871.116,,,,"Repository: ILO-STATISTICS - Micro data processing"
"Thailand","LFS - Labour Force Survey","Employment by sex, status in employment and economic activity (thousands)","Male","Status in employment (Aggregate): Total","Economic activity (Aggregate): Mining and quarrying; Electricity, gas and water supply","2021",189.692,,,,"Repository: ILO-STATISTICS - Micro data processing"
"Thailand","LFS - Labour Force Survey","Employment by sex, status in employment and economic activity (thousands)","Male","Status in employment (Aggregate): Total","Economic activity (Aggregate): Trade, Transportation, Accommodation and Food, and Business and Administrative Services","2021",6071.692,,,,"Repository: ILO-STATISTICS - Micro data processing"
"Thailand","LFS - Labour Force Survey","Employment by sex, status in employment and economic activity (thousands)","Male","Status in employment (Aggregate): Total","Economic activity (Aggregate): Public Administration, Community, Social and other Services and Activities","2021",2134.623,,,,"Repository: ILO-STATISTICS - Micro data processing"
"Thailand","LFS - Labour Force Survey","Employment by sex, status in employment and economic activity (thousands)","Male","Status in employment (Aggregate): Total","Economic activity (Aggregate): Not classified","2021",24.898,,,,"Repository: ILO-STATISTICS - Micro data processing"
"Thailand","LFS - Labour Force Survey","Employment by sex, status in employment and economic activity (thousands)","Female","Status in employment (Aggregate): Total","Economic activity (Aggregate): Total","2021",17292.208,,,,"Repository: ILO-STATISTICS - Micro data processing"
"Thailand","LFS - Labour Force Survey","Employment by sex, status in employment and economic activity (thousands)","Female","Status in employment (Aggregate): Total","Economic activity (Aggregate): Agriculture","2021",4908.152,,,,"Repository: ILO-STATISTICS - Micro data processing"
"Thailand","LFS - Labour Force Survey","Employment by sex, status in employment and economic activity (thousands)","Female","Status in employment (Aggregate): Total","Economic activity (Aggregate): Manufacturing","2021",2870.84,,,,"Repository: ILO-STATISTICS - Micro data processing"
"Thailand","LFS - Labour Force Survey","Employment by sex, status in employment and economic activity (thousands)","Female","Status in employment (Aggregate): Total","Economic activity (Aggregate): Construction","2021",337.463,,,,"Repository: ILO-STATISTICS - Micro data processing"
"Thailand","LFS - Labour Force Survey","Employment by sex, status in employment and economic activity (thousands)","Female","Status in employment (Aggregate): Total","Economic activity (Aggregate): Mining and quarrying; Electricity, gas and water supply","2021",77.003,,,,"Repository: ILO-STATISTICS - Micro data processing"
"Thailand","LFS - Labour Force Survey","Employment by sex, status in employment and economic activity (thousands)","Female","Status in employment (Aggregate): Total","Economic activity (Aggregate): Trade, Transportation, Accommodation and Food, and Business and Administrative Services","2021",6221.681,,,,"Repository: ILO-STATISTICS - Micro data processing"
"Thailand","LFS - Labour Force Survey","Employment by sex, status in employment and economic activity (thousands)","Female","Status in employment (Aggregate): Total","Economic activity (Aggregate): Public Administration, Community, Social and other Services and Activities","2021",2849.781,,,,"Repository: ILO-STATISTICS - Micro data processing"
"Thailand","LFS - Labour Force Survey","Employment by sex, status in employment and economic activity (thousands)","Female","Status in employment (Aggregate): Total","Economic activity (Aggregate): Not classified","2021",27.287,,,,"Repository: ILO-STATISTICS - Micro data processing"
"Thailand","LFS - Labour Force Survey","Employment by sex, status in employment and economic activity (thousands)","Total","Status in employment (Aggregate): Total","Economic activity (Aggregate): Total","2020",37679.978,,,,"Repository: ILO-STATISTICS - Micro data processing"
"Thailand","LFS - Labour Force Survey","Employment by sex, status in employment and economic activity (thousands)","Total","Status in employment (Aggregate): Total","Economic activity (Aggregate): Agriculture","2020",11810.475,,,,"Repository: ILO-STATISTICS - Micro data processing"
"Thailand","LFS - Labour Force Survey","Employment by sex, status in employment and economic activity (thousands)","Total","Status in employment (Aggregate): Total","Economic activity (Aggregate): Manufacturing","2020",5976.229,,,,"Repository: ILO-STATISTICS - Micro data processing"
"Thailand","LFS - Labour Force Survey","Employment by sex, status in employment and economic activity (thousands)","Total","Status in employment (Aggregate): Total","Economic activity (Aggregate): Construction","2020",2232.422,,,,"Repository: ILO-STATISTICS - Micro data processing"
"Thailand","LFS - Labour Force Survey","Employment by sex, status in employment and economic activity (thousands)","Total","Status in employment (Aggregate): Total","Economic activity (Aggregate): Mining and quarrying; Electricity, gas and water supply","2020",295.77,,,,"Repository: ILO-STATISTICS - Micro data processing"
"Thailand","LFS - Labour Force Survey","Employment by sex, status in employment and economic activity (thousands)","Total","Status in employment (Aggregate): Total","Economic activity (Aggregate): Trade, Transportation, Accommodation and Food, and Business and Administrative Services","2020",12371.825,,,,"Repository: ILO-STATISTICS - Micro data processing"
"Thailand","LFS - Labour Force Survey","Employment by sex, status in employment and economic activity (thousands)","Total","Status in employment (Aggregate): Total","Economic activity (Aggregate): Public Administration, Community, Social and other Services and Activities","2020",4938.873,,,,"Repository: ILO-STATISTICS - Micro data processing"
"Thailand","LFS - Labour Force Survey","Employment by sex, status in employment and economic activity (thousands)","Total","Status in employment (Aggregate): Total","Economic activity (Aggregate): Not classified","2020",54.386,,,,"Repository: ILO-STATISTICS - Micro data processing"
"Thailand","LFS - Labour Force Survey","Employment by sex, status in employment and economic activity (thousands)","Male","Status in employment (Aggregate): Total","Economic activity (Aggregate): Total","2020",20452.176,,,,"Repository: ILO-STATISTICS - Micro data processing"
"Thailand","LFS - Labour Force Survey","Employment by sex, status in employment and economic activity (thousands)","Male","Status in employment (Aggregate): Total","Economic activity (Aggregate): Agriculture","2020",6995.649,,,,"Repository: ILO-STATISTICS - Micro data processing"
"Thailand","LFS - Labour Force Survey","Employment by sex, status in employment and economic activity (thousands)","Male","Status in employment (Aggregate): Total","Economic activity (Aggregate): Manufacturing","2020",3079.08,,,,"Repository: ILO-STATISTICS - Micro data processing"
"Thailand","LFS - Labour Force Survey","Employment by sex, status in employment and economic activity (thousands)","Male","Status in employment (Aggregate): Total","Economic activity (Aggregate): Construction","2020",1866.751,,,,"Repository: ILO-STATISTICS - Micro data processing"
"Thailand","LFS - Labour Force Survey","Employment by sex, status in employment and economic activity (thousands)","Male","Status in employment (Aggregate): Total","Economic activity (Aggregate): Mining and quarrying; Electricity, gas and water supply","2020",213.23,,,,"Repository: ILO-STATISTICS - Micro data processing"
"Thailand","LFS - Labour Force Survey","Employment by sex, status in employment and economic activity (thousands)","Male","Status in employment (Aggregate): Total","Economic activity (Aggregate): Trade, Transportation, Accommodation and Food, and Business and Administrative Services","2020",6132.446,,,,"Repository: ILO-STATISTICS - Micro data processing"
"Thailand","LFS - Labour Force Survey","Employment by sex, status in employment and economic activity (thousands)","Male","Status in employment (Aggregate): Total","Economic activity (Aggregate): Public Administration, Community, Social and other Services and Activities","2020",2137.348,,,,"Repository: ILO-STATISTICS - Micro data processing"
"Thailand","LFS - Labour Force Survey","Employment by sex, status in employment and economic activity (thousands)","Male","Status in employment (Aggregate): Total","Economic activity (Aggregate): Not classified","2020",27.672,,,,"Repository: ILO-STATISTICS - Micro data processing"
"Thailand","LFS - Labour Force Survey","Employment by sex, status in employment and economic activity (thousands)","Female","Status in employment (Aggregate): Total","Economic activity (Aggregate): Total","2020",17227.802,,,,"Repository: ILO-STATISTICS - Micro data processing"
"Thailand","LFS - Labour Force Survey","Employment by sex, status in employment and economic activity (thousands)","Female","Status in employment (Aggregate): Total","Economic activity (Aggregate): Agriculture","2020",4814.826,,,,"Repository: ILO-STATISTICS - Micro data processing"
"Thailand","LFS - Labour Force Survey","Employment by sex, status in employment and economic activity (thousands)","Female","Status in employment (Aggregate): Total","Economic activity (Aggregate): Manufacturing","2020",2897.149,,,,"Repository: ILO-STATISTICS - Micro data processing"
"Thailand","LFS - Labour Force Survey","Employment by sex, status in employment and economic activity (thousands)","Female","Status in employment (Aggregate): Total","Economic activity (Aggregate): Construction","2020",365.671,,,,"Repository: ILO-STATISTICS - Micro data processing"
"Thailand","LFS - Labour Force Survey","Employment by sex, status in employment and economic activity (thousands)","Female","Status in employment (Aggregate): Total","Economic activity (Aggregate): Mining and quarrying; Electricity, gas and water supply","2020",82.54,,,,"Repository: ILO-STATISTICS - Micro data processing"
"Thailand","LFS - Labour Force Survey","Employment by sex, status in employment and economic activity (thousands)","Female","Status in employment (Aggregate): Total","Economic activity (Aggregate): Trade, Transportation, Accommodation and Food, and Business and Administrative Services","2020",6239.379,,,,"Repository: ILO-STATISTICS - Micro data processing"
"Thailand","LFS - Labour Force Survey","Employment by sex, status in employment and economic activity (thousands)","Female","Status in employment (Aggregate): Total","Economic activity (Aggregate): Public Administration, Community, Social and other Services and Activities","2020",2801.525,,,,"Repository: ILO-STATISTICS - Micro data processing"
"Thailand","LFS - Labour Force Survey","Employment by sex, status in employment and economic activity (thousands)","Female","Status in employment (Aggregate): Total","Economic activity (Aggregate): Not classified","2020",26.713,,,,"Repository: ILO-STATISTICS - Micro data processing"
"Thailand","LFS - Labour Force Survey","Employment by sex, status in employment and economic activity (thousands)","Total","Status in employment (Aggregate): Total","Economic activity (Aggregate): Total","2019",37613.439,,,,"Repository: ILO-STATISTICS - Micro data processing"
"Thailand","LFS - Labour Force Survey","Employment by sex, status in employment and economic activity (thousands)","Total","Status in employment (Aggregate): Total","Economic activity (Aggregate): Agriculture","2019",11820.89,,,,"Repository: ILO-STATISTICS - Micro data processing"
"Thailand","LFS - Labour Force Survey","Employment by sex, status in employment and economic activity (thousands)","Total","Status in employment (Aggregate): Total","Economic activity (Aggregate): Manufacturing","2019",6124.719,,,,"Repository: ILO-STATISTICS - Micro data processing"
"Thailand","LFS - Labour Force Survey","Employment by sex, status in employment and economic activity (thousands)","Total","Status in employment (Aggregate): Total","Economic activity (Aggregate): Construction","2019",2191.157,,,,"Repository: ILO-STATISTICS - Micro data processing"
"Thailand","LFS - Labour Force Survey","Employment by sex, status in employment and economic activity (thousands)","Total","Status in employment (Aggregate): Total","Economic activity (Aggregate): Mining and quarrying; Electricity, gas and water supply","2019",276.295,,,,"Repository: ILO-STATISTICS - Micro data processing"
"Thailand","LFS - Labour Force Survey","Employment by sex, status in employment and economic activity (thousands)","Total","Status in employment (Aggregate): Total","Economic activity (Aggregate): Trade, Transportation, Accommodation and Food, and Business and Administrative Services","2019",12291.518,,,,"Repository: ILO-STATISTICS - Micro data processing"
"Thailand","LFS - Labour Force Survey","Employment by sex, status in employment and economic activity (thousands)","Total","Status in employment (Aggregate): Total","Economic activity (Aggregate): Public Administration, Community, Social and other Services and Activities","2019",4833.276,,,,"Repository: ILO-STATISTICS - Micro data processing"
"Thailand","LFS - Labour Force Survey","Employment by sex, status in employment and economic activity (thousands)","Total","Status in employment (Aggregate): Total","Economic activity (Aggregate): Not classified","2019",75.582,,,,"Repository: ILO-STATISTICS - Micro data processing"
"Thailand","LFS - Labour Force Survey","Employment by sex, status in employment and economic activity (thousands)","Male","Status in employment (Aggregate): Total","Economic activity (Aggregate): Total","2019",20466.358,,,,"Repository: ILO-STATISTICS - Micro data processing"
"Thailand","LFS - Labour Force Survey","Employment by sex, status in employment and economic activity (thousands)","Male","Status in employment (Aggregate): Total","Economic activity (Aggregate): Agriculture","2019",6972.82,,,,"Repository: ILO-STATISTICS - Micro data processing"
"Thailand","LFS - Labour Force Survey","Employment by sex, status in employment and economic activity (thousands)","Male","Status in employment (Aggregate): Total","Economic activity (Aggregate): Manufacturing","2019",3150.815,,,,"Repository: ILO-STATISTICS - Micro data processing"
"Thailand","LFS - Labour Force Survey","Employment by sex, status in employment and economic activity (thousands)","Male","Status in employment (Aggregate): Total","Economic activity (Aggregate): Construction","2019",1851.736,,,,"Repository: ILO-STATISTICS - Micro data processing"
"Thailand","LFS - Labour Force Survey","Employment by sex, status in employment and economic activity (thousands)","Male","Status in employment (Aggregate): Total","Economic activity (Aggregate): Mining and quarrying; Electricity, gas and water supply","2019",201.53,,,,"Repository: ILO-STATISTICS - Micro data processing"
"Thailand","LFS - Labour Force Survey","Employment by sex, status in employment and economic activity (thousands)","Male","Status in employment (Aggregate): Total","Economic activity (Aggregate): Trade, Transportation, Accommodation and Food, and Business and Administrative Services","2019",6124.114,,,,"Repository: ILO-STATISTICS - Micro data processing"
"Thailand","LFS - Labour Force Survey","Employment by sex, status in employment and economic activity (thousands)","Male","Status in employment (Aggregate): Total","Economic activity (Aggregate): Public Administration, Community, Social and other Services and Activities","2019",2126.145,,,,"Repository: ILO-STATISTICS - Micro data processing"
"Thailand","LFS - Labour Force Survey","Employment by sex, status in employment and economic activity (thousands)","Male","Status in employment (Aggregate): Total","Economic activity (Aggregate): Not classified","2019",39.198,,,,"Repository: ILO-STATISTICS - Micro data processing"
"Thailand","LFS - Labour Force Survey","Employment by sex, status in employment and economic activity (thousands)","Female","Status in employment (Aggregate): Total","Economic activity (Aggregate): Total","2019",17147.081,,,,"Repository: ILO-STATISTICS - Micro data processing"
"Thailand","LFS - Labour Force Survey","Employment by sex, status in employment and economic activity (thousands)","Female","Status in employment (Aggregate): Total","Economic activity (Aggregate): Agriculture","2019",4848.07,,,,"Repository: ILO-STATISTICS - Micro data processing"
"Thailand","LFS - Labour Force Survey","Employment by sex, status in employment and economic activity (thousands)","Female","Status in employment (Aggregate): Total","Economic activity (Aggregate): Manufacturing","2019",2973.905,,,,"Repository: ILO-STATISTICS - Micro data processing"
"Thailand","LFS - Labour Force Survey","Employment by sex, status in employment and economic activity (thousands)","Female","Status in employment (Aggregate): Total","Economic activity (Aggregate): Construction","2019",339.421,,,,"Repository: ILO-STATISTICS - Micro data processing"
"Thailand","LFS - Labour Force Survey","Employment by sex, status in employment and economic activity (thousands)","Female","Status in employment (Aggregate): Total","Economic activity (Aggregate): Mining and quarrying; Electricity, gas and water supply","2019",74.765,,,,"Repository: ILO-STATISTICS - Micro data processing"
"Thailand","LFS - Labour Force Survey","Employment by sex, status in employment and economic activity (thousands)","Female","Status in employment (Aggregate): Total","Economic activity (Aggregate): Trade, Transportation, Accommodation and Food, and Business and Administrative Services","2019",6167.404,,,,"Repository: ILO-STATISTICS - Micro data processing"
"Thailand","LFS - Labour Force Survey","Employment by sex, status in employment and economic activity (thousands)","Female","Status in employment (Aggregate): Total","Economic activity (Aggregate): Public Administration, Community, Social and other Services and Activities","2019",2707.131,,,,"Repository: ILO-STATISTICS - Micro data processing"
"Thailand","LFS - Labour Force Survey","Employment by sex, status in employment and economic activity (thousands)","Female","Status in employment (Aggregate): Total","Economic activity (Aggregate): Not classified","2019",36.384,,,,"Repository: ILO-STATISTICS - Micro data processing"
"Thailand","LFS - Labour Force Survey","Employment by sex, status in employment and economic activity (thousands)","Total","Status in employment (Aggregate): Total","Economic activity (Aggregate): Total","2018",37864.55,,,,"Repository: ILO-STATISTICS - Micro data processing"
"Thailand","LFS - Labour Force Survey","Employment by sex, status in employment and economic activity (thousands)","Total","Status in employment (Aggregate): Total","Economic activity (Aggregate): Agriculture","2018",12168.287,,,,"Repository: ILO-STATISTICS - Micro data processing"
"Thailand","LFS - Labour Force Survey","Employment by sex, status in employment and economic activity (thousands)","Total","Status in employment (Aggregate): Total","Economic activity (Aggregate): Manufacturing","2018",6258.594,,,,"Repository: ILO-STATISTICS - Micro data processing"
"Thailand","LFS - Labour Force Survey","Employment by sex, status in employment and economic activity (thousands)","Total","Status in employment (Aggregate): Total","Economic activity (Aggregate): Construction","2018",2112.383,,,,"Repository: ILO-STATISTICS - Micro data processing"
"Thailand","LFS - Labour Force Survey","Employment by sex, status in employment and economic activity (thousands)","Total","Status in employment (Aggregate): Total","Economic activity (Aggregate): Mining and quarrying; Electricity, gas and water supply","2018",263.92,,,,"Repository: ILO-STATISTICS - Micro data processing"
"Thailand","LFS - Labour Force Survey","Employment by sex, status in employment and economic activity (thousands)","Total","Status in employment (Aggregate): Total","Economic activity (Aggregate): Trade, Transportation, Accommodation and Food, and Business and Administrative Services","2018",12194.946,,,,"Repository: ILO-STATISTICS - Micro data processing"
"Thailand","LFS - Labour Force Survey","Employment by sex, status in employment and economic activity (thousands)","Total","Status in employment (Aggregate): Total","Economic activity (Aggregate): Public Administration, Community, Social and other Services and Activities","2018",4793.562,,,,"Repository: ILO-STATISTICS - Micro data processing"
"Thailand","LFS - Labour Force Survey","Employment by sex, status in employment and economic activity (thousands)","Total","Status in employment (Aggregate): Total","Economic activity (Aggregate): Not classified","2018",72.859,,,,"Repository: ILO-STATISTICS - Micro data processing"
"Thailand","LFS - Labour Force Survey","Employment by sex, status in employment and economic activity (thousands)","Male","Status in employment (Aggregate): Total","Economic activity (Aggregate): Total","2018",20629.659,,,,"Repository: ILO-STATISTICS - Micro data processing"
"Thailand","LFS - Labour Force Survey","Employment by sex, status in employment and economic activity (thousands)","Male","Status in employment (Aggregate): Total","Economic activity (Aggregate): Agriculture","2018",7139.352,,,,"Repository: ILO-STATISTICS - Micro data processing"
"Thailand","LFS - Labour Force Survey","Employment by sex, status in employment and economic activity (thousands)","Male","Status in employment (Aggregate): Total","Economic activity (Aggregate): Manufacturing","2018",3207.172,,,,"Repository: ILO-STATISTICS - Micro data processing"
"Thailand","LFS - Labour Force Survey","Employment by sex, status in employment and economic activity (thousands)","Male","Status in employment (Aggregate): Total","Economic activity (Aggregate): Construction","2018",1791.772,,,,"Repository: ILO-STATISTICS - Micro data processing"
"Thailand","LFS - Labour Force Survey","Employment by sex, status in employment and economic activity (thousands)","Male","Status in employment (Aggregate): Total","Economic activity (Aggregate): Mining and quarrying; Electricity, gas and water supply","2018",195.043,,,,"Repository: ILO-STATISTICS - Micro data processing"
"Thailand","LFS - Labour Force Survey","Employment by sex, status in employment and economic activity (thousands)","Male","Status in employment (Aggregate): Total","Economic activity (Aggregate): Trade, Transportation, Accommodation and Food, and Business and Administrative Services","2018",6111.331,,,,"Repository: ILO-STATISTICS - Micro data processing"
"Thailand","LFS - Labour Force Survey","Employment by sex, status in employment and economic activity (thousands)","Male","Status in employment (Aggregate): Total","Economic activity (Aggregate): Public Administration, Community, Social and other Services and Activities","2018",2145.321,,,,"Repository: ILO-STATISTICS - Micro data processing"
"Thailand","LFS - Labour Force Survey","Employment by sex, status in employment and economic activity (thousands)","Male","Status in employment (Aggregate): Total","Economic activity (Aggregate): Not classified","2018",39.669,,,,"Repository: ILO-STATISTICS - Micro data processing"
"Thailand","LFS - Labour Force Survey","Employment by sex, status in employment and economic activity (thousands)","Female","Status in employment (Aggregate): Total","Economic activity (Aggregate): Total","2018",17234.891,,,,"Repository: ILO-STATISTICS - Micro data processing"
"Thailand","LFS - Labour Force Survey","Employment by sex, status in employment and economic activity (thousands)","Female","Status in employment (Aggregate): Total","Economic activity (Aggregate): Agriculture","2018",5028.934,,,,"Repository: ILO-STATISTICS - Micro data processing"
"Thailand","LFS - Labour Force Survey","Employment by sex, status in employment and economic activity (thousands)","Female","Status in employment (Aggregate): Total","Economic activity (Aggregate): Manufacturing","2018",3051.422,,,,"Repository: ILO-STATISTICS - Micro data processing"
"Thailand","LFS - Labour Force Survey","Employment by sex, status in employment and economic activity (thousands)","Female","Status in employment (Aggregate): Total","Economic activity (Aggregate): Construction","2018",320.611,,,,"Repository: ILO-STATISTICS - Micro data processing"
"Thailand","LFS - Labour Force Survey","Employment by sex, status in employment and economic activity (thousands)","Female","Status in employment (Aggregate): Total","Economic activity (Aggregate): Mining and quarrying; Electricity, gas and water supply","2018",68.877,,,,"Repository: ILO-STATISTICS - Micro data processing"
"Thailand","LFS - Labour Force Survey","Employment by sex, status in employment and economic activity (thousands)","Female","Status in employment (Aggregate): Total","Economic activity (Aggregate): Trade, Transportation, Accommodation and Food, and Business and Administrative Services","2018",6083.616,,,,"Repository: ILO-STATISTICS - Micro data processing"
"Thailand","LFS - Labour Force Survey","Employment by sex, status in employment and economic activity (thousands)","Female","Status in employment (Aggregate): Total","Economic activity (Aggregate): Public Administration, Community, Social and other Services and Activities","2018",2648.241,,,,"Repository: ILO-STATISTICS - Micro data processing"
"Thailand","LFS - Labour Force Survey","Employment by sex, status in employment and economic activity (thousands)","Female","Status in employment (Aggregate): Total","Economic activity (Aggregate): Not classified","2018",33.19,,,,"Repository: ILO-STATISTICS - Micro data processing"
"Thailand","LFS - Labour Force Survey","Employment by sex, status in employment and economic activity (thousands)","Total","Status in employment (Aggregate): Total","Economic activity (Aggregate): Total","2017",37458.253,,,,"Repository: ILO-STATISTICS - Micro data processing"
"Thailand","LFS - Labour Force Survey","Employment by sex, status in employment and economic activity (thousands)","Total","Status in employment (Aggregate): Total","Economic activity (Aggregate): Agriculture","2017",11783.27,,,,"Repository: ILO-STATISTICS - Micro data processing"
"Thailand","LFS - Labour Force Survey","Employment by sex, status in employment and economic activity (thousands)","Total","Status in employment (Aggregate): Total","Economic activity (Aggregate): Manufacturing","2017",6107.537,,,,"Repository: ILO-STATISTICS - Micro data processing"
"Thailand","LFS - Labour Force Survey","Employment by sex, status in employment and economic activity (thousands)","Total","Status in employment (Aggregate): Total","Economic activity (Aggregate): Construction","2017",2160.202,,,,"Repository: ILO-STATISTICS - Micro data processing"
"Thailand","LFS - Labour Force Survey","Employment by sex, status in employment and economic activity (thousands)","Total","Status in employment (Aggregate): Total","Economic activity (Aggregate): Mining and quarrying; Electricity, gas and water supply","2017",290.52,,,,"Repository: ILO-STATISTICS - Micro data processing"
"Thailand","LFS - Labour Force Survey","Employment by sex, status in employment and economic activity (thousands)","Total","Status in employment (Aggregate): Total","Economic activity (Aggregate): Trade, Transportation, Accommodation and Food, and Business and Administrative Services","2017",12230.115,,,,"Repository: ILO-STATISTICS - Micro data processing"
"Thailand","LFS - Labour Force Survey","Employment by sex, status in employment and economic activity (thousands)","Total","Status in employment (Aggregate): Total","Economic activity (Aggregate): Public Administration, Community, Social and other Services and Activities","2017",4800.347,,,,"Repository: ILO-STATISTICS - Micro data processing"
"Thailand","LFS - Labour Force Survey","Employment by sex, status in employment and economic activity (thousands)","Total","Status in employment (Aggregate): Total","Economic activity (Aggregate): Not classified","2017",86.263,,,,"Repository: ILO-STATISTICS - Micro data processing"
"Thailand","LFS - Labour Force Survey","Employment by sex, status in employment and economic activity (thousands)","Male","Status in employment (Aggregate): Total","Economic activity (Aggregate): Total","2017",20423.17,,,,"Repository: ILO-STATISTICS - Micro data processing"
"Thailand","LFS - Labour Force Survey","Employment by sex, status in employment and economic activity (thousands)","Male","Status in employment (Aggregate): Total","Economic activity (Aggregate): Agriculture","2017",6931.734,,,,"Repository: ILO-STATISTICS - Micro data processing"
"Thailand","LFS - Labour Force Survey","Employment by sex, status in employment and economic activity (thousands)","Male","Status in employment (Aggregate): Total","Economic activity (Aggregate): Manufacturing","2017",3110.646,,,,"Repository: ILO-STATISTICS - Micro data processing"
"Thailand","LFS - Labour Force Survey","Employment by sex, status in employment and economic activity (thousands)","Male","Status in employment (Aggregate): Total","Economic activity (Aggregate): Construction","2017",1850.763,,,,"Repository: ILO-STATISTICS - Micro data processing"
"Thailand","LFS - Labour Force Survey","Employment by sex, status in employment and economic activity (thousands)","Male","Status in employment (Aggregate): Total","Economic activity (Aggregate): Mining and quarrying; Electricity, gas and water supply","2017",212.763,,,,"Repository: ILO-STATISTICS - Micro data processing"
"Thailand","LFS - Labour Force Survey","Employment by sex, status in employment and economic activity (thousands)","Male","Status in employment (Aggregate): Total","Economic activity (Aggregate): Trade, Transportation, Accommodation and Food, and Business and Administrative Services","2017",6154.551,,,,"Repository: ILO-STATISTICS - Micro data processing"
"Thailand","LFS - Labour Force Survey","Employment by sex, status in employment and economic activity (thousands)","Male","Status in employment (Aggregate): Total","Economic activity (Aggregate): Public Administration, Community, Social and other Services and Activities","2017",2117.406,,,,"Repository: ILO-STATISTICS - Micro data processing"
"Thailand","LFS - Labour Force Survey","Employment by sex, status in employment and economic activity (thousands)","Male","Status in employment (Aggregate): Total","Economic activity (Aggregate): Not classified","2017",45.309,,,,"Repository: ILO-STATISTICS - Micro data processing"
"Thailand","LFS - Labour Force Survey","Employment by sex, status in employment and economic activity (thousands)","Female","Status in employment (Aggregate): Total","Economic activity (Aggregate): Total","2017",17035.083,,,,"Repository: ILO-STATISTICS - Micro data processing"
"Thailand","LFS - Labour Force Survey","Employment by sex, status in employment and economic activity (thousands)","Female","Status in employment (Aggregate): Total","Economic activity (Aggregate): Agriculture","2017",4851.536,,,,"Repository: ILO-STATISTICS - Micro data processing"
"Thailand","LFS - Labour Force Survey","Employment by sex, status in employment and economic activity (thousands)","Female","Status in employment (Aggregate): Total","Economic activity (Aggregate): Manufacturing","2017",2996.891,,,,"Repository: ILO-STATISTICS - Micro data processing"
"Thailand","LFS - Labour Force Survey","Employment by sex, status in employment and economic activity (thousands)","Female","Status in employment (Aggregate): Total","Economic activity (Aggregate): Construction","2017",309.44,,,,"Repository: ILO-STATISTICS - Micro data processing"
"Thailand","LFS - Labour Force Survey","Employment by sex, status in employment and economic activity (thousands)","Female","Status in employment (Aggregate): Total","Economic activity (Aggregate): Mining and quarrying; Electricity, gas and water supply","2017",77.757,,,,"Repository: ILO-STATISTICS - Micro data processing"
"Thailand","LFS - Labour Force Survey","Employment by sex, status in employment and economic activity (thousands)","Female","Status in employment (Aggregate): Total","Economic activity (Aggregate): Trade, Transportation, Accommodation and Food, and Business and Administrative Services","2017",6075.564,,,,"Repository: ILO-STATISTICS - Micro data processing"
"Thailand","LFS - Labour Force Survey","Employment by sex, status in employment and economic activity (thousands)","Female","Status in employment (Aggregate): Total","Economic activity (Aggregate): Public Administration, Community, Social and other Services and Activities","2017",2682.941,,,,"Repository: ILO-STATISTICS - Micro data processing"
"Thailand","LFS - Labour Force Survey","Employment by sex, status in employment and economic activity (thousands)","Female","Status in employment (Aggregate): Total","Economic activity (Aggregate): Not classified","2017",40.954,,,,"Repository: ILO-STATISTICS - Micro data processing"
"Thailand","LFS - Labour Force Survey","Employment by sex, status in employment and economic activity (thousands)","Total","Status in employment (Aggregate): Total","Economic activity (Aggregate): Total","2016",37692.651,,,,"Repository: ILO-STATISTICS - Micro data processing"
"Thailand","LFS - Labour Force Survey","Employment by sex, status in employment and economic activity (thousands)","Total","Status in employment (Aggregate): Total","Economic activity (Aggregate): Agriculture","2016",11746.614,,,,"Repository: ILO-STATISTICS - Micro data processing"
"Thailand","LFS - Labour Force Survey","Employment by sex, status in employment and economic activity (thousands)","Total","Status in employment (Aggregate): Total","Economic activity (Aggregate): Manufacturing","2016",6288.506,,,,"Repository: ILO-STATISTICS - Micro data processing"
"Thailand","LFS - Labour Force Survey","Employment by sex, status in employment and economic activity (thousands)","Total","Status in employment (Aggregate): Total","Economic activity (Aggregate): Construction","2016",2352.14,,,,"Repository: ILO-STATISTICS - Micro data processing"
"Thailand","LFS - Labour Force Survey","Employment by sex, status in employment and economic activity (thousands)","Total","Status in employment (Aggregate): Total","Economic activity (Aggregate): Mining and quarrying; Electricity, gas and water supply","2016",283.699,,,,"Repository: ILO-STATISTICS - Micro data processing"
"Thailand","LFS - Labour Force Survey","Employment by sex, status in employment and economic activity (thousands)","Total","Status in employment (Aggregate): Total","Economic activity (Aggregate): Trade, Transportation, Accommodation and Food, and Business and Administrative Services","2016",12156.391,,,,"Repository: ILO-STATISTICS - Micro data processing"
"Thailand","LFS - Labour Force Survey","Employment by sex, status in employment and economic activity (thousands)","Total","Status in employment (Aggregate): Total","Economic activity (Aggregate): Public Administration, Community, Social and other Services and Activities","2016",4787.019,,,,"Repository: ILO-STATISTICS - Micro data processing"
"Thailand","LFS - Labour Force Survey","Employment by sex, status in employment and economic activity (thousands)","Total","Status in employment (Aggregate): Total","Economic activity (Aggregate): Not classified","2016",78.282,,,,"Repository: ILO-STATISTICS - Micro data processing"
"Thailand","LFS - Labour Force Survey","Employment by sex, status in employment and economic activity (thousands)","Male","Status in employment (Aggregate): Total","Economic activity (Aggregate): Total","2016",20522.206,,,,"Repository: ILO-STATISTICS - Micro data processing"
"Thailand","LFS - Labour Force Survey","Employment by sex, status in employment and economic activity (thousands)","Male","Status in employment (Aggregate): Total","Economic activity (Aggregate): Agriculture","2016",6868.653,,,,"Repository: ILO-STATISTICS - Micro data processing"
"Thailand","LFS - Labour Force Survey","Employment by sex, status in employment and economic activity (thousands)","Male","Status in employment (Aggregate): Total","Economic activity (Aggregate): Manufacturing","2016",3182.94,,,,"Repository: ILO-STATISTICS - Micro data processing"
"Thailand","LFS - Labour Force Survey","Employment by sex, status in employment and economic activity (thousands)","Male","Status in employment (Aggregate): Total","Economic activity (Aggregate): Construction","2016",2010.284,,,,"Repository: ILO-STATISTICS - Micro data processing"
"Thailand","LFS - Labour Force Survey","Employment by sex, status in employment and economic activity (thousands)","Male","Status in employment (Aggregate): Total","Economic activity (Aggregate): Mining and quarrying; Electricity, gas and water supply","2016",208.308,,,,"Repository: ILO-STATISTICS - Micro data processing"
"Thailand","LFS - Labour Force Survey","Employment by sex, status in employment and economic activity (thousands)","Male","Status in employment (Aggregate): Total","Economic activity (Aggregate): Trade, Transportation, Accommodation and Food, and Business and Administrative Services","2016",6120.049,,,,"Repository: ILO-STATISTICS - Micro data processing"
"Thailand","LFS - Labour Force Survey","Employment by sex, status in employment and economic activity (thousands)","Male","Status in employment (Aggregate): Total","Economic activity (Aggregate): Public Administration, Community, Social and other Services and Activities","2016",2094.098,,,,"Repository: ILO-STATISTICS - Micro data processing"
"Thailand","LFS - Labour Force Survey","Employment by sex, status in employment and economic activity (thousands)","Male","Status in employment (Aggregate): Total","Economic activity (Aggregate): Not classified","2016",37.875,,,,"Repository: ILO-STATISTICS - Micro data processing"
"Thailand","LFS - Labour Force Survey","Employment by sex, status in employment and economic activity (thousands)","Female","Status in employment (Aggregate): Total","Economic activity (Aggregate): Total","2016",17170.445,,,,"Repository: ILO-STATISTICS - Micro data processing"
"Thailand","LFS - Labour Force Survey","Employment by sex, status in employment and economic activity (thousands)","Female","Status in employment (Aggregate): Total","Economic activity (Aggregate): Agriculture","2016",4877.962,,,,"Repository: ILO-STATISTICS - Micro data processing"
"Thailand","LFS - Labour Force Survey","Employment by sex, status in employment and economic activity (thousands)","Female","Status in employment (Aggregate): Total","Economic activity (Aggregate): Manufacturing","2016",3105.566,,,,"Repository: ILO-STATISTICS - Micro data processing"
"Thailand","LFS - Labour Force Survey","Employment by sex, status in employment and economic activity (thousands)","Female","Status in employment (Aggregate): Total","Economic activity (Aggregate): Construction","2016",341.856,,,,"Repository: ILO-STATISTICS - Micro data processing"
"Thailand","LFS - Labour Force Survey","Employment by sex, status in employment and economic activity (thousands)","Female","Status in employment (Aggregate): Total","Economic activity (Aggregate): Mining and quarrying; Electricity, gas and water supply","2016",75.391,,,,"Repository: ILO-STATISTICS - Micro data processing"
"Thailand","LFS - Labour Force Survey","Employment by sex, status in employment and economic activity (thousands)","Female","Status in employment (Aggregate): Total","Economic activity (Aggregate): Trade, Transportation, Accommodation and Food, and Business and Administrative Services","2016",6036.342,,,,"Repository: ILO-STATISTICS - Micro data processing"
"Thailand","LFS - Labour Force Survey","Employment by sex, status in employment and economic activity (thousands)","Female","Status in employment (Aggregate): Total","Economic activity (Aggregate): Public Administration, Community, Social and other Services and Activities","2016",2692.92,,,,"Repository: ILO-STATISTICS - Micro data processing"
"Thailand","LFS - Labour Force Survey","Employment by sex, status in employment and economic activity (thousands)","Female","Status in employment (Aggregate): Total","Economic activity (Aggregate): Not classified","2016",40.407,,,,"Repository: ILO-STATISTICS - Micro data processing"
"Thailand","LFS - Labour Force Survey","Employment by sex, status in employment and economic activity (thousands)","Total","Status in employment (Aggregate): Total","Economic activity (Aggregate): Total","2015",38016.169,,,,"Repository: ILO-STATISTICS - Micro data processing"
"Thailand","LFS - Labour Force Survey","Employment by sex, status in employment and economic activity (thousands)","Total","Status in employment (Aggregate): Total","Economic activity (Aggregate): Agriculture","2015",12271.91,,,,"Repository: ILO-STATISTICS - Micro data processing"
"Thailand","LFS - Labour Force Survey","Employment by sex, status in employment and economic activity (thousands)","Total","Status in employment (Aggregate): Total","Economic activity (Aggregate): Manufacturing","2015",6453.604,,,,"Repository: ILO-STATISTICS - Micro data processing"
"Thailand","LFS - Labour Force Survey","Employment by sex, status in employment and economic activity (thousands)","Total","Status in employment (Aggregate): Total","Economic activity (Aggregate): Construction","2015",2281.756,,,,"Repository: ILO-STATISTICS - Micro data processing"
"Thailand","LFS - Labour Force Survey","Employment by sex, status in employment and economic activity (thousands)","Total","Status in employment (Aggregate): Total","Economic activity (Aggregate): Mining and quarrying; Electricity, gas and water supply","2015",267.083,,,,"Repository: ILO-STATISTICS - Micro data processing"
"Thailand","LFS - Labour Force Survey","Employment by sex, status in employment and economic activity (thousands)","Total","Status in employment (Aggregate): Total","Economic activity (Aggregate): Trade, Transportation, Accommodation and Food, and Business and Administrative Services","2015",11930.781,,,,"Repository: ILO-STATISTICS - Micro data processing"
"Thailand","LFS - Labour Force Survey","Employment by sex, status in employment and economic activity (thousands)","Total","Status in employment (Aggregate): Total","Economic activity (Aggregate): Public Administration, Community, Social and other Services and Activities","2015",4747.86,,,,"Repository: ILO-STATISTICS - Micro data processing"
"Thailand","LFS - Labour Force Survey","Employment by sex, status in employment and economic activity (thousands)","Total","Status in employment (Aggregate): Total","Economic activity (Aggregate): Not classified","2015",63.174,,,,"Repository: ILO-STATISTICS - Micro data processing"
"Thailand","LFS - Labour Force Survey","Employment by sex, status in employment and economic activity (thousands)","Male","Status in employment (Aggregate): Total","Economic activity (Aggregate): Total","2015",20690.009,,,,"Repository: ILO-STATISTICS - Micro data processing"
"Thailand","LFS - Labour Force Survey","Employment by sex, status in employment and economic activity (thousands)","Male","Status in employment (Aggregate): Total","Economic activity (Aggregate): Agriculture","2015",7105.788,,,,"Repository: ILO-STATISTICS - Micro data processing"
"Thailand","LFS - Labour Force Survey","Employment by sex, status in employment and economic activity (thousands)","Male","Status in employment (Aggregate): Total","Economic activity (Aggregate): Manufacturing","2015",3265.758,,,,"Repository: ILO-STATISTICS - Micro data processing"
"Thailand","LFS - Labour Force Survey","Employment by sex, status in employment and economic activity (thousands)","Male","Status in employment (Aggregate): Total","Economic activity (Aggregate): Construction","2015",1935.989,,,,"Repository: ILO-STATISTICS - Micro data processing"
"Thailand","LFS - Labour Force Survey","Employment by sex, status in employment and economic activity (thousands)","Male","Status in employment (Aggregate): Total","Economic activity (Aggregate): Mining and quarrying; Electricity, gas and water supply","2015",198.339,,,,"Repository: ILO-STATISTICS - Micro data processing"
"Thailand","LFS - Labour Force Survey","Employment by sex, status in employment and economic activity (thousands)","Male","Status in employment (Aggregate): Total","Economic activity (Aggregate): Trade, Transportation, Accommodation and Food, and Business and Administrative Services","2015",6030.847,,,,"Repository: ILO-STATISTICS - Micro data processing"
"Thailand","LFS - Labour Force Survey","Employment by sex, status in employment and economic activity (thousands)","Male","Status in employment (Aggregate): Total","Economic activity (Aggregate): Public Administration, Community, Social and other Services and Activities","2015",2120.588,,,,"Repository: ILO-STATISTICS - Micro data processing"
"Thailand","LFS - Labour Force Survey","Employment by sex, status in employment and economic activity (thousands)","Male","Status in employment (Aggregate): Total","Economic activity (Aggregate): Not classified","2015",32.701,,,,"Repository: ILO-STATISTICS - Micro data processing"
"Thailand","LFS - Labour Force Survey","Employment by sex, status in employment and economic activity (thousands)","Female","Status in employment (Aggregate): Total","Economic activity (Aggregate): Total","2015",17326.16,,,,"Repository: ILO-STATISTICS - Micro data processing"
"Thailand","LFS - Labour Force Survey","Employment by sex, status in employment and economic activity (thousands)","Female","Status in employment (Aggregate): Total","Economic activity (Aggregate): Agriculture","2015",5166.123,,,,"Repository: ILO-STATISTICS - Micro data processing"
"Thailand","LFS - Labour Force Survey","Employment by sex, status in employment and economic activity (thousands)","Female","Status in employment (Aggregate): Total","Economic activity (Aggregate): Manufacturing","2015",3187.846,,,,"Repository: ILO-STATISTICS - Micro data processing"
"Thailand","LFS - Labour Force Survey","Employment by sex, status in employment and economic activity (thousands)","Female","Status in employment (Aggregate): Total","Economic activity (Aggregate): Construction","2015",345.767,,,,"Repository: ILO-STATISTICS - Micro data processing"
"Thailand","LFS - Labour Force Survey","Employment by sex, status in employment and economic activity (thousands)","Female","Status in employment (Aggregate): Total","Economic activity (Aggregate): Mining and quarrying; Electricity, gas and water supply","2015",68.744,,,,"Repository: ILO-STATISTICS - Micro data processing"
"Thailand","LFS - Labour Force Survey","Employment by sex, status in employment and economic activity (thousands)","Female","Status in employment (Aggregate): Total","Economic activity (Aggregate): Trade, Transportation, Accommodation and Food, and Business and Administrative Services","2015",5899.935,,,,"Repository: ILO-STATISTICS - Micro data processing"
"Thailand","LFS - Labour Force Survey","Employment by sex, status in employment and economic activity (thousands)","Female","Status in employment (Aggregate): Total","Economic activity (Aggregate): Public Administration, Community, Social and other Services and Activities","2015",2627.272,,,,"Repository: ILO-STATISTICS - Micro data processing"
"Thailand","LFS - Labour Force Survey","Employment by sex, status in employment and economic activity (thousands)","Female","Status in employment (Aggregate): Total","Economic activity (Aggregate): Not classified","2015",30.473,,,,"Repository: ILO-STATISTICS - Micro data processing"
"Thailand","LFS - Labour Force Survey","Employment by sex, status in employment and economic activity (thousands)","Total","Status in employment (Aggregate): Total","Economic activity (Aggregate): Total","2014",38077.429,,,,"Repository: ILO-STATISTICS - Micro data processing"
"Thailand","LFS - Labour Force Survey","Employment by sex, status in employment and economic activity (thousands)","Total","Status in employment (Aggregate): Total","Economic activity (Aggregate): Agriculture","2014",12732.721,,,,"Repository: ILO-STATISTICS - Micro data processing"
"Thailand","LFS - Labour Force Survey","Employment by sex, status in employment and economic activity (thousands)","Total","Status in employment (Aggregate): Total","Economic activity (Aggregate): Manufacturing","2014",6393.461,,,,"Repository: ILO-STATISTICS - Micro data processing"
"Thailand","LFS - Labour Force Survey","Employment by sex, status in employment and economic activity (thousands)","Total","Status in employment (Aggregate): Total","Economic activity (Aggregate): Construction","2014",2269.202,,,,"Repository: ILO-STATISTICS - Micro data processing"
"Thailand","LFS - Labour Force Survey","Employment by sex, status in employment and economic activity (thousands)","Total","Status in employment (Aggregate): Total","Economic activity (Aggregate): Mining and quarrying; Electricity, gas and water supply","2014",291.515,,,,"Repository: ILO-STATISTICS - Micro data processing"
"Thailand","LFS - Labour Force Survey","Employment by sex, status in employment and economic activity (thousands)","Total","Status in employment (Aggregate): Total","Economic activity (Aggregate): Trade, Transportation, Accommodation and Food, and Business and Administrative Services","2014",11690.85,,,,"Repository: ILO-STATISTICS - Micro data processing"
"Thailand","LFS - Labour Force Survey","Employment by sex, status in employment and economic activity (thousands)","Total","Status in employment (Aggregate): Total","Economic activity (Aggregate): Public Administration, Community, Social and other Services and Activities","2014",4638.282,,,,"Repository: ILO-STATISTICS - Micro data processing"
"Thailand","LFS - Labour Force Survey","Employment by sex, status in employment and economic activity (thousands)","Total","Status in employment (Aggregate): Total","Economic activity (Aggregate): Not classified","2014",61.399,,,,"Repository: ILO-STATISTICS - Micro data processing"
"Thailand","LFS - Labour Force Survey","Employment by sex, status in employment and economic activity (thousands)","Male","Status in employment (Aggregate): Total","Economic activity (Aggregate): Total","2014",20753.731,,,,"Repository: ILO-STATISTICS - Micro data processing"
"Thailand","LFS - Labour Force Survey","Employment by sex, status in employment and economic activity (thousands)","Male","Status in employment (Aggregate): Total","Economic activity (Aggregate): Agriculture","2014",7336.89,,,,"Repository: ILO-STATISTICS - Micro data processing"
"Thailand","LFS - Labour Force Survey","Employment by sex, status in employment and economic activity (thousands)","Male","Status in employment (Aggregate): Total","Economic activity (Aggregate): Manufacturing","2014",3244.145,,,,"Repository: ILO-STATISTICS - Micro data processing"
"Thailand","LFS - Labour Force Survey","Employment by sex, status in employment and economic activity (thousands)","Male","Status in employment (Aggregate): Total","Economic activity (Aggregate): Construction","2014",1920.96,,,,"Repository: ILO-STATISTICS - Micro data processing"
"Thailand","LFS - Labour Force Survey","Employment by sex, status in employment and economic activity (thousands)","Male","Status in employment (Aggregate): Total","Economic activity (Aggregate): Mining and quarrying; Electricity, gas and water supply","2014",220.647,,,,"Repository: ILO-STATISTICS - Micro data processing"
"Thailand","LFS - Labour Force Survey","Employment by sex, status in employment and economic activity (thousands)","Male","Status in employment (Aggregate): Total","Economic activity (Aggregate): Trade, Transportation, Accommodation and Food, and Business and Administrative Services","2014",5911.06,,,,"Repository: ILO-STATISTICS - Micro data processing"
"Thailand","LFS - Labour Force Survey","Employment by sex, status in employment and economic activity (thousands)","Male","Status in employment (Aggregate): Total","Economic activity (Aggregate): Public Administration, Community, Social and other Services and Activities","2014",2090.998,,,,"Repository: ILO-STATISTICS - Micro data processing"
"Thailand","LFS - Labour Force Survey","Employment by sex, status in employment and economic activity (thousands)","Male","Status in employment (Aggregate): Total","Economic activity (Aggregate): Not classified","2014",29.031,,,,"Repository: ILO-STATISTICS - Micro data processing"
"Thailand","LFS - Labour Force Survey","Employment by sex, status in employment and economic activity (thousands)","Female","Status in employment (Aggregate): Total","Economic activity (Aggregate): Total","2014",17323.698,,,,"Repository: ILO-STATISTICS - Micro data processing"
"Thailand","LFS - Labour Force Survey","Employment by sex, status in employment and economic activity (thousands)","Female","Status in employment (Aggregate): Total","Economic activity (Aggregate): Agriculture","2014",5395.831,,,,"Repository: ILO-STATISTICS - Micro data processing"
"Thailand","LFS - Labour Force Survey","Employment by sex, status in employment and economic activity (thousands)","Female","Status in employment (Aggregate): Total","Economic activity (Aggregate): Manufacturing","2014",3149.316,,,,"Repository: ILO-STATISTICS - Micro data processing"
"Thailand","LFS - Labour Force Survey","Employment by sex, status in employment and economic activity (thousands)","Female","Status in employment (Aggregate): Total","Economic activity (Aggregate): Construction","2014",348.242,,,,"Repository: ILO-STATISTICS - Micro data processing"
"Thailand","LFS - Labour Force Survey","Employment by sex, status in employment and economic activity (thousands)","Female","Status in employment (Aggregate): Total","Economic activity (Aggregate): Mining and quarrying; Electricity, gas and water supply","2014",70.868,,,,"Repository: ILO-STATISTICS - Micro data processing"
"Thailand","LFS - Labour Force Survey","Employment by sex, status in employment and economic activity (thousands)","Female","Status in employment (Aggregate): Total","Economic activity (Aggregate): Trade, Transportation, Accommodation and Food, and Business and Administrative Services","2014",5779.79,,,,"Repository: ILO-STATISTICS - Micro data processing"
"Thailand","LFS - Labour Force Survey","Employment by sex, status in employment and economic activity (thousands)","Female","Status in employment (Aggregate): Total","Economic activity (Aggregate): Public Administration, Community, Social and other Services and Activities","2014",2547.283,,,,"Repository: ILO-STATISTICS - Micro data processing"
"Thailand","LFS - Labour Force Survey","Employment by sex, status in employment and economic activity (thousands)","Female","Status in employment (Aggregate): Total","Economic activity (Aggregate): Not classified","2014",32.367,,,,"Repository: ILO-STATISTICS - Micro data processing"
"Thailand","HIES - Household Socio-Economic Survey","Employment by sex, status in employment and economic activity (thousands)","Total","Status in employment (Aggregate): Total","Economic activity (Aggregate): Total","2013",35789.336,,,,"Repository: ILO-STATISTICS - Micro data processing"
"Thailand","HIES - Household Socio-Economic Survey","Employment by sex, status in employment and economic activity (thousands)","Total","Status in employment (Aggregate): Total","Economic activity (Aggregate): Agriculture","2013",15359.416,,,,"Repository: ILO-STATISTICS - Micro data processing"
"Thailand","HIES - Household Socio-Economic Survey","Employment by sex, status in employment and economic activity (thousands)","Total","Status in employment (Aggregate): Total","Economic activity (Aggregate): Manufacturing","2013",4652.039,,,,"Repository: ILO-STATISTICS - Micro data processing"
"Thailand","HIES - Household Socio-Economic Survey","Employment by sex, status in employment and economic activity (thousands)","Total","Status in employment (Aggregate): Total","Economic activity (Aggregate): Construction","2013",2178.329,,,,"Repository: ILO-STATISTICS - Micro data processing"
"Thailand","HIES - Household Socio-Economic Survey","Employment by sex, status in employment and economic activity (thousands)","Total","Status in employment (Aggregate): Total","Economic activity (Aggregate): Mining and quarrying; Electricity, gas and water supply","2013",167.462,,,,"Repository: ILO-STATISTICS - Micro data processing"
"Thailand","HIES - Household Socio-Economic Survey","Employment by sex, status in employment and economic activity (thousands)","Total","Status in employment (Aggregate): Total","Economic activity (Aggregate): Trade, Transportation, Accommodation and Food, and Business and Administrative Services","2013",9139.248,,,,"Repository: ILO-STATISTICS - Micro data processing"
"Thailand","HIES - Household Socio-Economic Survey","Employment by sex, status in employment and economic activity (thousands)","Total","Status in employment (Aggregate): Total","Economic activity (Aggregate): Public Administration, Community, Social and other Services and Activities","2013",4229.248,,,,"Repository: ILO-STATISTICS - Micro data processing"
"Thailand","HIES - Household Socio-Economic Survey","Employment by sex, status in employment and economic activity (thousands)","Total","Status in employment (Aggregate): Total","Economic activity (Aggregate): Not classified","2013",63.594,,,,"Repository: ILO-STATISTICS - Micro data processing"
"Thailand","HIES - Household Socio-Economic Survey","Employment by sex, status in employment and economic activity (thousands)","Male","Status in employment (Aggregate): Total","Economic activity (Aggregate): Total","2013",18473.454,,,,"Repository: ILO-STATISTICS - Micro data processing"
"Thailand","HIES - Household Socio-Economic Survey","Employment by sex, status in employment and economic activity (thousands)","Male","Status in employment (Aggregate): Total","Economic activity (Aggregate): Agriculture","2013",7993.688,,,,"Repository: ILO-STATISTICS - Micro data processing"
"Thailand","HIES - Household Socio-Economic Survey","Employment by sex, status in employment and economic activity (thousands)","Male","Status in employment (Aggregate): Total","Economic activity (Aggregate): Manufacturing","2013",2213.361,,,,"Repository: ILO-STATISTICS - Micro data processing"
"Thailand","HIES - Household Socio-Economic Survey","Employment by sex, status in employment and economic activity (thousands)","Male","Status in employment (Aggregate): Total","Economic activity (Aggregate): Construction","2013",1785.828,,,,"Repository: ILO-STATISTICS - Micro data processing"
"Thailand","HIES - Household Socio-Economic Survey","Employment by sex, status in employment and economic activity (thousands)","Male","Status in employment (Aggregate): Total","Economic activity (Aggregate): Mining and quarrying; Electricity, gas and water supply","2013",123.084,,,,"Repository: ILO-STATISTICS - Micro data processing"
"Thailand","HIES - Household Socio-Economic Survey","Employment by sex, status in employment and economic activity (thousands)","Male","Status in employment (Aggregate): Total","Economic activity (Aggregate): Trade, Transportation, Accommodation and Food, and Business and Administrative Services","2013",4374.557,,,,"Repository: ILO-STATISTICS - Micro data processing"
"Thailand","HIES - Household Socio-Economic Survey","Employment by sex, status in employment and economic activity (thousands)","Male","Status in employment (Aggregate): Total","Economic activity (Aggregate): Public Administration, Community, Social and other Services and Activities","2013",1945.673,,,,"Repository: ILO-STATISTICS - Micro data processing"
"Thailand","HIES - Household Socio-Economic Survey","Employment by sex, status in employment and economic activity (thousands)","Male","Status in employment (Aggregate): Total","Economic activity (Aggregate): Not classified","2013",37.263,,,,"Repository: ILO-STATISTICS - Micro data processing"
"Thailand","HIES - Household Socio-Economic Survey","Employment by sex, status in employment and economic activity (thousands)","Female","Status in employment (Aggregate): Total","Economic activity (Aggregate): Total","2013",17315.882,,,,"Repository: ILO-STATISTICS - Micro data processing"
"Thailand","HIES - Household Socio-Economic Survey","Employment by sex, status in employment and economic activity (thousands)","Female","Status in employment (Aggregate): Total","Economic activity (Aggregate): Agriculture","2013",7365.728,,,,"Repository: ILO-STATISTICS - Micro data processing"
"Thailand","HIES - Household Socio-Economic Survey","Employment by sex, status in employment and economic activity (thousands)","Female","Status in employment (Aggregate): Total","Economic activity (Aggregate): Manufacturing","2013",2438.678,,,,"Repository: ILO-STATISTICS - Micro data processing"
"Thailand","HIES - Household Socio-Economic Survey","Employment by sex, status in employment and economic activity (thousands)","Female","Status in employment (Aggregate): Total","Economic activity (Aggregate): Construction","2013",392.501,,,,"Repository: ILO-STATISTICS - Micro data processing"
"Thailand","HIES - Household Socio-Economic Survey","Employment by sex, status in employment and economic activity (thousands)","Female","Status in employment (Aggregate): Total","Economic activity (Aggregate): Mining and quarrying; Electricity, gas and water supply","2013",44.378,,,,"Repository: ILO-STATISTICS - Micro data processing"
"Thailand","HIES - Household Socio-Economic Survey","Employment by sex, status in employment and economic activity (thousands)","Female","Status in employment (Aggregate): Total","Economic activity (Aggregate): Trade, Transportation, Accommodation and Food, and Business and Administrative Services","2013",4764.691,,,,"Repository: ILO-STATISTICS - Micro data processing"
"Thailand","HIES - Household Socio-Economic Survey","Employment by sex, status in employment and economic activity (thousands)","Female","Status in employment (Aggregate): Total","Economic activity (Aggregate): Public Administration, Community, Social and other Services and Activities","2013",2283.574,,,,"Repository: ILO-STATISTICS - Micro data processing"
"Thailand","HIES - Household Socio-Economic Survey","Employment by sex, status in employment and economic activity (thousands)","Female","Status in employment (Aggregate): Total","Economic activity (Aggregate): Not classified","2013",26.331,,,,"Repository: ILO-STATISTICS - Micro data processing"
"Thailand","LFS - Labour Force Survey","Employment by sex, status in employment and economic activity (thousands)","Total","Status in employment (Aggregate): Total","Economic activity (Aggregate): Total","2010",38037.342,"Break in series",,"Break in series: Methodology revised","Repository: ILO-STATISTICS - Micro data processing"
"Thailand","LFS - Labour Force Survey","Employment by sex, status in employment and economic activity (thousands)","Total","Status in employment (Aggregate): Total","Economic activity (Aggregate): Agriculture","2010",14546.874,"Break in series",,"Break in series: Methodology revised","Repository: ILO-STATISTICS - Micro data processing"
"Thailand","LFS - Labour Force Survey","Employment by sex, status in employment and economic activity (thousands)","Total","Status in employment (Aggregate): Total","Economic activity (Aggregate): Manufacturing","2010",5348.792,"Break in series",,"Break in series: Methodology revised","Repository: ILO-STATISTICS - Micro data processing"
"Thailand","LFS - Labour Force Survey","Employment by sex, status in employment and economic activity (thousands)","Total","Status in employment (Aggregate): Total","Economic activity (Aggregate): Construction","2010",2356.151,"Break in series",,"Break in series: Methodology revised","Repository: ILO-STATISTICS - Micro data processing"
"Thailand","LFS - Labour Force Survey","Employment by sex, status in employment and economic activity (thousands)","Total","Status in employment (Aggregate): Total","Economic activity (Aggregate): Mining and quarrying; Electricity, gas and water supply","2010",147.468,"Break in series",,"Break in series: Methodology revised","Repository: ILO-STATISTICS - Micro data processing"
"Thailand","LFS - Labour Force Survey","Employment by sex, status in employment and economic activity (thousands)","Total","Status in employment (Aggregate): Total","Economic activity (Aggregate): Trade, Transportation, Accommodation and Food, and Business and Administrative Services","2010",11129.746,"Break in series",,"Break in series: Methodology revised","Repository: ILO-STATISTICS - Micro data processing"
"Thailand","LFS - Labour Force Survey","Employment by sex, status in employment and economic activity (thousands)","Total","Status in employment (Aggregate): Total","Economic activity (Aggregate): Public Administration, Community, Social and other Services and Activities","2010",4507.49,"Break in series",,"Break in series: Methodology revised","Repository: ILO-STATISTICS - Micro data processing"
"Thailand","LFS - Labour Force Survey","Employment by sex, status in employment and economic activity (thousands)","Total","Status in employment (Aggregate): Total","Economic activity (Aggregate): Not classified","2010",,"Unreliable",,"Break in series: Methodology revised","Repository: ILO-STATISTICS - Micro data processing"
"Thailand","LFS - Labour Force Survey","Employment by sex, status in employment and economic activity (thousands)","Male","Status in employment (Aggregate): Total","Economic activity (Aggregate): Total","2010",20652.483,"Break in series",,"Break in series: Methodology revised","Repository: ILO-STATISTICS - Micro data processing"
"Thailand","LFS - Labour Force Survey","Employment by sex, status in employment and economic activity (thousands)","Male","Status in employment (Aggregate): Total","Economic activity (Aggregate): Agriculture","2010",8281.069,"Break in series",,"Break in series: Methodology revised","Repository: ILO-STATISTICS - Micro data processing"
"Thailand","LFS - Labour Force Survey","Employment by sex, status in employment and economic activity (thousands)","Male","Status in employment (Aggregate): Total","Economic activity (Aggregate): Manufacturing","2010",2578.39,"Break in series",,"Break in series: Methodology revised","Repository: ILO-STATISTICS - Micro data processing"
"Thailand","LFS - Labour Force Survey","Employment by sex, status in employment and economic activity (thousands)","Male","Status in employment (Aggregate): Total","Economic activity (Aggregate): Construction","2010",1989.322,"Break in series",,"Break in series: Methodology revised","Repository: ILO-STATISTICS - Micro data processing"
"Thailand","LFS - Labour Force Survey","Employment by sex, status in employment and economic activity (thousands)","Male","Status in employment (Aggregate): Total","Economic activity (Aggregate): Mining and quarrying; Electricity, gas and water supply","2010",119.736,"Break in series",,"Break in series: Methodology revised","Repository: ILO-STATISTICS - Micro data processing"
"Thailand","LFS - Labour Force Survey","Employment by sex, status in employment and economic activity (thousands)","Male","Status in employment (Aggregate): Total","Economic activity (Aggregate): Trade, Transportation, Accommodation and Food, and Business and Administrative Services","2010",5668.225,"Break in series",,"Break in series: Methodology revised","Repository: ILO-STATISTICS - Micro data processing"
"Thailand","LFS - Labour Force Survey","Employment by sex, status in employment and economic activity (thousands)","Male","Status in employment (Aggregate): Total","Economic activity (Aggregate): Public Administration, Community, Social and other Services and Activities","2010",2015.742,"Break in series",,"Break in series: Methodology revised","Repository: ILO-STATISTICS - Micro data processing"
"Thailand","LFS - Labour Force Survey","Employment by sex, status in employment and economic activity (thousands)","Male","Status in employment (Aggregate): Total","Economic activity (Aggregate): Not classified","2010",,"Unreliable",,"Break in series: Methodology revised","Repository: ILO-STATISTICS - Micro data processing"
"Thailand","LFS - Labour Force Survey","Employment by sex, status in employment and economic activity (thousands)","Female","Status in employment (Aggregate): Total","Economic activity (Aggregate): Total","2010",17384.859,"Break in series",,"Break in series: Methodology revised","Repository: ILO-STATISTICS - Micro data processing"
"Thailand","LFS - Labour Force Survey","Employment by sex, status in employment and economic activity (thousands)","Female","Status in employment (Aggregate): Total","Economic activity (Aggregate): Agriculture","2010",6265.805,"Break in series",,"Break in series: Methodology revised","Repository: ILO-STATISTICS - Micro data processing"
"Thailand","LFS - Labour Force Survey","Employment by sex, status in employment and economic activity (thousands)","Female","Status in employment (Aggregate): Total","Economic activity (Aggregate): Manufacturing","2010",2770.402,"Break in series",,"Break in series: Methodology revised","Repository: ILO-STATISTICS - Micro data processing"
"Thailand","LFS - Labour Force Survey","Employment by sex, status in employment and economic activity (thousands)","Female","Status in employment (Aggregate): Total","Economic activity (Aggregate): Construction","2010",366.83,"Break in series",,"Break in series: Methodology revised","Repository: ILO-STATISTICS - Micro data processing"
"Thailand","LFS - Labour Force Survey","Employment by sex, status in employment and economic activity (thousands)","Female","Status in employment (Aggregate): Total","Economic activity (Aggregate): Mining and quarrying; Electricity, gas and water supply","2010",27.732,"Break in series",,"Break in series: Methodology revised","Repository: ILO-STATISTICS - Micro data processing"
"Thailand","LFS - Labour Force Survey","Employment by sex, status in employment and economic activity (thousands)","Female","Status in employment (Aggregate): Total","Economic activity (Aggregate): Trade, Transportation, Accommodation and Food, and Business and Administrative Services","2010",5461.521,"Break in series",,"Break in series: Methodology revised","Repository: ILO-STATISTICS - Micro data processing"
"Thailand","LFS - Labour Force Survey","Employment by sex, status in employment and economic activity (thousands)","Female","Status in employment (Aggregate): Total","Economic activity (Aggregate): Public Administration, Community, Social and other Services and Activities","2010",2491.749,"Break in series",,"Break in series: Methodology revised","Repository: ILO-STATISTICS - Micro data processing"
"Thailand","LFS - Labour Force Survey","Employment by sex, status in employment and economic activity (thousands)","Female","Status in employment (Aggregate): Total","Economic activity (Aggregate): Not classified","2010",,"Unreliable",,"Break in series: Methodology revised","Repository: ILO-STATISTICS - Micro data processing"
"Thailand","HIES - Household Socio-Economic Survey","Employment by sex, status in employment and economic activity (thousands)","Total","Status in employment (Aggregate): Total","Economic activity (Aggregate): Total","2007",34223.044,,,,"Repository: ILO-STATISTICS - Micro data processing"
"Thailand","HIES - Household Socio-Economic Survey","Employment by sex, status in employment and economic activity (thousands)","Total","Status in employment (Aggregate): Total","Economic activity (Aggregate): Agriculture","2007",14664.961,,,,"Repository: ILO-STATISTICS - Micro data processing"
"Thailand","HIES - Household Socio-Economic Survey","Employment by sex, status in employment and economic activity (thousands)","Total","Status in employment (Aggregate): Total","Economic activity (Aggregate): Manufacturing","2007",5088.119,,,,"Repository: ILO-STATISTICS - Micro data processing"
"Thailand","HIES - Household Socio-Economic Survey","Employment by sex, status in employment and economic activity (thousands)","Total","Status in employment (Aggregate): Total","Economic activity (Aggregate): Construction","2007",1874.249,,,,"Repository: ILO-STATISTICS - Micro data processing"
"Thailand","HIES - Household Socio-Economic Survey","Employment by sex, status in employment and economic activity (thousands)","Total","Status in employment (Aggregate): Total","Economic activity (Aggregate): Mining and quarrying; Electricity, gas and water supply","2007",137.673,,,,"Repository: ILO-STATISTICS - Micro data processing"
"Thailand","HIES - Household Socio-Economic Survey","Employment by sex, status in employment and economic activity (thousands)","Total","Status in employment (Aggregate): Total","Economic activity (Aggregate): Trade, Transportation, Accommodation and Food, and Business and Administrative Services","2007",8646.027,,,,"Repository: ILO-STATISTICS - Micro data processing"
"Thailand","HIES - Household Socio-Economic Survey","Employment by sex, status in employment and economic activity (thousands)","Total","Status in employment (Aggregate): Total","Economic activity (Aggregate): Public Administration, Community, Social and other Services and Activities","2007",3808.3,,,,"Repository: ILO-STATISTICS - Micro data processing"
"Thailand","HIES - Household Socio-Economic Survey","Employment by sex, status in employment and economic activity (thousands)","Total","Status in employment (Aggregate): Total","Economic activity (Aggregate): Not classified","2007",3.716,"Unreliable",,,"Repository: ILO-STATISTICS - Micro data processing"
"Thailand","HIES - Household Socio-Economic Survey","Employment by sex, status in employment and economic activity (thousands)","Male","Status in employment (Aggregate): Total","Economic activity (Aggregate): Total","2007",17441.178,,,,"Repository: ILO-STATISTICS - Micro data processing"
"Thailand","HIES - Household Socio-Economic Survey","Employment by sex, status in employment and economic activity (thousands)","Male","Status in employment (Aggregate): Total","Economic activity (Aggregate): Agriculture","2007",7460.291,,,,"Repository: ILO-STATISTICS - Micro data processing"
"Thailand","HIES - Household Socio-Economic Survey","Employment by sex, status in employment and economic activity (thousands)","Male","Status in employment (Aggregate): Total","Economic activity (Aggregate): Manufacturing","2007",2300.05,,,,"Repository: ILO-STATISTICS - Micro data processing"
"Thailand","HIES - Household Socio-Economic Survey","Employment by sex, status in employment and economic activity (thousands)","Male","Status in employment (Aggregate): Total","Economic activity (Aggregate): Construction","2007",1561.503,,,,"Repository: ILO-STATISTICS - Micro data processing"
"Thailand","HIES - Household Socio-Economic Survey","Employment by sex, status in employment and economic activity (thousands)","Male","Status in employment (Aggregate): Total","Economic activity (Aggregate): Mining and quarrying; Electricity, gas and water supply","2007",102.313,,,,"Repository: ILO-STATISTICS - Micro data processing"
"Thailand","HIES - Household Socio-Economic Survey","Employment by sex, status in employment and economic activity (thousands)","Male","Status in employment (Aggregate): Total","Economic activity (Aggregate): Trade, Transportation, Accommodation and Food, and Business and Administrative Services","2007",4238.665,,,,"Repository: ILO-STATISTICS - Micro data processing"
"Thailand","HIES - Household Socio-Economic Survey","Employment by sex, status in employment and economic activity (thousands)","Male","Status in employment (Aggregate): Total","Economic activity (Aggregate): Public Administration, Community, Social and other Services and Activities","2007",1774.639,,,,"Repository: ILO-STATISTICS - Micro data processing"
"Thailand","HIES - Household Socio-Economic Survey","Employment by sex, status in employment and economic activity (thousands)","Male","Status in employment (Aggregate): Total","Economic activity (Aggregate): Not classified","2007",3.716,"Unreliable",,,"Repository: ILO-STATISTICS - Micro data processing"
"Thailand","HIES - Household Socio-Economic Survey","Employment by sex, status in employment and economic activity (thousands)","Female","Status in employment (Aggregate): Total","Economic activity (Aggregate): Total","2007",16781.867,,,,"Repository: ILO-STATISTICS - Micro data processing"
"Thailand","HIES - Household Socio-Economic Survey","Employment by sex, status in employment and economic activity (thousands)","Female","Status in employment (Aggregate): Total","Economic activity (Aggregate): Agriculture","2007",7204.67,,,,"Repository: ILO-STATISTICS - Micro data processing"
"Thailand","HIES - Household Socio-Economic Survey","Employment by sex, status in employment and economic activity (thousands)","Female","Status in employment (Aggregate): Total","Economic activity (Aggregate): Manufacturing","2007",2788.07,,,,"Repository: ILO-STATISTICS - Micro data processing"
"Thailand","HIES - Household Socio-Economic Survey","Employment by sex, status in employment and economic activity (thousands)","Female","Status in employment (Aggregate): Total","Economic activity (Aggregate): Construction","2007",312.745,,,,"Repository: ILO-STATISTICS - Micro data processing"
"Thailand","HIES - Household Socio-Economic Survey","Employment by sex, status in employment and economic activity (thousands)","Female","Status in employment (Aggregate): Total","Economic activity (Aggregate): Mining and quarrying; Electricity, gas and water supply","2007",35.36,,,,"Repository: ILO-STATISTICS - Micro data processing"
"Thailand","HIES - Household Socio-Economic Survey","Employment by sex, status in employment and economic activity (thousands)","Female","Status in employment (Aggregate): Total","Economic activity (Aggregate): Trade, Transportation, Accommodation and Food, and Business and Administrative Services","2007",4407.362,,,,"Repository: ILO-STATISTICS - Micro data processing"
"Thailand","HIES - Household Socio-Economic Survey","Employment by sex, status in employment and economic activity (thousands)","Female","Status in employment (Aggregate): Total","Economic activity (Aggregate): Public Administration, Community, Social and other Services and Activities","2007",2033.66,,,,"Repository: ILO-STATISTICS - Micro data processing"
"Thailand","HIES - Household Socio-Economic Survey","Employment by sex, status in employment and economic activity (thousands)","Female","Status in employment (Aggregate): Total","Economic activity (Aggregate): Not classified","2007",,"Unreliable",,,"Repository: ILO-STATISTICS - Micro data processing"
"Thailand","HIES - Household Socio-Economic Survey","Employment by sex, status in employment and economic activity (thousands)","Total","Status in employment (Aggregate): Total","Economic activity (Aggregate): Total","2000",31709.519,,,,"Repository: ILO-STATISTICS - Micro data processing"
"Thailand","HIES - Household Socio-Economic Survey","Employment by sex, status in employment and economic activity (thousands)","Total","Status in employment (Aggregate): Total","Economic activity (Aggregate): Agriculture","2000",16387.779,,,,"Repository: ILO-STATISTICS - Micro data processing"
"Thailand","HIES - Household Socio-Economic Survey","Employment by sex, status in employment and economic activity (thousands)","Total","Status in employment (Aggregate): Total","Economic activity (Aggregate): Manufacturing","2000",4016.373,,,,"Repository: ILO-STATISTICS - Micro data processing"
"Thailand","HIES - Household Socio-Economic Survey","Employment by sex, status in employment and economic activity (thousands)","Total","Status in employment (Aggregate): Total","Economic activity (Aggregate): Construction","2000",1216.31,,,,"Repository: ILO-STATISTICS - Micro data processing"
"Thailand","HIES - Household Socio-Economic Survey","Employment by sex, status in employment and economic activity (thousands)","Total","Status in employment (Aggregate): Total","Economic activity (Aggregate): Mining and quarrying; Electricity, gas and water supply","2000",143.726,,,,"Repository: ILO-STATISTICS - Micro data processing"
"Thailand","HIES - Household Socio-Economic Survey","Employment by sex, status in employment and economic activity (thousands)","Total","Status in employment (Aggregate): Total","Economic activity (Aggregate): Trade, Transportation, Accommodation and Food, and Business and Administrative Services","2000",6609.853,,,,"Repository: ILO-STATISTICS - Micro data processing"
"Thailand","HIES - Household Socio-Economic Survey","Employment by sex, status in employment and economic activity (thousands)","Total","Status in employment (Aggregate): Total","Economic activity (Aggregate): Public Administration, Community, Social and other Services and Activities","2000",3335.042,,,,"Repository: ILO-STATISTICS - Micro data processing"
"Thailand","HIES - Household Socio-Economic Survey","Employment by sex, status in employment and economic activity (thousands)","Total","Status in employment (Aggregate): Total","Economic activity (Aggregate): Not classified","2000",,"Unreliable",,,"Repository: ILO-STATISTICS - Micro data processing"
"Thailand","HIES - Household Socio-Economic Survey","Employment by sex, status in employment and economic activity (thousands)","Male","Status in employment (Aggregate): Total","Economic activity (Aggregate): Total","2000",16178.978,,,,"Repository: ILO-STATISTICS - Micro data processing"
"Thailand","HIES - Household Socio-Economic Survey","Employment by sex, status in employment and economic activity (thousands)","Male","Status in employment (Aggregate): Total","Economic activity (Aggregate): Agriculture","2000",8408.426,,,,"Repository: ILO-STATISTICS - Micro data processing"
"Thailand","HIES - Household Socio-Economic Survey","Employment by sex, status in employment and economic activity (thousands)","Male","Status in employment (Aggregate): Total","Economic activity (Aggregate): Manufacturing","2000",1677.841,,,,"Repository: ILO-STATISTICS - Micro data processing"
"Thailand","HIES - Household Socio-Economic Survey","Employment by sex, status in employment and economic activity (thousands)","Male","Status in employment (Aggregate): Total","Economic activity (Aggregate): Construction","2000",1018.958,,,,"Repository: ILO-STATISTICS - Micro data processing"
"Thailand","HIES - Household Socio-Economic Survey","Employment by sex, status in employment and economic activity (thousands)","Male","Status in employment (Aggregate): Total","Economic activity (Aggregate): Mining and quarrying; Electricity, gas and water supply","2000",116.89,,,,"Repository: ILO-STATISTICS - Micro data processing"
"Thailand","HIES - Household Socio-Economic Survey","Employment by sex, status in employment and economic activity (thousands)","Male","Status in employment (Aggregate): Total","Economic activity (Aggregate): Trade, Transportation, Accommodation and Food, and Business and Administrative Services","2000",3314.489,,,,"Repository: ILO-STATISTICS - Micro data processing"
"Thailand","HIES - Household Socio-Economic Survey","Employment by sex, status in employment and economic activity (thousands)","Male","Status in employment (Aggregate): Total","Economic activity (Aggregate): Public Administration, Community, Social and other Services and Activities","2000",1642.336,,,,"Repository: ILO-STATISTICS - Micro data processing"
"Thailand","HIES - Household Socio-Economic Survey","Employment by sex, status in employment and economic activity (thousands)","Male","Status in employment (Aggregate): Total","Economic activity (Aggregate): Not classified","2000",,"Unreliable",,,"Repository: ILO-STATISTICS - Micro data processing"
"Thailand","HIES - Household Socio-Economic Survey","Employment by sex, status in employment and economic activity (thousands)","Female","Status in employment (Aggregate): Total","Economic activity (Aggregate): Total","2000",15530.542,,,,"Repository: ILO-STATISTICS - Micro data processing"
"Thailand","HIES - Household Socio-Economic Survey","Employment by sex, status in employment and economic activity (thousands)","Female","Status in employment (Aggregate): Total","Economic activity (Aggregate): Agriculture","2000",7979.354,,,,"Repository: ILO-STATISTICS - Micro data processing"
"Thailand","HIES - Household Socio-Economic Survey","Employment by sex, status in employment and economic activity (thousands)","Female","Status in employment (Aggregate): Total","Economic activity (Aggregate): Manufacturing","2000",2338.532,,,,"Repository: ILO-STATISTICS - Micro data processing"
"Thailand","HIES - Household Socio-Economic Survey","Employment by sex, status in employment and economic activity (thousands)","Female","Status in employment (Aggregate): Total","Economic activity (Aggregate): Construction","2000",197.351,,,,"Repository: ILO-STATISTICS - Micro data processing"
"Thailand","HIES - Household Socio-Economic Survey","Employment by sex, status in employment and economic activity (thousands)","Female","Status in employment (Aggregate): Total","Economic activity (Aggregate): Mining and quarrying; Electricity, gas and water supply","2000",26.836,,,,"Repository: ILO-STATISTICS - Micro data processing"
"Thailand","HIES - Household Socio-Economic Survey","Employment by sex, status in employment and economic activity (thousands)","Female","Status in employment (Aggregate): Total","Economic activity (Aggregate): Trade, Transportation, Accommodation and Food, and Business and Administrative Services","2000",3295.363,,,,"Repository: ILO-STATISTICS - Micro data processing"
"Thailand","HIES - Household Socio-Economic Survey","Employment by sex, status in employment and economic activity (thousands)","Female","Status in employment (Aggregate): Total","Economic activity (Aggregate): Public Administration, Community, Social and other Services and Activities","2000",1692.706,,,,"Repository: ILO-STATISTICS - Micro data processing"
"Thailand","HIES - Household Socio-Economic Survey","Employment by sex, status in employment and economic activity (thousands)","Female","Status in employment (Aggregate): Total","Economic activity (Aggregate): Not classified","2000",,"Unreliable",,,"Repository: ILO-STATISTICS - Micro data processing"
"Viet Nam","LFS - Labour Force Survey","Employment by sex, status in employment and economic activity (thousands)","Total","Status in employment (Aggregate): Total","Economic activity (Aggregate): Total","2024",55280.158,,,,"Repository: ILO-STATISTICS - Micro data processing"
"Viet Nam","LFS - Labour Force Survey","Employment by sex, status in employment and economic activity (thousands)","Total","Status in employment (Aggregate): Total","Economic activity (Aggregate): Agriculture","2024",13637.057,,,,"Repository: ILO-STATISTICS - Micro data processing"
"Viet Nam","LFS - Labour Force Survey","Employment by sex, status in employment and economic activity (thousands)","Total","Status in employment (Aggregate): Total","Economic activity (Aggregate): Manufacturing","2024",12147.676,,,,"Repository: ILO-STATISTICS - Micro data processing"
"Viet Nam","LFS - Labour Force Survey","Employment by sex, status in employment and economic activity (thousands)","Total","Status in employment (Aggregate): Total","Economic activity (Aggregate): Construction","2024",4489.382,,,,"Repository: ILO-STATISTICS - Micro data processing"
"Viet Nam","LFS - Labour Force Survey","Employment by sex, status in employment and economic activity (thousands)","Total","Status in employment (Aggregate): Total","Economic activity (Aggregate): Mining and quarrying; Electricity, gas and water supply","2024",494.168,,,,"Repository: ILO-STATISTICS - Micro data processing"
"Viet Nam","LFS - Labour Force Survey","Employment by sex, status in employment and economic activity (thousands)","Total","Status in employment (Aggregate): Total","Economic activity (Aggregate): Trade, Transportation, Accommodation and Food, and Business and Administrative Services","2024",14977.577,,,,"Repository: ILO-STATISTICS - Micro data processing"
"Viet Nam","LFS - Labour Force Survey","Employment by sex, status in employment and economic activity (thousands)","Total","Status in employment (Aggregate): Total","Economic activity (Aggregate): Public Administration, Community, Social and other Services and Activities","2024",5688.966,,,,"Repository: ILO-STATISTICS - Micro data processing"
"Viet Nam","LFS - Labour Force Survey","Employment by sex, status in employment and economic activity (thousands)","Total","Status in employment (Aggregate): Total","Economic activity (Aggregate): Not classified","2024",3845.332,,,,"Repository: ILO-STATISTICS - Micro data processing"
"Viet Nam","LFS - Labour Force Survey","Employment by sex, status in employment and economic activity (thousands)","Male","Status in employment (Aggregate): Total","Economic activity (Aggregate): Total","2024",28757.126,,,,"Repository: ILO-STATISTICS - Micro data processing"
"Viet Nam","LFS - Labour Force Survey","Employment by sex, status in employment and economic activity (thousands)","Male","Status in employment (Aggregate): Total","Economic activity (Aggregate): Agriculture","2024",7518.728,,,,"Repository: ILO-STATISTICS - Micro data processing"
"Viet Nam","LFS - Labour Force Survey","Employment by sex, status in employment and economic activity (thousands)","Male","Status in employment (Aggregate): Total","Economic activity (Aggregate): Manufacturing","2024",5526.108,,,,"Repository: ILO-STATISTICS - Micro data processing"
"Viet Nam","LFS - Labour Force Survey","Employment by sex, status in employment and economic activity (thousands)","Male","Status in employment (Aggregate): Total","Economic activity (Aggregate): Construction","2024",4021.994,,,,"Repository: ILO-STATISTICS - Micro data processing"
"Viet Nam","LFS - Labour Force Survey","Employment by sex, status in employment and economic activity (thousands)","Male","Status in employment (Aggregate): Total","Economic activity (Aggregate): Mining and quarrying; Electricity, gas and water supply","2024",361.866,,,,"Repository: ILO-STATISTICS - Micro data processing"
"Viet Nam","LFS - Labour Force Survey","Employment by sex, status in employment and economic activity (thousands)","Male","Status in employment (Aggregate): Total","Economic activity (Aggregate): Trade, Transportation, Accommodation and Food, and Business and Administrative Services","2024",7599.036,,,,"Repository: ILO-STATISTICS - Micro data processing"
"Viet Nam","LFS - Labour Force Survey","Employment by sex, status in employment and economic activity (thousands)","Male","Status in employment (Aggregate): Total","Economic activity (Aggregate): Public Administration, Community, Social and other Services and Activities","2024",2342.998,,,,"Repository: ILO-STATISTICS - Micro data processing"
"Viet Nam","LFS - Labour Force Survey","Employment by sex, status in employment and economic activity (thousands)","Male","Status in employment (Aggregate): Total","Economic activity (Aggregate): Not classified","2024",1386.396,,,,"Repository: ILO-STATISTICS - Micro data processing"
"Viet Nam","LFS - Labour Force Survey","Employment by sex, status in employment and economic activity (thousands)","Female","Status in employment (Aggregate): Total","Economic activity (Aggregate): Total","2024",26523.031,,,,"Repository: ILO-STATISTICS - Micro data processing"
"Viet Nam","LFS - Labour Force Survey","Employment by sex, status in employment and economic activity (thousands)","Female","Status in employment (Aggregate): Total","Economic activity (Aggregate): Agriculture","2024",6118.329,,,,"Repository: ILO-STATISTICS - Micro data processing"
"Viet Nam","LFS - Labour Force Survey","Employment by sex, status in employment and economic activity (thousands)","Female","Status in employment (Aggregate): Total","Economic activity (Aggregate): Manufacturing","2024",6621.568,,,,"Repository: ILO-STATISTICS - Micro data processing"
"Viet Nam","LFS - Labour Force Survey","Employment by sex, status in employment and economic activity (thousands)","Female","Status in employment (Aggregate): Total","Economic activity (Aggregate): Construction","2024",467.388,,,,"Repository: ILO-STATISTICS - Micro data processing"
"Viet Nam","LFS - Labour Force Survey","Employment by sex, status in employment and economic activity (thousands)","Female","Status in employment (Aggregate): Total","Economic activity (Aggregate): Mining and quarrying; Electricity, gas and water supply","2024",132.302,,,,"Repository: ILO-STATISTICS - Micro data processing"
"Viet Nam","LFS - Labour Force Survey","Employment by sex, status in employment and economic activity (thousands)","Female","Status in employment (Aggregate): Total","Economic activity (Aggregate): Trade, Transportation, Accommodation and Food, and Business and Administrative Services","2024",7378.541,,,,"Repository: ILO-STATISTICS - Micro data processing"
"Viet Nam","LFS - Labour Force Survey","Employment by sex, status in employment and economic activity (thousands)","Female","Status in employment (Aggregate): Total","Economic activity (Aggregate): Public Administration, Community, Social and other Services and Activities","2024",3345.968,,,,"Repository: ILO-STATISTICS - Micro data processing"
"Viet Nam","LFS - Labour Force Survey","Employment by sex, status in employment and economic activity (thousands)","Female","Status in employment (Aggregate): Total","Economic activity (Aggregate): Not classified","2024",2458.936,,,,"Repository: ILO-STATISTICS - Micro data processing"
"Viet Nam","LFS - Labour Force Survey","Employment by sex, status in employment and economic activity (thousands)","Total","Status in employment (Aggregate): Total","Economic activity (Aggregate): Total","2023",54956.134,,,,"Repository: ILO-STATISTICS - Micro data processing"
"Viet Nam","LFS - Labour Force Survey","Employment by sex, status in employment and economic activity (thousands)","Total","Status in employment (Aggregate): Total","Economic activity (Aggregate): Agriculture","2023",13818.906,,,,"Repository: ILO-STATISTICS - Micro data processing"
"Viet Nam","LFS - Labour Force Survey","Employment by sex, status in employment and economic activity (thousands)","Total","Status in employment (Aggregate): Total","Economic activity (Aggregate): Manufacturing","2023",11940.01,,,,"Repository: ILO-STATISTICS - Micro data processing"
"Viet Nam","LFS - Labour Force Survey","Employment by sex, status in employment and economic activity (thousands)","Total","Status in employment (Aggregate): Total","Economic activity (Aggregate): Construction","2023",4728.555,,,,"Repository: ILO-STATISTICS - Micro data processing"
"Viet Nam","LFS - Labour Force Survey","Employment by sex, status in employment and economic activity (thousands)","Total","Status in employment (Aggregate): Total","Economic activity (Aggregate): Mining and quarrying; Electricity, gas and water supply","2023",471.652,,,,"Repository: ILO-STATISTICS - Micro data processing"
"Viet Nam","LFS - Labour Force Survey","Employment by sex, status in employment and economic activity (thousands)","Total","Status in employment (Aggregate): Total","Economic activity (Aggregate): Trade, Transportation, Accommodation and Food, and Business and Administrative Services","2023",14713.693,,,,"Repository: ILO-STATISTICS - Micro data processing"
"Viet Nam","LFS - Labour Force Survey","Employment by sex, status in employment and economic activity (thousands)","Total","Status in employment (Aggregate): Total","Economic activity (Aggregate): Public Administration, Community, Social and other Services and Activities","2023",5541.117,,,,"Repository: ILO-STATISTICS - Micro data processing"
"Viet Nam","LFS - Labour Force Survey","Employment by sex, status in employment and economic activity (thousands)","Total","Status in employment (Aggregate): Total","Economic activity (Aggregate): Not classified","2023",3742.201,,,,"Repository: ILO-STATISTICS - Micro data processing"
"Viet Nam","LFS - Labour Force Survey","Employment by sex, status in employment and economic activity (thousands)","Male","Status in employment (Aggregate): Total","Economic activity (Aggregate): Total","2023",28585.109,,,,"Repository: ILO-STATISTICS - Micro data processing"
"Viet Nam","LFS - Labour Force Survey","Employment by sex, status in employment and economic activity (thousands)","Male","Status in employment (Aggregate): Total","Economic activity (Aggregate): Agriculture","2023",7513.149,,,,"Repository: ILO-STATISTICS - Micro data processing"
"Viet Nam","LFS - Labour Force Survey","Employment by sex, status in employment and economic activity (thousands)","Male","Status in employment (Aggregate): Total","Economic activity (Aggregate): Manufacturing","2023",5363.119,,,,"Repository: ILO-STATISTICS - Micro data processing"
"Viet Nam","LFS - Labour Force Survey","Employment by sex, status in employment and economic activity (thousands)","Male","Status in employment (Aggregate): Total","Economic activity (Aggregate): Construction","2023",4242.892,,,,"Repository: ILO-STATISTICS - Micro data processing"
"Viet Nam","LFS - Labour Force Survey","Employment by sex, status in employment and economic activity (thousands)","Male","Status in employment (Aggregate): Total","Economic activity (Aggregate): Mining and quarrying; Electricity, gas and water supply","2023",343.666,,,,"Repository: ILO-STATISTICS - Micro data processing"
"Viet Nam","LFS - Labour Force Survey","Employment by sex, status in employment and economic activity (thousands)","Male","Status in employment (Aggregate): Total","Economic activity (Aggregate): Trade, Transportation, Accommodation and Food, and Business and Administrative Services","2023",7451.008,,,,"Repository: ILO-STATISTICS - Micro data processing"
"Viet Nam","LFS - Labour Force Survey","Employment by sex, status in employment and economic activity (thousands)","Male","Status in employment (Aggregate): Total","Economic activity (Aggregate): Public Administration, Community, Social and other Services and Activities","2023",2317.377,,,,"Repository: ILO-STATISTICS - Micro data processing"
"Viet Nam","LFS - Labour Force Survey","Employment by sex, status in employment and economic activity (thousands)","Male","Status in employment (Aggregate): Total","Economic activity (Aggregate): Not classified","2023",1353.898,,,,"Repository: ILO-STATISTICS - Micro data processing"
"Viet Nam","LFS - Labour Force Survey","Employment by sex, status in employment and economic activity (thousands)","Female","Status in employment (Aggregate): Total","Economic activity (Aggregate): Total","2023",26371.025,,,,"Repository: ILO-STATISTICS - Micro data processing"
"Viet Nam","LFS - Labour Force Survey","Employment by sex, status in employment and economic activity (thousands)","Female","Status in employment (Aggregate): Total","Economic activity (Aggregate): Agriculture","2023",6305.757,,,,"Repository: ILO-STATISTICS - Micro data processing"
"Viet Nam","LFS - Labour Force Survey","Employment by sex, status in employment and economic activity (thousands)","Female","Status in employment (Aggregate): Total","Economic activity (Aggregate): Manufacturing","2023",6576.892,,,,"Repository: ILO-STATISTICS - Micro data processing"
"Viet Nam","LFS - Labour Force Survey","Employment by sex, status in employment and economic activity (thousands)","Female","Status in employment (Aggregate): Total","Economic activity (Aggregate): Construction","2023",485.663,,,,"Repository: ILO-STATISTICS - Micro data processing"
"Viet Nam","LFS - Labour Force Survey","Employment by sex, status in employment and economic activity (thousands)","Female","Status in employment (Aggregate): Total","Economic activity (Aggregate): Mining and quarrying; Electricity, gas and water supply","2023",127.986,,,,"Repository: ILO-STATISTICS - Micro data processing"
"Viet Nam","LFS - Labour Force Survey","Employment by sex, status in employment and economic activity (thousands)","Female","Status in employment (Aggregate): Total","Economic activity (Aggregate): Trade, Transportation, Accommodation and Food, and Business and Administrative Services","2023",7262.685,,,,"Repository: ILO-STATISTICS - Micro data processing"
"Viet Nam","LFS - Labour Force Survey","Employment by sex, status in employment and economic activity (thousands)","Female","Status in employment (Aggregate): Total","Economic activity (Aggregate): Public Administration, Community, Social and other Services and Activities","2023",3223.74,,,,"Repository: ILO-STATISTICS - Micro data processing"
"Viet Nam","LFS - Labour Force Survey","Employment by sex, status in employment and economic activity (thousands)","Female","Status in employment (Aggregate): Total","Economic activity (Aggregate): Not classified","2023",2388.303,,,,"Repository: ILO-STATISTICS - Micro data processing"
"Viet Nam","LFS - Labour Force Survey","Employment by sex, status in employment and economic activity (thousands)","Total","Status in employment (Aggregate): Total","Economic activity (Aggregate): Total","2022",55018.096,,,,"Repository: ILO-STATISTICS - Micro data processing"
"Viet Nam","LFS - Labour Force Survey","Employment by sex, status in employment and economic activity (thousands)","Total","Status in employment (Aggregate): Total","Economic activity (Aggregate): Agriculture","2022",18410.36,,,,"Repository: ILO-STATISTICS - Micro data processing"
"Viet Nam","LFS - Labour Force Survey","Employment by sex, status in employment and economic activity (thousands)","Total","Status in employment (Aggregate): Total","Economic activity (Aggregate): Manufacturing","2022",11774.59,,,,"Repository: ILO-STATISTICS - Micro data processing"
"Viet Nam","LFS - Labour Force Survey","Employment by sex, status in employment and economic activity (thousands)","Total","Status in employment (Aggregate): Total","Economic activity (Aggregate): Construction","2022",4589.692,,,,"Repository: ILO-STATISTICS - Micro data processing"
"Viet Nam","LFS - Labour Force Survey","Employment by sex, status in employment and economic activity (thousands)","Total","Status in employment (Aggregate): Total","Economic activity (Aggregate): Mining and quarrying; Electricity, gas and water supply","2022",516.698,,,,"Repository: ILO-STATISTICS - Micro data processing"
"Viet Nam","LFS - Labour Force Survey","Employment by sex, status in employment and economic activity (thousands)","Total","Status in employment (Aggregate): Total","Economic activity (Aggregate): Trade, Transportation, Accommodation and Food, and Business and Administrative Services","2022",14396.289,,,,"Repository: ILO-STATISTICS - Micro data processing"
"Viet Nam","LFS - Labour Force Survey","Employment by sex, status in employment and economic activity (thousands)","Total","Status in employment (Aggregate): Total","Economic activity (Aggregate): Public Administration, Community, Social and other Services and Activities","2022",5330.468,,,,"Repository: ILO-STATISTICS - Micro data processing"
"Viet Nam","LFS - Labour Force Survey","Employment by sex, status in employment and economic activity (thousands)","Male","Status in employment (Aggregate): Total","Economic activity (Aggregate): Total","2022",28548.579,,,,"Repository: ILO-STATISTICS - Micro data processing"
"Viet Nam","LFS - Labour Force Survey","Employment by sex, status in employment and economic activity (thousands)","Male","Status in employment (Aggregate): Total","Economic activity (Aggregate): Agriculture","2022",9238.902,,,,"Repository: ILO-STATISTICS - Micro data processing"
"Viet Nam","LFS - Labour Force Survey","Employment by sex, status in employment and economic activity (thousands)","Male","Status in employment (Aggregate): Total","Economic activity (Aggregate): Manufacturing","2022",5301.328,,,,"Repository: ILO-STATISTICS - Micro data processing"
"Viet Nam","LFS - Labour Force Survey","Employment by sex, status in employment and economic activity (thousands)","Male","Status in employment (Aggregate): Total","Economic activity (Aggregate): Construction","2022",4134.933,,,,"Repository: ILO-STATISTICS - Micro data processing"
"Viet Nam","LFS - Labour Force Survey","Employment by sex, status in employment and economic activity (thousands)","Male","Status in employment (Aggregate): Total","Economic activity (Aggregate): Mining and quarrying; Electricity, gas and water supply","2022",376.25,,,,"Repository: ILO-STATISTICS - Micro data processing"
"Viet Nam","LFS - Labour Force Survey","Employment by sex, status in employment and economic activity (thousands)","Male","Status in employment (Aggregate): Total","Economic activity (Aggregate): Trade, Transportation, Accommodation and Food, and Business and Administrative Services","2022",7244.099,,,,"Repository: ILO-STATISTICS - Micro data processing"
"Viet Nam","LFS - Labour Force Survey","Employment by sex, status in employment and economic activity (thousands)","Male","Status in employment (Aggregate): Total","Economic activity (Aggregate): Public Administration, Community, Social and other Services and Activities","2022",2253.066,,,,"Repository: ILO-STATISTICS - Micro data processing"
"Viet Nam","LFS - Labour Force Survey","Employment by sex, status in employment and economic activity (thousands)","Female","Status in employment (Aggregate): Total","Economic activity (Aggregate): Total","2022",26469.518,,,,"Repository: ILO-STATISTICS - Micro data processing"
"Viet Nam","LFS - Labour Force Survey","Employment by sex, status in employment and economic activity (thousands)","Female","Status in employment (Aggregate): Total","Economic activity (Aggregate): Agriculture","2022",9171.458,,,,"Repository: ILO-STATISTICS - Micro data processing"
"Viet Nam","LFS - Labour Force Survey","Employment by sex, status in employment and economic activity (thousands)","Female","Status in employment (Aggregate): Total","Economic activity (Aggregate): Manufacturing","2022",6473.261,,,,"Repository: ILO-STATISTICS - Micro data processing"
"Viet Nam","LFS - Labour Force Survey","Employment by sex, status in employment and economic activity (thousands)","Female","Status in employment (Aggregate): Total","Economic activity (Aggregate): Construction","2022",454.758,,,,"Repository: ILO-STATISTICS - Micro data processing"
"Viet Nam","LFS - Labour Force Survey","Employment by sex, status in employment and economic activity (thousands)","Female","Status in employment (Aggregate): Total","Economic activity (Aggregate): Mining and quarrying; Electricity, gas and water supply","2022",140.447,,,,"Repository: ILO-STATISTICS - Micro data processing"
"Viet Nam","LFS - Labour Force Survey","Employment by sex, status in employment and economic activity (thousands)","Female","Status in employment (Aggregate): Total","Economic activity (Aggregate): Trade, Transportation, Accommodation and Food, and Business and Administrative Services","2022",7152.19,,,,"Repository: ILO-STATISTICS - Micro data processing"
"Viet Nam","LFS - Labour Force Survey","Employment by sex, status in employment and economic activity (thousands)","Female","Status in employment (Aggregate): Total","Economic activity (Aggregate): Public Administration, Community, Social and other Services and Activities","2022",3077.402,,,,"Repository: ILO-STATISTICS - Micro data processing"
"Viet Nam","LFS - Labour Force Survey","Employment by sex, status in employment and economic activity (thousands)","Total","Status in employment (Aggregate): Total","Economic activity (Aggregate): Total","2021",53435.443,,,,"Repository: ILO-STATISTICS - Micro data processing"
"Viet Nam","LFS - Labour Force Survey","Employment by sex, status in employment and economic activity (thousands)","Total","Status in employment (Aggregate): Total","Economic activity (Aggregate): Agriculture","2021",14234.179,,,,"Repository: ILO-STATISTICS - Micro data processing"
"Viet Nam","LFS - Labour Force Survey","Employment by sex, status in employment and economic activity (thousands)","Total","Status in employment (Aggregate): Total","Economic activity (Aggregate): Manufacturing","2021",11205.902,,,,"Repository: ILO-STATISTICS - Micro data processing"
"Viet Nam","LFS - Labour Force Survey","Employment by sex, status in employment and economic activity (thousands)","Total","Status in employment (Aggregate): Total","Economic activity (Aggregate): Construction","2021",4541.858,,,,"Repository: ILO-STATISTICS - Micro data processing"
"Viet Nam","LFS - Labour Force Survey","Employment by sex, status in employment and economic activity (thousands)","Total","Status in employment (Aggregate): Total","Economic activity (Aggregate): Mining and quarrying; Electricity, gas and water supply","2021",495.524,,,,"Repository: ILO-STATISTICS - Micro data processing"
"Viet Nam","LFS - Labour Force Survey","Employment by sex, status in employment and economic activity (thousands)","Total","Status in employment (Aggregate): Total","Economic activity (Aggregate): Trade, Transportation, Accommodation and Food, and Business and Administrative Services","2021",13271.544,,,,"Repository: ILO-STATISTICS - Micro data processing"
"Viet Nam","LFS - Labour Force Survey","Employment by sex, status in employment and economic activity (thousands)","Total","Status in employment (Aggregate): Total","Economic activity (Aggregate): Public Administration, Community, Social and other Services and Activities","2021",5286.472,,,,"Repository: ILO-STATISTICS - Micro data processing"
"Viet Nam","LFS - Labour Force Survey","Employment by sex, status in employment and economic activity (thousands)","Total","Status in employment (Aggregate): Total","Economic activity (Aggregate): Not classified","2021",4399.964,,,,"Repository: ILO-STATISTICS - Micro data processing"
"Viet Nam","LFS - Labour Force Survey","Employment by sex, status in employment and economic activity (thousands)","Male","Status in employment (Aggregate): Total","Economic activity (Aggregate): Total","2021",27867.086,,,,"Repository: ILO-STATISTICS - Micro data processing"
"Viet Nam","LFS - Labour Force Survey","Employment by sex, status in employment and economic activity (thousands)","Male","Status in employment (Aggregate): Total","Economic activity (Aggregate): Agriculture","2021",7704.078,,,,"Repository: ILO-STATISTICS - Micro data processing"
"Viet Nam","LFS - Labour Force Survey","Employment by sex, status in employment and economic activity (thousands)","Male","Status in employment (Aggregate): Total","Economic activity (Aggregate): Manufacturing","2021",5114.511,,,,"Repository: ILO-STATISTICS - Micro data processing"
"Viet Nam","LFS - Labour Force Survey","Employment by sex, status in employment and economic activity (thousands)","Male","Status in employment (Aggregate): Total","Economic activity (Aggregate): Construction","2021",4077.602,,,,"Repository: ILO-STATISTICS - Micro data processing"
"Viet Nam","LFS - Labour Force Survey","Employment by sex, status in employment and economic activity (thousands)","Male","Status in employment (Aggregate): Total","Economic activity (Aggregate): Mining and quarrying; Electricity, gas and water supply","2021",361.287,,,,"Repository: ILO-STATISTICS - Micro data processing"
"Viet Nam","LFS - Labour Force Survey","Employment by sex, status in employment and economic activity (thousands)","Male","Status in employment (Aggregate): Total","Economic activity (Aggregate): Trade, Transportation, Accommodation and Food, and Business and Administrative Services","2021",6714.301,,,,"Repository: ILO-STATISTICS - Micro data processing"
"Viet Nam","LFS - Labour Force Survey","Employment by sex, status in employment and economic activity (thousands)","Male","Status in employment (Aggregate): Total","Economic activity (Aggregate): Public Administration, Community, Social and other Services and Activities","2021",2257.543,,,,"Repository: ILO-STATISTICS - Micro data processing"
"Viet Nam","LFS - Labour Force Survey","Employment by sex, status in employment and economic activity (thousands)","Male","Status in employment (Aggregate): Total","Economic activity (Aggregate): Not classified","2021",1637.765,,,,"Repository: ILO-STATISTICS - Micro data processing"
"Viet Nam","LFS - Labour Force Survey","Employment by sex, status in employment and economic activity (thousands)","Female","Status in employment (Aggregate): Total","Economic activity (Aggregate): Total","2021",25568.357,,,,"Repository: ILO-STATISTICS - Micro data processing"
"Viet Nam","LFS - Labour Force Survey","Employment by sex, status in employment and economic activity (thousands)","Female","Status in employment (Aggregate): Total","Economic activity (Aggregate): Agriculture","2021",6530.102,,,,"Repository: ILO-STATISTICS - Micro data processing"
"Viet Nam","LFS - Labour Force Survey","Employment by sex, status in employment and economic activity (thousands)","Female","Status in employment (Aggregate): Total","Economic activity (Aggregate): Manufacturing","2021",6091.391,,,,"Repository: ILO-STATISTICS - Micro data processing"
"Viet Nam","LFS - Labour Force Survey","Employment by sex, status in employment and economic activity (thousands)","Female","Status in employment (Aggregate): Total","Economic activity (Aggregate): Construction","2021",464.256,,,,"Repository: ILO-STATISTICS - Micro data processing"
"Viet Nam","LFS - Labour Force Survey","Employment by sex, status in employment and economic activity (thousands)","Female","Status in employment (Aggregate): Total","Economic activity (Aggregate): Mining and quarrying; Electricity, gas and water supply","2021",134.237,,,,"Repository: ILO-STATISTICS - Micro data processing"
"Viet Nam","LFS - Labour Force Survey","Employment by sex, status in employment and economic activity (thousands)","Female","Status in employment (Aggregate): Total","Economic activity (Aggregate): Trade, Transportation, Accommodation and Food, and Business and Administrative Services","2021",6557.244,,,,"Repository: ILO-STATISTICS - Micro data processing"
"Viet Nam","LFS - Labour Force Survey","Employment by sex, status in employment and economic activity (thousands)","Female","Status in employment (Aggregate): Total","Economic activity (Aggregate): Public Administration, Community, Social and other Services and Activities","2021",3028.929,,,,"Repository: ILO-STATISTICS - Micro data processing"
"Viet Nam","LFS - Labour Force Survey","Employment by sex, status in employment and economic activity (thousands)","Female","Status in employment (Aggregate): Total","Economic activity (Aggregate): Not classified","2021",2762.198,,,,"Repository: ILO-STATISTICS - Micro data processing"
"Viet Nam","LFS - Labour Force Survey","Employment by sex, status in employment and economic activity (thousands)","Total","Status in employment (Aggregate): Total","Economic activity (Aggregate): Total","2020",53326.092,,,,"Repository: ILO-STATISTICS - Micro data processing"
"Viet Nam","LFS - Labour Force Survey","Employment by sex, status in employment and economic activity (thousands)","Total","Status in employment (Aggregate): Total","Economic activity (Aggregate): Agriculture","2020",17390.781,,,,"Repository: ILO-STATISTICS - Micro data processing"
"Viet Nam","LFS - Labour Force Survey","Employment by sex, status in employment and economic activity (thousands)","Total","Status in employment (Aggregate): Total","Economic activity (Aggregate): Manufacturing","2020",11364.592,,,,"Repository: ILO-STATISTICS - Micro data processing"
"Viet Nam","LFS - Labour Force Survey","Employment by sex, status in employment and economic activity (thousands)","Total","Status in employment (Aggregate): Total","Economic activity (Aggregate): Construction","2020",4690.796,,,,"Repository: ILO-STATISTICS - Micro data processing"
"Viet Nam","LFS - Labour Force Survey","Employment by sex, status in employment and economic activity (thousands)","Total","Status in employment (Aggregate): Total","Economic activity (Aggregate): Mining and quarrying; Electricity, gas and water supply","2020",512.845,,,,"Repository: ILO-STATISTICS - Micro data processing"
"Viet Nam","LFS - Labour Force Survey","Employment by sex, status in employment and economic activity (thousands)","Total","Status in employment (Aggregate): Total","Economic activity (Aggregate): Trade, Transportation, Accommodation and Food, and Business and Administrative Services","2020",13833.192,,,,"Repository: ILO-STATISTICS - Micro data processing"
"Viet Nam","LFS - Labour Force Survey","Employment by sex, status in employment and economic activity (thousands)","Total","Status in employment (Aggregate): Total","Economic activity (Aggregate): Public Administration, Community, Social and other Services and Activities","2020",5533.483,,,,"Repository: ILO-STATISTICS - Micro data processing"
"Viet Nam","LFS - Labour Force Survey","Employment by sex, status in employment and economic activity (thousands)","Total","Status in employment (Aggregate): Total","Economic activity (Aggregate): Not classified","2020",0.401,"Unreliable",,,"Repository: ILO-STATISTICS - Micro data processing"
"Viet Nam","LFS - Labour Force Survey","Employment by sex, status in employment and economic activity (thousands)","Male","Status in employment (Aggregate): Total","Economic activity (Aggregate): Total","2020",28217.809,,,,"Repository: ILO-STATISTICS - Micro data processing"
"Viet Nam","LFS - Labour Force Survey","Employment by sex, status in employment and economic activity (thousands)","Male","Status in employment (Aggregate): Total","Economic activity (Aggregate): Agriculture","2020",8903.615,,,,"Repository: ILO-STATISTICS - Micro data processing"
"Viet Nam","LFS - Labour Force Survey","Employment by sex, status in employment and economic activity (thousands)","Male","Status in employment (Aggregate): Total","Economic activity (Aggregate): Manufacturing","2020",5230.76,,,,"Repository: ILO-STATISTICS - Micro data processing"
"Viet Nam","LFS - Labour Force Survey","Employment by sex, status in employment and economic activity (thousands)","Male","Status in employment (Aggregate): Total","Economic activity (Aggregate): Construction","2020",4228.92,,,,"Repository: ILO-STATISTICS - Micro data processing"
"Viet Nam","LFS - Labour Force Survey","Employment by sex, status in employment and economic activity (thousands)","Male","Status in employment (Aggregate): Total","Economic activity (Aggregate): Mining and quarrying; Electricity, gas and water supply","2020",380.162,,,,"Repository: ILO-STATISTICS - Micro data processing"
"Viet Nam","LFS - Labour Force Survey","Employment by sex, status in employment and economic activity (thousands)","Male","Status in employment (Aggregate): Total","Economic activity (Aggregate): Trade, Transportation, Accommodation and Food, and Business and Administrative Services","2020",7076.281,,,,"Repository: ILO-STATISTICS - Micro data processing"
"Viet Nam","LFS - Labour Force Survey","Employment by sex, status in employment and economic activity (thousands)","Male","Status in employment (Aggregate): Total","Economic activity (Aggregate): Public Administration, Community, Social and other Services and Activities","2020",2397.995,,,,"Repository: ILO-STATISTICS - Micro data processing"
"Viet Nam","LFS - Labour Force Survey","Employment by sex, status in employment and economic activity (thousands)","Male","Status in employment (Aggregate): Total","Economic activity (Aggregate): Not classified","2020",,"Unreliable",,,"Repository: ILO-STATISTICS - Micro data processing"
"Viet Nam","LFS - Labour Force Survey","Employment by sex, status in employment and economic activity (thousands)","Female","Status in employment (Aggregate): Total","Economic activity (Aggregate): Total","2020",25108.283,,,,"Repository: ILO-STATISTICS - Micro data processing"
"Viet Nam","LFS - Labour Force Survey","Employment by sex, status in employment and economic activity (thousands)","Female","Status in employment (Aggregate): Total","Economic activity (Aggregate): Agriculture","2020",8487.165,,,,"Repository: ILO-STATISTICS - Micro data processing"
"Viet Nam","LFS - Labour Force Survey","Employment by sex, status in employment and economic activity (thousands)","Female","Status in employment (Aggregate): Total","Economic activity (Aggregate): Manufacturing","2020",6133.833,,,,"Repository: ILO-STATISTICS - Micro data processing"
"Viet Nam","LFS - Labour Force Survey","Employment by sex, status in employment and economic activity (thousands)","Female","Status in employment (Aggregate): Total","Economic activity (Aggregate): Construction","2020",461.877,,,,"Repository: ILO-STATISTICS - Micro data processing"
"Viet Nam","LFS - Labour Force Survey","Employment by sex, status in employment and economic activity (thousands)","Female","Status in employment (Aggregate): Total","Economic activity (Aggregate): Mining and quarrying; Electricity, gas and water supply","2020",132.683,,,,"Repository: ILO-STATISTICS - Micro data processing"
"Viet Nam","LFS - Labour Force Survey","Employment by sex, status in employment and economic activity (thousands)","Female","Status in employment (Aggregate): Total","Economic activity (Aggregate): Trade, Transportation, Accommodation and Food, and Business and Administrative Services","2020",6756.912,,,,"Repository: ILO-STATISTICS - Micro data processing"
"Viet Nam","LFS - Labour Force Survey","Employment by sex, status in employment and economic activity (thousands)","Female","Status in employment (Aggregate): Total","Economic activity (Aggregate): Public Administration, Community, Social and other Services and Activities","2020",3135.488,,,,"Repository: ILO-STATISTICS - Micro data processing"
"Viet Nam","LFS - Labour Force Survey","Employment by sex, status in employment and economic activity (thousands)","Female","Status in employment (Aggregate): Total","Economic activity (Aggregate): Not classified","2020",,"Unreliable",,,"Repository: ILO-STATISTICS - Micro data processing"
"Viet Nam","LFS - Labour Force Survey","Employment by sex, status in employment and economic activity (thousands)","Total","Status in employment (Aggregate): Total","Economic activity (Aggregate): Total","2019",54574.308,,,,"Repository: ILO-STATISTICS - Micro data processing | Employment definition: Excluding own-use production workers"
"Viet Nam","LFS - Labour Force Survey","Employment by sex, status in employment and economic activity (thousands)","Total","Status in employment (Aggregate): Total","Economic activity (Aggregate): Agriculture","2019",18847.322,,,,"Repository: ILO-STATISTICS - Micro data processing | Employment definition: Excluding own-use production workers"
"Viet Nam","LFS - Labour Force Survey","Employment by sex, status in employment and economic activity (thousands)","Total","Status in employment (Aggregate): Total","Economic activity (Aggregate): Manufacturing","2019",11038.668,,,,"Repository: ILO-STATISTICS - Micro data processing | Employment definition: Excluding own-use production workers"
"Viet Nam","LFS - Labour Force Survey","Employment by sex, status in employment and economic activity (thousands)","Total","Status in employment (Aggregate): Total","Economic activity (Aggregate): Construction","2019",4554.243,,,,"Repository: ILO-STATISTICS - Micro data processing | Employment definition: Excluding own-use production workers"
"Viet Nam","LFS - Labour Force Survey","Employment by sex, status in employment and economic activity (thousands)","Total","Status in employment (Aggregate): Total","Economic activity (Aggregate): Mining and quarrying; Electricity, gas and water supply","2019",555.183,,,,"Repository: ILO-STATISTICS - Micro data processing | Employment definition: Excluding own-use production workers"
"Viet Nam","LFS - Labour Force Survey","Employment by sex, status in employment and economic activity (thousands)","Total","Status in employment (Aggregate): Total","Economic activity (Aggregate): Trade, Transportation, Accommodation and Food, and Business and Administrative Services","2019",13883.871,,,,"Repository: ILO-STATISTICS - Micro data processing | Employment definition: Excluding own-use production workers"
"Viet Nam","LFS - Labour Force Survey","Employment by sex, status in employment and economic activity (thousands)","Total","Status in employment (Aggregate): Total","Economic activity (Aggregate): Public Administration, Community, Social and other Services and Activities","2019",5695.02,,,,"Repository: ILO-STATISTICS - Micro data processing | Employment definition: Excluding own-use production workers"
"Viet Nam","LFS - Labour Force Survey","Employment by sex, status in employment and economic activity (thousands)","Male","Status in employment (Aggregate): Total","Economic activity (Aggregate): Total","2019",28556.882,,,,"Repository: ILO-STATISTICS - Micro data processing | Employment definition: Excluding own-use production workers"
"Viet Nam","LFS - Labour Force Survey","Employment by sex, status in employment and economic activity (thousands)","Male","Status in employment (Aggregate): Total","Economic activity (Aggregate): Agriculture","2019",9513.402,,,,"Repository: ILO-STATISTICS - Micro data processing | Employment definition: Excluding own-use production workers"
"Viet Nam","LFS - Labour Force Survey","Employment by sex, status in employment and economic activity (thousands)","Male","Status in employment (Aggregate): Total","Economic activity (Aggregate): Manufacturing","2019",5026.923,,,,"Repository: ILO-STATISTICS - Micro data processing | Employment definition: Excluding own-use production workers"
"Viet Nam","LFS - Labour Force Survey","Employment by sex, status in employment and economic activity (thousands)","Male","Status in employment (Aggregate): Total","Economic activity (Aggregate): Construction","2019",4092.915,,,,"Repository: ILO-STATISTICS - Micro data processing | Employment definition: Excluding own-use production workers"
"Viet Nam","LFS - Labour Force Survey","Employment by sex, status in employment and economic activity (thousands)","Male","Status in employment (Aggregate): Total","Economic activity (Aggregate): Mining and quarrying; Electricity, gas and water supply","2019",400.901,,,,"Repository: ILO-STATISTICS - Micro data processing | Employment definition: Excluding own-use production workers"
"Viet Nam","LFS - Labour Force Survey","Employment by sex, status in employment and economic activity (thousands)","Male","Status in employment (Aggregate): Total","Economic activity (Aggregate): Trade, Transportation, Accommodation and Food, and Business and Administrative Services","2019",7017.159,,,,"Repository: ILO-STATISTICS - Micro data processing | Employment definition: Excluding own-use production workers"
"Viet Nam","LFS - Labour Force Survey","Employment by sex, status in employment and economic activity (thousands)","Male","Status in employment (Aggregate): Total","Economic activity (Aggregate): Public Administration, Community, Social and other Services and Activities","2019",2505.583,,,,"Repository: ILO-STATISTICS - Micro data processing | Employment definition: Excluding own-use production workers"
"Viet Nam","LFS - Labour Force Survey","Employment by sex, status in employment and economic activity (thousands)","Female","Status in employment (Aggregate): Total","Economic activity (Aggregate): Total","2019",26017.426,,,,"Repository: ILO-STATISTICS - Micro data processing | Employment definition: Excluding own-use production workers"
"Viet Nam","LFS - Labour Force Survey","Employment by sex, status in employment and economic activity (thousands)","Female","Status in employment (Aggregate): Total","Economic activity (Aggregate): Agriculture","2019",9333.92,,,,"Repository: ILO-STATISTICS - Micro data processing | Employment definition: Excluding own-use production workers"
"Viet Nam","LFS - Labour Force Survey","Employment by sex, status in employment and economic activity (thousands)","Female","Status in employment (Aggregate): Total","Economic activity (Aggregate): Manufacturing","2019",6011.746,,,,"Repository: ILO-STATISTICS - Micro data processing | Employment definition: Excluding own-use production workers"
"Viet Nam","LFS - Labour Force Survey","Employment by sex, status in employment and economic activity (thousands)","Female","Status in employment (Aggregate): Total","Economic activity (Aggregate): Construction","2019",461.329,,,,"Repository: ILO-STATISTICS - Micro data processing | Employment definition: Excluding own-use production workers"
"Viet Nam","LFS - Labour Force Survey","Employment by sex, status in employment and economic activity (thousands)","Female","Status in employment (Aggregate): Total","Economic activity (Aggregate): Mining and quarrying; Electricity, gas and water supply","2019",154.283,,,,"Repository: ILO-STATISTICS - Micro data processing | Employment definition: Excluding own-use production workers"
"Viet Nam","LFS - Labour Force Survey","Employment by sex, status in employment and economic activity (thousands)","Female","Status in employment (Aggregate): Total","Economic activity (Aggregate): Trade, Transportation, Accommodation and Food, and Business and Administrative Services","2019",6866.712,,,,"Repository: ILO-STATISTICS - Micro data processing | Employment definition: Excluding own-use production workers"
"Viet Nam","LFS - Labour Force Survey","Employment by sex, status in employment and economic activity (thousands)","Female","Status in employment (Aggregate): Total","Economic activity (Aggregate): Public Administration, Community, Social and other Services and Activities","2019",3189.436,,,,"Repository: ILO-STATISTICS - Micro data processing | Employment definition: Excluding own-use production workers"
"Viet Nam","LFS - Labour Force Survey","Employment by sex, status in employment and economic activity (thousands)","Total","Status in employment (Aggregate): Total","Economic activity (Aggregate): Total","2018",54249.737,,,,"Repository: ILO-STATISTICS - Micro data processing"
"Viet Nam","LFS - Labour Force Survey","Employment by sex, status in employment and economic activity (thousands)","Total","Status in employment (Aggregate): Total","Economic activity (Aggregate): Agriculture","2018",20465.122,,,,"Repository: ILO-STATISTICS - Micro data processing"
"Viet Nam","LFS - Labour Force Survey","Employment by sex, status in employment and economic activity (thousands)","Total","Status in employment (Aggregate): Total","Economic activity (Aggregate): Manufacturing","2018",9717.403,,,,"Repository: ILO-STATISTICS - Micro data processing"
"Viet Nam","LFS - Labour Force Survey","Employment by sex, status in employment and economic activity (thousands)","Total","Status in employment (Aggregate): Total","Economic activity (Aggregate): Construction","2018",4273.264,,,,"Repository: ILO-STATISTICS - Micro data processing"
"Viet Nam","LFS - Labour Force Survey","Employment by sex, status in employment and economic activity (thousands)","Total","Status in employment (Aggregate): Total","Economic activity (Aggregate): Mining and quarrying; Electricity, gas and water supply","2018",496.492,,,,"Repository: ILO-STATISTICS - Micro data processing"
"Viet Nam","LFS - Labour Force Survey","Employment by sex, status in employment and economic activity (thousands)","Total","Status in employment (Aggregate): Total","Economic activity (Aggregate): Trade, Transportation, Accommodation and Food, and Business and Administrative Services","2018",13492.091,,,,"Repository: ILO-STATISTICS - Micro data processing"
"Viet Nam","LFS - Labour Force Survey","Employment by sex, status in employment and economic activity (thousands)","Total","Status in employment (Aggregate): Total","Economic activity (Aggregate): Public Administration, Community, Social and other Services and Activities","2018",5805.066,,,,"Repository: ILO-STATISTICS - Micro data processing"
"Viet Nam","LFS - Labour Force Survey","Employment by sex, status in employment and economic activity (thousands)","Total","Status in employment (Aggregate): Total","Economic activity (Aggregate): Not classified","2018",,"Unreliable",,,"Repository: ILO-STATISTICS - Micro data processing"
"Viet Nam","LFS - Labour Force Survey","Employment by sex, status in employment and economic activity (thousands)","Male","Status in employment (Aggregate): Total","Economic activity (Aggregate): Total","2018",28329.395,,,,"Repository: ILO-STATISTICS - Micro data processing"
"Viet Nam","LFS - Labour Force Survey","Employment by sex, status in employment and economic activity (thousands)","Male","Status in employment (Aggregate): Total","Economic activity (Aggregate): Agriculture","2018",10420.028,,,,"Repository: ILO-STATISTICS - Micro data processing"
"Viet Nam","LFS - Labour Force Survey","Employment by sex, status in employment and economic activity (thousands)","Male","Status in employment (Aggregate): Total","Economic activity (Aggregate): Manufacturing","2018",4323.722,,,,"Repository: ILO-STATISTICS - Micro data processing"
"Viet Nam","LFS - Labour Force Survey","Employment by sex, status in employment and economic activity (thousands)","Male","Status in employment (Aggregate): Total","Economic activity (Aggregate): Construction","2018",3858.914,,,,"Repository: ILO-STATISTICS - Micro data processing"
"Viet Nam","LFS - Labour Force Survey","Employment by sex, status in employment and economic activity (thousands)","Male","Status in employment (Aggregate): Total","Economic activity (Aggregate): Mining and quarrying; Electricity, gas and water supply","2018",376.43,,,,"Repository: ILO-STATISTICS - Micro data processing"
"Viet Nam","LFS - Labour Force Survey","Employment by sex, status in employment and economic activity (thousands)","Male","Status in employment (Aggregate): Total","Economic activity (Aggregate): Trade, Transportation, Accommodation and Food, and Business and Administrative Services","2018",6716.107,,,,"Repository: ILO-STATISTICS - Micro data processing"
"Viet Nam","LFS - Labour Force Survey","Employment by sex, status in employment and economic activity (thousands)","Male","Status in employment (Aggregate): Total","Economic activity (Aggregate): Public Administration, Community, Social and other Services and Activities","2018",2634.038,,,,"Repository: ILO-STATISTICS - Micro data processing"
"Viet Nam","LFS - Labour Force Survey","Employment by sex, status in employment and economic activity (thousands)","Male","Status in employment (Aggregate): Total","Economic activity (Aggregate): Not classified","2018",,"Unreliable",,,"Repository: ILO-STATISTICS - Micro data processing"
"Viet Nam","LFS - Labour Force Survey","Employment by sex, status in employment and economic activity (thousands)","Female","Status in employment (Aggregate): Total","Economic activity (Aggregate): Total","2018",25920.341,,,,"Repository: ILO-STATISTICS - Micro data processing"
"Viet Nam","LFS - Labour Force Survey","Employment by sex, status in employment and economic activity (thousands)","Female","Status in employment (Aggregate): Total","Economic activity (Aggregate): Agriculture","2018",10045.094,,,,"Repository: ILO-STATISTICS - Micro data processing"
"Viet Nam","LFS - Labour Force Survey","Employment by sex, status in employment and economic activity (thousands)","Female","Status in employment (Aggregate): Total","Economic activity (Aggregate): Manufacturing","2018",5393.681,,,,"Repository: ILO-STATISTICS - Micro data processing"
"Viet Nam","LFS - Labour Force Survey","Employment by sex, status in employment and economic activity (thousands)","Female","Status in employment (Aggregate): Total","Economic activity (Aggregate): Construction","2018",414.35,,,,"Repository: ILO-STATISTICS - Micro data processing"
"Viet Nam","LFS - Labour Force Survey","Employment by sex, status in employment and economic activity (thousands)","Female","Status in employment (Aggregate): Total","Economic activity (Aggregate): Mining and quarrying; Electricity, gas and water supply","2018",120.062,,,,"Repository: ILO-STATISTICS - Micro data processing"
"Viet Nam","LFS - Labour Force Survey","Employment by sex, status in employment and economic activity (thousands)","Female","Status in employment (Aggregate): Total","Economic activity (Aggregate): Trade, Transportation, Accommodation and Food, and Business and Administrative Services","2018",6775.984,,,,"Repository: ILO-STATISTICS - Micro data processing"
"Viet Nam","LFS - Labour Force Survey","Employment by sex, status in employment and economic activity (thousands)","Female","Status in employment (Aggregate): Total","Economic activity (Aggregate): Public Administration, Community, Social and other Services and Activities","2018",3171.028,,,,"Repository: ILO-STATISTICS - Micro data processing"
"Viet Nam","LFS - Labour Force Survey","Employment by sex, status in employment and economic activity (thousands)","Female","Status in employment (Aggregate): Total","Economic activity (Aggregate): Not classified","2018",,"Unreliable",,,"Repository: ILO-STATISTICS - Micro data processing"
"Viet Nam","LFS - Labour Force Survey","Employment by sex, status in employment and economic activity (thousands)","Total","Status in employment (Aggregate): Total","Economic activity (Aggregate): Total","2017",53703.362,,,,"Repository: ILO-STATISTICS - Micro data processing"
"Viet Nam","LFS - Labour Force Survey","Employment by sex, status in employment and economic activity (thousands)","Total","Status in employment (Aggregate): Total","Economic activity (Aggregate): Agriculture","2017",21564.822,,,,"Repository: ILO-STATISTICS - Micro data processing"
"Viet Nam","LFS - Labour Force Survey","Employment by sex, status in employment and economic activity (thousands)","Total","Status in employment (Aggregate): Total","Economic activity (Aggregate): Manufacturing","2017",9316.01,,,,"Repository: ILO-STATISTICS - Micro data processing"
"Viet Nam","LFS - Labour Force Survey","Employment by sex, status in employment and economic activity (thousands)","Total","Status in employment (Aggregate): Total","Economic activity (Aggregate): Construction","2017",4027.717,,,,"Repository: ILO-STATISTICS - Micro data processing"
"Viet Nam","LFS - Labour Force Survey","Employment by sex, status in employment and economic activity (thousands)","Total","Status in employment (Aggregate): Total","Economic activity (Aggregate): Mining and quarrying; Electricity, gas and water supply","2017",499.299,,,,"Repository: ILO-STATISTICS - Micro data processing"
"Viet Nam","LFS - Labour Force Survey","Employment by sex, status in employment and economic activity (thousands)","Total","Status in employment (Aggregate): Total","Economic activity (Aggregate): Trade, Transportation, Accommodation and Food, and Business and Administrative Services","2017",12656.122,,,,"Repository: ILO-STATISTICS - Micro data processing"
"Viet Nam","LFS - Labour Force Survey","Employment by sex, status in employment and economic activity (thousands)","Total","Status in employment (Aggregate): Total","Economic activity (Aggregate): Public Administration, Community, Social and other Services and Activities","2017",5639.392,,,,"Repository: ILO-STATISTICS - Micro data processing"
"Viet Nam","LFS - Labour Force Survey","Employment by sex, status in employment and economic activity (thousands)","Male","Status in employment (Aggregate): Total","Economic activity (Aggregate): Total","2017",27813.688,,,,"Repository: ILO-STATISTICS - Micro data processing"
"Viet Nam","LFS - Labour Force Survey","Employment by sex, status in employment and economic activity (thousands)","Male","Status in employment (Aggregate): Total","Economic activity (Aggregate): Agriculture","2017",10827.259,,,,"Repository: ILO-STATISTICS - Micro data processing"
"Viet Nam","LFS - Labour Force Survey","Employment by sex, status in employment and economic activity (thousands)","Male","Status in employment (Aggregate): Total","Economic activity (Aggregate): Manufacturing","2017",4209.005,,,,"Repository: ILO-STATISTICS - Micro data processing"
"Viet Nam","LFS - Labour Force Survey","Employment by sex, status in employment and economic activity (thousands)","Male","Status in employment (Aggregate): Total","Economic activity (Aggregate): Construction","2017",3621.867,,,,"Repository: ILO-STATISTICS - Micro data processing"
"Viet Nam","LFS - Labour Force Survey","Employment by sex, status in employment and economic activity (thousands)","Male","Status in employment (Aggregate): Total","Economic activity (Aggregate): Mining and quarrying; Electricity, gas and water supply","2017",365.418,,,,"Repository: ILO-STATISTICS - Micro data processing"
"Viet Nam","LFS - Labour Force Survey","Employment by sex, status in employment and economic activity (thousands)","Male","Status in employment (Aggregate): Total","Economic activity (Aggregate): Trade, Transportation, Accommodation and Food, and Business and Administrative Services","2017",6170.711,,,,"Repository: ILO-STATISTICS - Micro data processing"
"Viet Nam","LFS - Labour Force Survey","Employment by sex, status in employment and economic activity (thousands)","Male","Status in employment (Aggregate): Total","Economic activity (Aggregate): Public Administration, Community, Social and other Services and Activities","2017",2619.427,,,,"Repository: ILO-STATISTICS - Micro data processing"
"Viet Nam","LFS - Labour Force Survey","Employment by sex, status in employment and economic activity (thousands)","Female","Status in employment (Aggregate): Total","Economic activity (Aggregate): Total","2017",25889.675,,,,"Repository: ILO-STATISTICS - Micro data processing"
"Viet Nam","LFS - Labour Force Survey","Employment by sex, status in employment and economic activity (thousands)","Female","Status in employment (Aggregate): Total","Economic activity (Aggregate): Agriculture","2017",10737.564,,,,"Repository: ILO-STATISTICS - Micro data processing"
"Viet Nam","LFS - Labour Force Survey","Employment by sex, status in employment and economic activity (thousands)","Female","Status in employment (Aggregate): Total","Economic activity (Aggregate): Manufacturing","2017",5107.004,,,,"Repository: ILO-STATISTICS - Micro data processing"
"Viet Nam","LFS - Labour Force Survey","Employment by sex, status in employment and economic activity (thousands)","Female","Status in employment (Aggregate): Total","Economic activity (Aggregate): Construction","2017",405.85,,,,"Repository: ILO-STATISTICS - Micro data processing"
"Viet Nam","LFS - Labour Force Survey","Employment by sex, status in employment and economic activity (thousands)","Female","Status in employment (Aggregate): Total","Economic activity (Aggregate): Mining and quarrying; Electricity, gas and water supply","2017",133.881,,,,"Repository: ILO-STATISTICS - Micro data processing"
"Viet Nam","LFS - Labour Force Survey","Employment by sex, status in employment and economic activity (thousands)","Female","Status in employment (Aggregate): Total","Economic activity (Aggregate): Trade, Transportation, Accommodation and Food, and Business and Administrative Services","2017",6485.411,,,,"Repository: ILO-STATISTICS - Micro data processing"
"Viet Nam","LFS - Labour Force Survey","Employment by sex, status in employment and economic activity (thousands)","Female","Status in employment (Aggregate): Total","Economic activity (Aggregate): Public Administration, Community, Social and other Services and Activities","2017",3019.966,,,,"Repository: ILO-STATISTICS - Micro data processing"
"Viet Nam","LFS - Labour Force Survey","Employment by sex, status in employment and economic activity (thousands)","Total","Status in employment (Aggregate): Total","Economic activity (Aggregate): Total","2016",53302.755,,,,"Repository: ILO-STATISTICS - Micro data processing"
"Viet Nam","LFS - Labour Force Survey","Employment by sex, status in employment and economic activity (thousands)","Total","Status in employment (Aggregate): Total","Economic activity (Aggregate): Agriculture","2016",22313.932,,,,"Repository: ILO-STATISTICS - Micro data processing"
"Viet Nam","LFS - Labour Force Survey","Employment by sex, status in employment and economic activity (thousands)","Total","Status in employment (Aggregate): Total","Economic activity (Aggregate): Manufacturing","2016",8882.724,,,,"Repository: ILO-STATISTICS - Micro data processing"
"Viet Nam","LFS - Labour Force Survey","Employment by sex, status in employment and economic activity (thousands)","Total","Status in employment (Aggregate): Total","Economic activity (Aggregate): Construction","2016",3806.862,,,,"Repository: ILO-STATISTICS - Micro data processing"
"Viet Nam","LFS - Labour Force Survey","Employment by sex, status in employment and economic activity (thousands)","Total","Status in employment (Aggregate): Total","Economic activity (Aggregate): Mining and quarrying; Electricity, gas and water supply","2016",508.633,,,,"Repository: ILO-STATISTICS - Micro data processing"
"Viet Nam","LFS - Labour Force Survey","Employment by sex, status in employment and economic activity (thousands)","Total","Status in employment (Aggregate): Total","Economic activity (Aggregate): Trade, Transportation, Accommodation and Food, and Business and Administrative Services","2016",12266.028,,,,"Repository: ILO-STATISTICS - Micro data processing"
"Viet Nam","LFS - Labour Force Survey","Employment by sex, status in employment and economic activity (thousands)","Total","Status in employment (Aggregate): Total","Economic activity (Aggregate): Public Administration, Community, Social and other Services and Activities","2016",5521.67,,,,"Repository: ILO-STATISTICS - Micro data processing"
"Viet Nam","LFS - Labour Force Survey","Employment by sex, status in employment and economic activity (thousands)","Total","Status in employment (Aggregate): Total","Economic activity (Aggregate): Not classified","2016",2.907,,,,"Repository: ILO-STATISTICS - Micro data processing"
"Viet Nam","LFS - Labour Force Survey","Employment by sex, status in employment and economic activity (thousands)","Male","Status in employment (Aggregate): Total","Economic activity (Aggregate): Total","2016",27442.813,,,,"Repository: ILO-STATISTICS - Micro data processing"
"Viet Nam","LFS - Labour Force Survey","Employment by sex, status in employment and economic activity (thousands)","Male","Status in employment (Aggregate): Total","Economic activity (Aggregate): Agriculture","2016",11068.324,,,,"Repository: ILO-STATISTICS - Micro data processing"
"Viet Nam","LFS - Labour Force Survey","Employment by sex, status in employment and economic activity (thousands)","Male","Status in employment (Aggregate): Total","Economic activity (Aggregate): Manufacturing","2016",4022.03,,,,"Repository: ILO-STATISTICS - Micro data processing"
"Viet Nam","LFS - Labour Force Survey","Employment by sex, status in employment and economic activity (thousands)","Male","Status in employment (Aggregate): Total","Economic activity (Aggregate): Construction","2016",3430.021,,,,"Repository: ILO-STATISTICS - Micro data processing"
"Viet Nam","LFS - Labour Force Survey","Employment by sex, status in employment and economic activity (thousands)","Male","Status in employment (Aggregate): Total","Economic activity (Aggregate): Mining and quarrying; Electricity, gas and water supply","2016",374.592,,,,"Repository: ILO-STATISTICS - Micro data processing"
"Viet Nam","LFS - Labour Force Survey","Employment by sex, status in employment and economic activity (thousands)","Male","Status in employment (Aggregate): Total","Economic activity (Aggregate): Trade, Transportation, Accommodation and Food, and Business and Administrative Services","2016",5986.071,,,,"Repository: ILO-STATISTICS - Micro data processing"
"Viet Nam","LFS - Labour Force Survey","Employment by sex, status in employment and economic activity (thousands)","Male","Status in employment (Aggregate): Total","Economic activity (Aggregate): Public Administration, Community, Social and other Services and Activities","2016",2561.038,,,,"Repository: ILO-STATISTICS - Micro data processing"
"Viet Nam","LFS - Labour Force Survey","Employment by sex, status in employment and economic activity (thousands)","Male","Status in employment (Aggregate): Total","Economic activity (Aggregate): Not classified","2016",0.737,"Unreliable",,,"Repository: ILO-STATISTICS - Micro data processing"
"Viet Nam","LFS - Labour Force Survey","Employment by sex, status in employment and economic activity (thousands)","Female","Status in employment (Aggregate): Total","Economic activity (Aggregate): Total","2016",25859.942,,,,"Repository: ILO-STATISTICS - Micro data processing"
"Viet Nam","LFS - Labour Force Survey","Employment by sex, status in employment and economic activity (thousands)","Female","Status in employment (Aggregate): Total","Economic activity (Aggregate): Agriculture","2016",11245.608,,,,"Repository: ILO-STATISTICS - Micro data processing"
"Viet Nam","LFS - Labour Force Survey","Employment by sex, status in employment and economic activity (thousands)","Female","Status in employment (Aggregate): Total","Economic activity (Aggregate): Manufacturing","2016",4860.694,,,,"Repository: ILO-STATISTICS - Micro data processing"
"Viet Nam","LFS - Labour Force Survey","Employment by sex, status in employment and economic activity (thousands)","Female","Status in employment (Aggregate): Total","Economic activity (Aggregate): Construction","2016",376.841,,,,"Repository: ILO-STATISTICS - Micro data processing"
"Viet Nam","LFS - Labour Force Survey","Employment by sex, status in employment and economic activity (thousands)","Female","Status in employment (Aggregate): Total","Economic activity (Aggregate): Mining and quarrying; Electricity, gas and water supply","2016",134.041,,,,"Repository: ILO-STATISTICS - Micro data processing"
"Viet Nam","LFS - Labour Force Survey","Employment by sex, status in employment and economic activity (thousands)","Female","Status in employment (Aggregate): Total","Economic activity (Aggregate): Trade, Transportation, Accommodation and Food, and Business and Administrative Services","2016",6279.956,,,,"Repository: ILO-STATISTICS - Micro data processing"
"Viet Nam","LFS - Labour Force Survey","Employment by sex, status in employment and economic activity (thousands)","Female","Status in employment (Aggregate): Total","Economic activity (Aggregate): Public Administration, Community, Social and other Services and Activities","2016",2960.631,,,,"Repository: ILO-STATISTICS - Micro data processing"
"Viet Nam","LFS - Labour Force Survey","Employment by sex, status in employment and economic activity (thousands)","Female","Status in employment (Aggregate): Total","Economic activity (Aggregate): Not classified","2016",2.17,,,,"Repository: ILO-STATISTICS - Micro data processing"
"Viet Nam","LFS - Labour Force Survey","Employment by sex, status in employment and economic activity (thousands)","Total","Status in employment (Aggregate): Total","Economic activity (Aggregate): Total","2015",52839.427,,,,"Repository: ILO-STATISTICS - Micro data processing"
"Viet Nam","LFS - Labour Force Survey","Employment by sex, status in employment and economic activity (thousands)","Total","Status in employment (Aggregate): Total","Economic activity (Aggregate): Agriculture","2015",23258.101,,,,"Repository: ILO-STATISTICS - Micro data processing"
"Viet Nam","LFS - Labour Force Survey","Employment by sex, status in employment and economic activity (thousands)","Total","Status in employment (Aggregate): Total","Economic activity (Aggregate): Manufacturing","2015",8292.257,,,,"Repository: ILO-STATISTICS - Micro data processing"
"Viet Nam","LFS - Labour Force Survey","Employment by sex, status in employment and economic activity (thousands)","Total","Status in employment (Aggregate): Total","Economic activity (Aggregate): Construction","2015",3231.468,,,,"Repository: ILO-STATISTICS - Micro data processing"
"Viet Nam","LFS - Labour Force Survey","Employment by sex, status in employment and economic activity (thousands)","Total","Status in employment (Aggregate): Total","Economic activity (Aggregate): Mining and quarrying; Electricity, gas and water supply","2015",493.386,,,,"Repository: ILO-STATISTICS - Micro data processing"
"Viet Nam","LFS - Labour Force Survey","Employment by sex, status in employment and economic activity (thousands)","Total","Status in employment (Aggregate): Total","Economic activity (Aggregate): Trade, Transportation, Accommodation and Food, and Business and Administrative Services","2015",12136.436,,,,"Repository: ILO-STATISTICS - Micro data processing"
"Viet Nam","LFS - Labour Force Survey","Employment by sex, status in employment and economic activity (thousands)","Total","Status in employment (Aggregate): Total","Economic activity (Aggregate): Public Administration, Community, Social and other Services and Activities","2015",5425.516,,,,"Repository: ILO-STATISTICS - Micro data processing"
"Viet Nam","LFS - Labour Force Survey","Employment by sex, status in employment and economic activity (thousands)","Total","Status in employment (Aggregate): Total","Economic activity (Aggregate): Not classified","2015",2.263,,,,"Repository: ILO-STATISTICS - Micro data processing"
"Viet Nam","LFS - Labour Force Survey","Employment by sex, status in employment and economic activity (thousands)","Male","Status in employment (Aggregate): Total","Economic activity (Aggregate): Total","2015",27216.417,,,,"Repository: ILO-STATISTICS - Micro data processing"
"Viet Nam","LFS - Labour Force Survey","Employment by sex, status in employment and economic activity (thousands)","Male","Status in employment (Aggregate): Total","Economic activity (Aggregate): Agriculture","2015",11612.018,,,,"Repository: ILO-STATISTICS - Micro data processing"
"Viet Nam","LFS - Labour Force Survey","Employment by sex, status in employment and economic activity (thousands)","Male","Status in employment (Aggregate): Total","Economic activity (Aggregate): Manufacturing","2015",3771.738,,,,"Repository: ILO-STATISTICS - Micro data processing"
"Viet Nam","LFS - Labour Force Survey","Employment by sex, status in employment and economic activity (thousands)","Male","Status in employment (Aggregate): Total","Economic activity (Aggregate): Construction","2015",2936.866,,,,"Repository: ILO-STATISTICS - Micro data processing"
"Viet Nam","LFS - Labour Force Survey","Employment by sex, status in employment and economic activity (thousands)","Male","Status in employment (Aggregate): Total","Economic activity (Aggregate): Mining and quarrying; Electricity, gas and water supply","2015",359.726,,,,"Repository: ILO-STATISTICS - Micro data processing"
"Viet Nam","LFS - Labour Force Survey","Employment by sex, status in employment and economic activity (thousands)","Male","Status in employment (Aggregate): Total","Economic activity (Aggregate): Trade, Transportation, Accommodation and Food, and Business and Administrative Services","2015",5982.179,,,,"Repository: ILO-STATISTICS - Micro data processing"
"Viet Nam","LFS - Labour Force Survey","Employment by sex, status in employment and economic activity (thousands)","Male","Status in employment (Aggregate): Total","Economic activity (Aggregate): Public Administration, Community, Social and other Services and Activities","2015",2552.745,,,,"Repository: ILO-STATISTICS - Micro data processing"
"Viet Nam","LFS - Labour Force Survey","Employment by sex, status in employment and economic activity (thousands)","Male","Status in employment (Aggregate): Total","Economic activity (Aggregate): Not classified","2015",1.145,"Unreliable",,,"Repository: ILO-STATISTICS - Micro data processing"
"Viet Nam","LFS - Labour Force Survey","Employment by sex, status in employment and economic activity (thousands)","Female","Status in employment (Aggregate): Total","Economic activity (Aggregate): Total","2015",25623.009,,,,"Repository: ILO-STATISTICS - Micro data processing"
"Viet Nam","LFS - Labour Force Survey","Employment by sex, status in employment and economic activity (thousands)","Female","Status in employment (Aggregate): Total","Economic activity (Aggregate): Agriculture","2015",11646.083,,,,"Repository: ILO-STATISTICS - Micro data processing"
"Viet Nam","LFS - Labour Force Survey","Employment by sex, status in employment and economic activity (thousands)","Female","Status in employment (Aggregate): Total","Economic activity (Aggregate): Manufacturing","2015",4520.518,,,,"Repository: ILO-STATISTICS - Micro data processing"
"Viet Nam","LFS - Labour Force Survey","Employment by sex, status in employment and economic activity (thousands)","Female","Status in employment (Aggregate): Total","Economic activity (Aggregate): Construction","2015",294.602,,,,"Repository: ILO-STATISTICS - Micro data processing"
"Viet Nam","LFS - Labour Force Survey","Employment by sex, status in employment and economic activity (thousands)","Female","Status in employment (Aggregate): Total","Economic activity (Aggregate): Mining and quarrying; Electricity, gas and water supply","2015",133.66,,,,"Repository: ILO-STATISTICS - Micro data processing"
"Viet Nam","LFS - Labour Force Survey","Employment by sex, status in employment and economic activity (thousands)","Female","Status in employment (Aggregate): Total","Economic activity (Aggregate): Trade, Transportation, Accommodation and Food, and Business and Administrative Services","2015",6154.257,,,,"Repository: ILO-STATISTICS - Micro data processing"
"Viet Nam","LFS - Labour Force Survey","Employment by sex, status in employment and economic activity (thousands)","Female","Status in employment (Aggregate): Total","Economic activity (Aggregate): Public Administration, Community, Social and other Services and Activities","2015",2872.771,,,,"Repository: ILO-STATISTICS - Micro data processing"
"Viet Nam","LFS - Labour Force Survey","Employment by sex, status in employment and economic activity (thousands)","Female","Status in employment (Aggregate): Total","Economic activity (Aggregate): Not classified","2015",1.118,"Unreliable",,,"Repository: ILO-STATISTICS - Micro data processing"
"Viet Nam","LFS - Labour Force Survey","Employment by sex, status in employment and economic activity (thousands)","Total","Status in employment (Aggregate): Total","Economic activity (Aggregate): Total","2014",52754.397,,,,"Repository: ILO-STATISTICS - Micro data processing"
"Viet Nam","LFS - Labour Force Survey","Employment by sex, status in employment and economic activity (thousands)","Total","Status in employment (Aggregate): Total","Economic activity (Aggregate): Agriculture","2014",24427.569,,,,"Repository: ILO-STATISTICS - Micro data processing"
"Viet Nam","LFS - Labour Force Survey","Employment by sex, status in employment and economic activity (thousands)","Total","Status in employment (Aggregate): Total","Economic activity (Aggregate): Manufacturing","2014",7617.359,,,,"Repository: ILO-STATISTICS - Micro data processing"
"Viet Nam","LFS - Labour Force Survey","Employment by sex, status in employment and economic activity (thousands)","Total","Status in employment (Aggregate): Total","Economic activity (Aggregate): Construction","2014",3184.628,,,,"Repository: ILO-STATISTICS - Micro data processing"
"Viet Nam","LFS - Labour Force Survey","Employment by sex, status in employment and economic activity (thousands)","Total","Status in employment (Aggregate): Total","Economic activity (Aggregate): Mining and quarrying; Electricity, gas and water supply","2014",504.101,,,,"Repository: ILO-STATISTICS - Micro data processing"
"Viet Nam","LFS - Labour Force Survey","Employment by sex, status in employment and economic activity (thousands)","Total","Status in employment (Aggregate): Total","Economic activity (Aggregate): Trade, Transportation, Accommodation and Food, and Business and Administrative Services","2014",11709.229,,,,"Repository: ILO-STATISTICS - Micro data processing"
"Viet Nam","LFS - Labour Force Survey","Employment by sex, status in employment and economic activity (thousands)","Total","Status in employment (Aggregate): Total","Economic activity (Aggregate): Public Administration, Community, Social and other Services and Activities","2014",5275.722,,,,"Repository: ILO-STATISTICS - Micro data processing"
"Viet Nam","LFS - Labour Force Survey","Employment by sex, status in employment and economic activity (thousands)","Total","Status in employment (Aggregate): Total","Economic activity (Aggregate): Not classified","2014",35.79,,,,"Repository: ILO-STATISTICS - Micro data processing"
"Viet Nam","LFS - Labour Force Survey","Employment by sex, status in employment and economic activity (thousands)","Male","Status in employment (Aggregate): Total","Economic activity (Aggregate): Total","2014",27031.395,,,,"Repository: ILO-STATISTICS - Micro data processing"
"Viet Nam","LFS - Labour Force Survey","Employment by sex, status in employment and economic activity (thousands)","Male","Status in employment (Aggregate): Total","Economic activity (Aggregate): Agriculture","2014",12054.336,,,,"Repository: ILO-STATISTICS - Micro data processing"
"Viet Nam","LFS - Labour Force Survey","Employment by sex, status in employment and economic activity (thousands)","Male","Status in employment (Aggregate): Total","Economic activity (Aggregate): Manufacturing","2014",3557.924,,,,"Repository: ILO-STATISTICS - Micro data processing"
"Viet Nam","LFS - Labour Force Survey","Employment by sex, status in employment and economic activity (thousands)","Male","Status in employment (Aggregate): Total","Economic activity (Aggregate): Construction","2014",2872.625,,,,"Repository: ILO-STATISTICS - Micro data processing"
"Viet Nam","LFS - Labour Force Survey","Employment by sex, status in employment and economic activity (thousands)","Male","Status in employment (Aggregate): Total","Economic activity (Aggregate): Mining and quarrying; Electricity, gas and water supply","2014",375.606,,,,"Repository: ILO-STATISTICS - Micro data processing"
"Viet Nam","LFS - Labour Force Survey","Employment by sex, status in employment and economic activity (thousands)","Male","Status in employment (Aggregate): Total","Economic activity (Aggregate): Trade, Transportation, Accommodation and Food, and Business and Administrative Services","2014",5617.825,,,,"Repository: ILO-STATISTICS - Micro data processing"
"Viet Nam","LFS - Labour Force Survey","Employment by sex, status in employment and economic activity (thousands)","Male","Status in employment (Aggregate): Total","Economic activity (Aggregate): Public Administration, Community, Social and other Services and Activities","2014",2531.517,,,,"Repository: ILO-STATISTICS - Micro data processing"
"Viet Nam","LFS - Labour Force Survey","Employment by sex, status in employment and economic activity (thousands)","Male","Status in employment (Aggregate): Total","Economic activity (Aggregate): Not classified","2014",21.562,,,,"Repository: ILO-STATISTICS - Micro data processing"
"Viet Nam","LFS - Labour Force Survey","Employment by sex, status in employment and economic activity (thousands)","Female","Status in employment (Aggregate): Total","Economic activity (Aggregate): Total","2014",25723.003,,,,"Repository: ILO-STATISTICS - Micro data processing"
"Viet Nam","LFS - Labour Force Survey","Employment by sex, status in employment and economic activity (thousands)","Female","Status in employment (Aggregate): Total","Economic activity (Aggregate): Agriculture","2014",12373.234,,,,"Repository: ILO-STATISTICS - Micro data processing"
"Viet Nam","LFS - Labour Force Survey","Employment by sex, status in employment and economic activity (thousands)","Female","Status in employment (Aggregate): Total","Economic activity (Aggregate): Manufacturing","2014",4059.435,,,,"Repository: ILO-STATISTICS - Micro data processing"
"Viet Nam","LFS - Labour Force Survey","Employment by sex, status in employment and economic activity (thousands)","Female","Status in employment (Aggregate): Total","Economic activity (Aggregate): Construction","2014",312.003,,,,"Repository: ILO-STATISTICS - Micro data processing"
"Viet Nam","LFS - Labour Force Survey","Employment by sex, status in employment and economic activity (thousands)","Female","Status in employment (Aggregate): Total","Economic activity (Aggregate): Mining and quarrying; Electricity, gas and water supply","2014",128.495,,,,"Repository: ILO-STATISTICS - Micro data processing"
"Viet Nam","LFS - Labour Force Survey","Employment by sex, status in employment and economic activity (thousands)","Female","Status in employment (Aggregate): Total","Economic activity (Aggregate): Trade, Transportation, Accommodation and Food, and Business and Administrative Services","2014",6091.404,,,,"Repository: ILO-STATISTICS - Micro data processing"
"Viet Nam","LFS - Labour Force Survey","Employment by sex, status in employment and economic activity (thousands)","Female","Status in employment (Aggregate): Total","Economic activity (Aggregate): Public Administration, Community, Social and other Services and Activities","2014",2744.204,,,,"Repository: ILO-STATISTICS - Micro data processing"
"Viet Nam","LFS - Labour Force Survey","Employment by sex, status in employment and economic activity (thousands)","Female","Status in employment (Aggregate): Total","Economic activity (Aggregate): Not classified","2014",14.227,,,,"Repository: ILO-STATISTICS - Micro data processing"
"Viet Nam","LFS - Labour Force Survey","Employment by sex, status in employment and economic activity (thousands)","Total","Status in employment (Aggregate): Total","Economic activity (Aggregate): Total","2013",52208.076,,,,"Repository: ILO-STATISTICS - Micro data processing"
"Viet Nam","LFS - Labour Force Survey","Employment by sex, status in employment and economic activity (thousands)","Total","Status in employment (Aggregate): Total","Economic activity (Aggregate): Agriculture","2013",24435.388,,,,"Repository: ILO-STATISTICS - Micro data processing"
"Viet Nam","LFS - Labour Force Survey","Employment by sex, status in employment and economic activity (thousands)","Total","Status in employment (Aggregate): Total","Economic activity (Aggregate): Manufacturing","2013",7283.775,,,,"Repository: ILO-STATISTICS - Micro data processing"
"Viet Nam","LFS - Labour Force Survey","Employment by sex, status in employment and economic activity (thousands)","Total","Status in employment (Aggregate): Total","Economic activity (Aggregate): Construction","2013",3257.619,,,,"Repository: ILO-STATISTICS - Micro data processing"
"Viet Nam","LFS - Labour Force Survey","Employment by sex, status in employment and economic activity (thousands)","Total","Status in employment (Aggregate): Total","Economic activity (Aggregate): Mining and quarrying; Electricity, gas and water supply","2013",515.702,,,,"Repository: ILO-STATISTICS - Micro data processing"
"Viet Nam","LFS - Labour Force Survey","Employment by sex, status in employment and economic activity (thousands)","Total","Status in employment (Aggregate): Total","Economic activity (Aggregate): Trade, Transportation, Accommodation and Food, and Business and Administrative Services","2013",11471.654,,,,"Repository: ILO-STATISTICS - Micro data processing"
"Viet Nam","LFS - Labour Force Survey","Employment by sex, status in employment and economic activity (thousands)","Total","Status in employment (Aggregate): Total","Economic activity (Aggregate): Public Administration, Community, Social and other Services and Activities","2013",5233.262,,,,"Repository: ILO-STATISTICS - Micro data processing"
"Viet Nam","LFS - Labour Force Survey","Employment by sex, status in employment and economic activity (thousands)","Total","Status in employment (Aggregate): Total","Economic activity (Aggregate): Not classified","2013",10.676,,,,"Repository: ILO-STATISTICS - Micro data processing"
"Viet Nam","LFS - Labour Force Survey","Employment by sex, status in employment and economic activity (thousands)","Male","Status in employment (Aggregate): Total","Economic activity (Aggregate): Total","2013",26830.214,,,,"Repository: ILO-STATISTICS - Micro data processing"
"Viet Nam","LFS - Labour Force Survey","Employment by sex, status in employment and economic activity (thousands)","Male","Status in employment (Aggregate): Total","Economic activity (Aggregate): Agriculture","2013",12057.271,,,,"Repository: ILO-STATISTICS - Micro data processing"
"Viet Nam","LFS - Labour Force Survey","Employment by sex, status in employment and economic activity (thousands)","Male","Status in employment (Aggregate): Total","Economic activity (Aggregate): Manufacturing","2013",3425.785,,,,"Repository: ILO-STATISTICS - Micro data processing"
"Viet Nam","LFS - Labour Force Survey","Employment by sex, status in employment and economic activity (thousands)","Male","Status in employment (Aggregate): Total","Economic activity (Aggregate): Construction","2013",2934.77,,,,"Repository: ILO-STATISTICS - Micro data processing"
"Viet Nam","LFS - Labour Force Survey","Employment by sex, status in employment and economic activity (thousands)","Male","Status in employment (Aggregate): Total","Economic activity (Aggregate): Mining and quarrying; Electricity, gas and water supply","2013",391.322,,,,"Repository: ILO-STATISTICS - Micro data processing"
"Viet Nam","LFS - Labour Force Survey","Employment by sex, status in employment and economic activity (thousands)","Male","Status in employment (Aggregate): Total","Economic activity (Aggregate): Trade, Transportation, Accommodation and Food, and Business and Administrative Services","2013",5487.384,,,,"Repository: ILO-STATISTICS - Micro data processing"
"Viet Nam","LFS - Labour Force Survey","Employment by sex, status in employment and economic activity (thousands)","Male","Status in employment (Aggregate): Total","Economic activity (Aggregate): Public Administration, Community, Social and other Services and Activities","2013",2527.166,,,,"Repository: ILO-STATISTICS - Micro data processing"
"Viet Nam","LFS - Labour Force Survey","Employment by sex, status in employment and economic activity (thousands)","Male","Status in employment (Aggregate): Total","Economic activity (Aggregate): Not classified","2013",6.516,,,,"Repository: ILO-STATISTICS - Micro data processing"
"Viet Nam","LFS - Labour Force Survey","Employment by sex, status in employment and economic activity (thousands)","Female","Status in employment (Aggregate): Total","Economic activity (Aggregate): Total","2013",25377.862,,,,"Repository: ILO-STATISTICS - Micro data processing"
"Viet Nam","LFS - Labour Force Survey","Employment by sex, status in employment and economic activity (thousands)","Female","Status in employment (Aggregate): Total","Economic activity (Aggregate): Agriculture","2013",12378.117,,,,"Repository: ILO-STATISTICS - Micro data processing"
"Viet Nam","LFS - Labour Force Survey","Employment by sex, status in employment and economic activity (thousands)","Female","Status in employment (Aggregate): Total","Economic activity (Aggregate): Manufacturing","2013",3857.99,,,,"Repository: ILO-STATISTICS - Micro data processing"
"Viet Nam","LFS - Labour Force Survey","Employment by sex, status in employment and economic activity (thousands)","Female","Status in employment (Aggregate): Total","Economic activity (Aggregate): Construction","2013",322.848,,,,"Repository: ILO-STATISTICS - Micro data processing"
"Viet Nam","LFS - Labour Force Survey","Employment by sex, status in employment and economic activity (thousands)","Female","Status in employment (Aggregate): Total","Economic activity (Aggregate): Mining and quarrying; Electricity, gas and water supply","2013",124.379,,,,"Repository: ILO-STATISTICS - Micro data processing"
"Viet Nam","LFS - Labour Force Survey","Employment by sex, status in employment and economic activity (thousands)","Female","Status in employment (Aggregate): Total","Economic activity (Aggregate): Trade, Transportation, Accommodation and Food, and Business and Administrative Services","2013",5984.271,,,,"Repository: ILO-STATISTICS - Micro data processing"
"Viet Nam","LFS - Labour Force Survey","Employment by sex, status in employment and economic activity (thousands)","Female","Status in employment (Aggregate): Total","Economic activity (Aggregate): Public Administration, Community, Social and other Services and Activities","2013",2706.096,,,,"Repository: ILO-STATISTICS - Micro data processing"
"Viet Nam","LFS - Labour Force Survey","Employment by sex, status in employment and economic activity (thousands)","Female","Status in employment (Aggregate): Total","Economic activity (Aggregate): Not classified","2013",4.16,,,,"Repository: ILO-STATISTICS - Micro data processing"
"Viet Nam","LFS - Labour Force Survey","Employment by sex, status in employment and economic activity (thousands)","Total","Status in employment (Aggregate): Total","Economic activity (Aggregate): Total","2012",51422.44,,,,"Repository: ILO-STATISTICS - Micro data processing"
"Viet Nam","LFS - Labour Force Survey","Employment by sex, status in employment and economic activity (thousands)","Total","Status in employment (Aggregate): Total","Economic activity (Aggregate): Agriculture","2012",24347.933,,,,"Repository: ILO-STATISTICS - Micro data processing"
"Viet Nam","LFS - Labour Force Survey","Employment by sex, status in employment and economic activity (thousands)","Total","Status in employment (Aggregate): Total","Economic activity (Aggregate): Manufacturing","2012",7099.528,,,,"Repository: ILO-STATISTICS - Micro data processing"
"Viet Nam","LFS - Labour Force Survey","Employment by sex, status in employment and economic activity (thousands)","Total","Status in employment (Aggregate): Total","Economic activity (Aggregate): Construction","2012",3270.258,,,,"Repository: ILO-STATISTICS - Micro data processing"
"Viet Nam","LFS - Labour Force Survey","Employment by sex, status in employment and economic activity (thousands)","Total","Status in employment (Aggregate): Total","Economic activity (Aggregate): Mining and quarrying; Electricity, gas and water supply","2012",522.488,,,,"Repository: ILO-STATISTICS - Micro data processing"
"Viet Nam","LFS - Labour Force Survey","Employment by sex, status in employment and economic activity (thousands)","Total","Status in employment (Aggregate): Total","Economic activity (Aggregate): Trade, Transportation, Accommodation and Food, and Business and Administrative Services","2012",11167.7,,,,"Repository: ILO-STATISTICS - Micro data processing"
"Viet Nam","LFS - Labour Force Survey","Employment by sex, status in employment and economic activity (thousands)","Total","Status in employment (Aggregate): Total","Economic activity (Aggregate): Public Administration, Community, Social and other Services and Activities","2012",4995.072,,,,"Repository: ILO-STATISTICS - Micro data processing"
"Viet Nam","LFS - Labour Force Survey","Employment by sex, status in employment and economic activity (thousands)","Total","Status in employment (Aggregate): Total","Economic activity (Aggregate): Not classified","2012",19.462,,,,"Repository: ILO-STATISTICS - Micro data processing"
"Viet Nam","LFS - Labour Force Survey","Employment by sex, status in employment and economic activity (thousands)","Male","Status in employment (Aggregate): Total","Economic activity (Aggregate): Total","2012",26499.245,,,,"Repository: ILO-STATISTICS - Micro data processing"
"Viet Nam","LFS - Labour Force Survey","Employment by sex, status in employment and economic activity (thousands)","Male","Status in employment (Aggregate): Total","Economic activity (Aggregate): Agriculture","2012",12014.15,,,,"Repository: ILO-STATISTICS - Micro data processing"
"Viet Nam","LFS - Labour Force Survey","Employment by sex, status in employment and economic activity (thousands)","Male","Status in employment (Aggregate): Total","Economic activity (Aggregate): Manufacturing","2012",3365.376,,,,"Repository: ILO-STATISTICS - Micro data processing"
"Viet Nam","LFS - Labour Force Survey","Employment by sex, status in employment and economic activity (thousands)","Male","Status in employment (Aggregate): Total","Economic activity (Aggregate): Construction","2012",2938.101,,,,"Repository: ILO-STATISTICS - Micro data processing"
"Viet Nam","LFS - Labour Force Survey","Employment by sex, status in employment and economic activity (thousands)","Male","Status in employment (Aggregate): Total","Economic activity (Aggregate): Mining and quarrying; Electricity, gas and water supply","2012",393.335,,,,"Repository: ILO-STATISTICS - Micro data processing"
"Viet Nam","LFS - Labour Force Survey","Employment by sex, status in employment and economic activity (thousands)","Male","Status in employment (Aggregate): Total","Economic activity (Aggregate): Trade, Transportation, Accommodation and Food, and Business and Administrative Services","2012",5353.53,,,,"Repository: ILO-STATISTICS - Micro data processing"
"Viet Nam","LFS - Labour Force Survey","Employment by sex, status in employment and economic activity (thousands)","Male","Status in employment (Aggregate): Total","Economic activity (Aggregate): Public Administration, Community, Social and other Services and Activities","2012",2426.715,,,,"Repository: ILO-STATISTICS - Micro data processing"
"Viet Nam","LFS - Labour Force Survey","Employment by sex, status in employment and economic activity (thousands)","Male","Status in employment (Aggregate): Total","Economic activity (Aggregate): Not classified","2012",8.039,,,,"Repository: ILO-STATISTICS - Micro data processing"
"Viet Nam","LFS - Labour Force Survey","Employment by sex, status in employment and economic activity (thousands)","Female","Status in employment (Aggregate): Total","Economic activity (Aggregate): Total","2012",24923.195,,,,"Repository: ILO-STATISTICS - Micro data processing"
"Viet Nam","LFS - Labour Force Survey","Employment by sex, status in employment and economic activity (thousands)","Female","Status in employment (Aggregate): Total","Economic activity (Aggregate): Agriculture","2012",12333.783,,,,"Repository: ILO-STATISTICS - Micro data processing"
"Viet Nam","LFS - Labour Force Survey","Employment by sex, status in employment and economic activity (thousands)","Female","Status in employment (Aggregate): Total","Economic activity (Aggregate): Manufacturing","2012",3734.152,,,,"Repository: ILO-STATISTICS - Micro data processing"
"Viet Nam","LFS - Labour Force Survey","Employment by sex, status in employment and economic activity (thousands)","Female","Status in employment (Aggregate): Total","Economic activity (Aggregate): Construction","2012",332.157,,,,"Repository: ILO-STATISTICS - Micro data processing"
"Viet Nam","LFS - Labour Force Survey","Employment by sex, status in employment and economic activity (thousands)","Female","Status in employment (Aggregate): Total","Economic activity (Aggregate): Mining and quarrying; Electricity, gas and water supply","2012",129.154,,,,"Repository: ILO-STATISTICS - Micro data processing"
"Viet Nam","LFS - Labour Force Survey","Employment by sex, status in employment and economic activity (thousands)","Female","Status in employment (Aggregate): Total","Economic activity (Aggregate): Trade, Transportation, Accommodation and Food, and Business and Administrative Services","2012",5814.17,,,,"Repository: ILO-STATISTICS - Micro data processing"
"Viet Nam","LFS - Labour Force Survey","Employment by sex, status in employment and economic activity (thousands)","Female","Status in employment (Aggregate): Total","Economic activity (Aggregate): Public Administration, Community, Social and other Services and Activities","2012",2568.357,,,,"Repository: ILO-STATISTICS - Micro data processing"
"Viet Nam","LFS - Labour Force Survey","Employment by sex, status in employment and economic activity (thousands)","Female","Status in employment (Aggregate): Total","Economic activity (Aggregate): Not classified","2012",11.423,,,,"Repository: ILO-STATISTICS - Micro data processing"
"Viet Nam","LFS - Labour Force Survey","Employment by sex, status in employment and economic activity (thousands)","Total","Status in employment (Aggregate): Total","Economic activity (Aggregate): Total","2011",50881.18,,,,"Repository: ILO-STATISTICS - Micro data processing"
"Viet Nam","LFS - Labour Force Survey","Employment by sex, status in employment and economic activity (thousands)","Total","Status in employment (Aggregate): Total","Economic activity (Aggregate): Agriculture","2011",24581.317,,,,"Repository: ILO-STATISTICS - Micro data processing"
"Viet Nam","LFS - Labour Force Survey","Employment by sex, status in employment and economic activity (thousands)","Total","Status in employment (Aggregate): Total","Economic activity (Aggregate): Manufacturing","2011",7043.994,,,,"Repository: ILO-STATISTICS - Micro data processing"
"Viet Nam","LFS - Labour Force Survey","Employment by sex, status in employment and economic activity (thousands)","Total","Status in employment (Aggregate): Total","Economic activity (Aggregate): Construction","2011",3248.338,,,,"Repository: ILO-STATISTICS - Micro data processing"
"Viet Nam","LFS - Labour Force Survey","Employment by sex, status in employment and economic activity (thousands)","Total","Status in employment (Aggregate): Total","Economic activity (Aggregate): Mining and quarrying; Electricity, gas and water supply","2011",532.324,,,,"Repository: ILO-STATISTICS - Micro data processing"
"Viet Nam","LFS - Labour Force Survey","Employment by sex, status in employment and economic activity (thousands)","Total","Status in employment (Aggregate): Total","Economic activity (Aggregate): Trade, Transportation, Accommodation and Food, and Business and Administrative Services","2011",10476.589,,,,"Repository: ILO-STATISTICS - Micro data processing"
"Viet Nam","LFS - Labour Force Survey","Employment by sex, status in employment and economic activity (thousands)","Total","Status in employment (Aggregate): Total","Economic activity (Aggregate): Public Administration, Community, Social and other Services and Activities","2011",4995.42,,,,"Repository: ILO-STATISTICS - Micro data processing"
"Viet Nam","LFS - Labour Force Survey","Employment by sex, status in employment and economic activity (thousands)","Total","Status in employment (Aggregate): Total","Economic activity (Aggregate): Not classified","2011",3.198,,,,"Repository: ILO-STATISTICS - Micro data processing"
"Viet Nam","LFS - Labour Force Survey","Employment by sex, status in employment and economic activity (thousands)","Male","Status in employment (Aggregate): Total","Economic activity (Aggregate): Total","2011",26284.559,,,,"Repository: ILO-STATISTICS - Micro data processing"
"Viet Nam","LFS - Labour Force Survey","Employment by sex, status in employment and economic activity (thousands)","Male","Status in employment (Aggregate): Total","Economic activity (Aggregate): Agriculture","2011",12051.002,,,,"Repository: ILO-STATISTICS - Micro data processing"
"Viet Nam","LFS - Labour Force Survey","Employment by sex, status in employment and economic activity (thousands)","Male","Status in employment (Aggregate): Total","Economic activity (Aggregate): Manufacturing","2011",3424.328,,,,"Repository: ILO-STATISTICS - Micro data processing"
"Viet Nam","LFS - Labour Force Survey","Employment by sex, status in employment and economic activity (thousands)","Male","Status in employment (Aggregate): Total","Economic activity (Aggregate): Construction","2011",2930.674,,,,"Repository: ILO-STATISTICS - Micro data processing"
"Viet Nam","LFS - Labour Force Survey","Employment by sex, status in employment and economic activity (thousands)","Male","Status in employment (Aggregate): Total","Economic activity (Aggregate): Mining and quarrying; Electricity, gas and water supply","2011",394.186,,,,"Repository: ILO-STATISTICS - Micro data processing"
"Viet Nam","LFS - Labour Force Survey","Employment by sex, status in employment and economic activity (thousands)","Male","Status in employment (Aggregate): Total","Economic activity (Aggregate): Trade, Transportation, Accommodation and Food, and Business and Administrative Services","2011",5038.364,,,,"Repository: ILO-STATISTICS - Micro data processing"
"Viet Nam","LFS - Labour Force Survey","Employment by sex, status in employment and economic activity (thousands)","Male","Status in employment (Aggregate): Total","Economic activity (Aggregate): Public Administration, Community, Social and other Services and Activities","2011",2443.878,,,,"Repository: ILO-STATISTICS - Micro data processing"
"Viet Nam","LFS - Labour Force Survey","Employment by sex, status in employment and economic activity (thousands)","Male","Status in employment (Aggregate): Total","Economic activity (Aggregate): Not classified","2011",2.127,,,,"Repository: ILO-STATISTICS - Micro data processing"
"Viet Nam","LFS - Labour Force Survey","Employment by sex, status in employment and economic activity (thousands)","Female","Status in employment (Aggregate): Total","Economic activity (Aggregate): Total","2011",24596.621,,,,"Repository: ILO-STATISTICS - Micro data processing"
"Viet Nam","LFS - Labour Force Survey","Employment by sex, status in employment and economic activity (thousands)","Female","Status in employment (Aggregate): Total","Economic activity (Aggregate): Agriculture","2011",12530.315,,,,"Repository: ILO-STATISTICS - Micro data processing"
"Viet Nam","LFS - Labour Force Survey","Employment by sex, status in employment and economic activity (thousands)","Female","Status in employment (Aggregate): Total","Economic activity (Aggregate): Manufacturing","2011",3619.666,,,,"Repository: ILO-STATISTICS - Micro data processing"
"Viet Nam","LFS - Labour Force Survey","Employment by sex, status in employment and economic activity (thousands)","Female","Status in employment (Aggregate): Total","Economic activity (Aggregate): Construction","2011",317.664,,,,"Repository: ILO-STATISTICS - Micro data processing"
"Viet Nam","LFS - Labour Force Survey","Employment by sex, status in employment and economic activity (thousands)","Female","Status in employment (Aggregate): Total","Economic activity (Aggregate): Mining and quarrying; Electricity, gas and water supply","2011",138.138,,,,"Repository: ILO-STATISTICS - Micro data processing"
"Viet Nam","LFS - Labour Force Survey","Employment by sex, status in employment and economic activity (thousands)","Female","Status in employment (Aggregate): Total","Economic activity (Aggregate): Trade, Transportation, Accommodation and Food, and Business and Administrative Services","2011",5438.225,,,,"Repository: ILO-STATISTICS - Micro data processing"
"Viet Nam","LFS - Labour Force Survey","Employment by sex, status in employment and economic activity (thousands)","Female","Status in employment (Aggregate): Total","Economic activity (Aggregate): Public Administration, Community, Social and other Services and Activities","2011",2551.542,,,,"Repository: ILO-STATISTICS - Micro data processing"
"Viet Nam","LFS - Labour Force Survey","Employment by sex, status in employment and economic activity (thousands)","Female","Status in employment (Aggregate): Total","Economic activity (Aggregate): Not classified","2011",1.071,,,,"Repository: ILO-STATISTICS - Micro data processing"
"Viet Nam","LFS - Labour Force Survey","Employment by sex, status in employment and economic activity (thousands)","Total","Status in employment (Aggregate): Total","Economic activity (Aggregate): Total","2010",49493.696,,,,"Repository: ILO-STATISTICS - Micro data processing"
"Viet Nam","LFS - Labour Force Survey","Employment by sex, status in employment and economic activity (thousands)","Total","Status in employment (Aggregate): Total","Economic activity (Aggregate): Agriculture","2010",23970.221,,,,"Repository: ILO-STATISTICS - Micro data processing"
"Viet Nam","LFS - Labour Force Survey","Employment by sex, status in employment and economic activity (thousands)","Total","Status in employment (Aggregate): Total","Economic activity (Aggregate): Manufacturing","2010",7057.385,,,,"Repository: ILO-STATISTICS - Micro data processing"
"Viet Nam","LFS - Labour Force Survey","Employment by sex, status in employment and economic activity (thousands)","Total","Status in employment (Aggregate): Total","Economic activity (Aggregate): Construction","2010",3083.592,,,,"Repository: ILO-STATISTICS - Micro data processing"
"Viet Nam","LFS - Labour Force Survey","Employment by sex, status in employment and economic activity (thousands)","Total","Status in employment (Aggregate): Total","Economic activity (Aggregate): Mining and quarrying; Electricity, gas and water supply","2010",527.662,,,,"Repository: ILO-STATISTICS - Micro data processing"
"Viet Nam","LFS - Labour Force Survey","Employment by sex, status in employment and economic activity (thousands)","Total","Status in employment (Aggregate): Total","Economic activity (Aggregate): Trade, Transportation, Accommodation and Food, and Business and Administrative Services","2010",9951.122,,,,"Repository: ILO-STATISTICS - Micro data processing"
"Viet Nam","LFS - Labour Force Survey","Employment by sex, status in employment and economic activity (thousands)","Total","Status in employment (Aggregate): Total","Economic activity (Aggregate): Public Administration, Community, Social and other Services and Activities","2010",4622.795,,,,"Repository: ILO-STATISTICS - Micro data processing"
"Viet Nam","LFS - Labour Force Survey","Employment by sex, status in employment and economic activity (thousands)","Total","Status in employment (Aggregate): Total","Economic activity (Aggregate): Not classified","2010",280.919,,,,"Repository: ILO-STATISTICS - Micro data processing"
"Viet Nam","LFS - Labour Force Survey","Employment by sex, status in employment and economic activity (thousands)","Male","Status in employment (Aggregate): Total","Economic activity (Aggregate): Total","2010",25535.617,,,,"Repository: ILO-STATISTICS - Micro data processing"
"Viet Nam","LFS - Labour Force Survey","Employment by sex, status in employment and economic activity (thousands)","Male","Status in employment (Aggregate): Total","Economic activity (Aggregate): Agriculture","2010",11780.093,,,,"Repository: ILO-STATISTICS - Micro data processing"
"Viet Nam","LFS - Labour Force Survey","Employment by sex, status in employment and economic activity (thousands)","Male","Status in employment (Aggregate): Total","Economic activity (Aggregate): Manufacturing","2010",3369.062,,,,"Repository: ILO-STATISTICS - Micro data processing"
"Viet Nam","LFS - Labour Force Survey","Employment by sex, status in employment and economic activity (thousands)","Male","Status in employment (Aggregate): Total","Economic activity (Aggregate): Construction","2010",2789.79,,,,"Repository: ILO-STATISTICS - Micro data processing"
"Viet Nam","LFS - Labour Force Survey","Employment by sex, status in employment and economic activity (thousands)","Male","Status in employment (Aggregate): Total","Economic activity (Aggregate): Mining and quarrying; Electricity, gas and water supply","2010",398.214,,,,"Repository: ILO-STATISTICS - Micro data processing"
"Viet Nam","LFS - Labour Force Survey","Employment by sex, status in employment and economic activity (thousands)","Male","Status in employment (Aggregate): Total","Economic activity (Aggregate): Trade, Transportation, Accommodation and Food, and Business and Administrative Services","2010",4816.543,,,,"Repository: ILO-STATISTICS - Micro data processing"
"Viet Nam","LFS - Labour Force Survey","Employment by sex, status in employment and economic activity (thousands)","Male","Status in employment (Aggregate): Total","Economic activity (Aggregate): Public Administration, Community, Social and other Services and Activities","2010",2243.995,,,,"Repository: ILO-STATISTICS - Micro data processing"
"Viet Nam","LFS - Labour Force Survey","Employment by sex, status in employment and economic activity (thousands)","Male","Status in employment (Aggregate): Total","Economic activity (Aggregate): Not classified","2010",137.92,,,,"Repository: ILO-STATISTICS - Micro data processing"
"Viet Nam","LFS - Labour Force Survey","Employment by sex, status in employment and economic activity (thousands)","Female","Status in employment (Aggregate): Total","Economic activity (Aggregate): Total","2010",23958.079,,,,"Repository: ILO-STATISTICS - Micro data processing"
"Viet Nam","LFS - Labour Force Survey","Employment by sex, status in employment and economic activity (thousands)","Female","Status in employment (Aggregate): Total","Economic activity (Aggregate): Agriculture","2010",12190.128,,,,"Repository: ILO-STATISTICS - Micro data processing"
"Viet Nam","LFS - Labour Force Survey","Employment by sex, status in employment and economic activity (thousands)","Female","Status in employment (Aggregate): Total","Economic activity (Aggregate): Manufacturing","2010",3688.323,,,,"Repository: ILO-STATISTICS - Micro data processing"
"Viet Nam","LFS - Labour Force Survey","Employment by sex, status in employment and economic activity (thousands)","Female","Status in employment (Aggregate): Total","Economic activity (Aggregate): Construction","2010",293.802,,,,"Repository: ILO-STATISTICS - Micro data processing"
"Viet Nam","LFS - Labour Force Survey","Employment by sex, status in employment and economic activity (thousands)","Female","Status in employment (Aggregate): Total","Economic activity (Aggregate): Mining and quarrying; Electricity, gas and water supply","2010",129.448,,,,"Repository: ILO-STATISTICS - Micro data processing"
"Viet Nam","LFS - Labour Force Survey","Employment by sex, status in employment and economic activity (thousands)","Female","Status in employment (Aggregate): Total","Economic activity (Aggregate): Trade, Transportation, Accommodation and Food, and Business and Administrative Services","2010",5134.579,,,,"Repository: ILO-STATISTICS - Micro data processing"
"Viet Nam","LFS - Labour Force Survey","Employment by sex, status in employment and economic activity (thousands)","Female","Status in employment (Aggregate): Total","Economic activity (Aggregate): Public Administration, Community, Social and other Services and Activities","2010",2378.801,,,,"Repository: ILO-STATISTICS - Micro data processing"
"Viet Nam","LFS - Labour Force Survey","Employment by sex, status in employment and economic activity (thousands)","Female","Status in employment (Aggregate): Total","Economic activity (Aggregate): Not classified","2010",142.999,,,,"Repository: ILO-STATISTICS - Micro data processing"
"Viet Nam","LFS - Labour Force Survey","Employment by sex, status in employment and economic activity (thousands)","Total","Status in employment (Aggregate): Total","Economic activity (Aggregate): Total","2009",48011.95,,,,"Repository: ILO-STATISTICS - Micro data processing"
"Viet Nam","LFS - Labour Force Survey","Employment by sex, status in employment and economic activity (thousands)","Total","Status in employment (Aggregate): Total","Economic activity (Aggregate): Agriculture","2009",22827.225,,,,"Repository: ILO-STATISTICS - Micro data processing"
"Viet Nam","LFS - Labour Force Survey","Employment by sex, status in employment and economic activity (thousands)","Total","Status in employment (Aggregate): Total","Economic activity (Aggregate): Manufacturing","2009",6952.33,,,,"Repository: ILO-STATISTICS - Micro data processing"
"Viet Nam","LFS - Labour Force Survey","Employment by sex, status in employment and economic activity (thousands)","Total","Status in employment (Aggregate): Total","Economic activity (Aggregate): Construction","2009",3034.895,,,,"Repository: ILO-STATISTICS - Micro data processing"
"Viet Nam","LFS - Labour Force Survey","Employment by sex, status in employment and economic activity (thousands)","Total","Status in employment (Aggregate): Total","Economic activity (Aggregate): Mining and quarrying; Electricity, gas and water supply","2009",500.71,,,,"Repository: ILO-STATISTICS - Micro data processing"
"Viet Nam","LFS - Labour Force Survey","Employment by sex, status in employment and economic activity (thousands)","Total","Status in employment (Aggregate): Total","Economic activity (Aggregate): Trade, Transportation, Accommodation and Food, and Business and Administrative Services","2009",10178.312,,,,"Repository: ILO-STATISTICS - Micro data processing"
"Viet Nam","LFS - Labour Force Survey","Employment by sex, status in employment and economic activity (thousands)","Total","Status in employment (Aggregate): Total","Economic activity (Aggregate): Public Administration, Community, Social and other Services and Activities","2009",4510.71,,,,"Repository: ILO-STATISTICS - Micro data processing"
"Viet Nam","LFS - Labour Force Survey","Employment by sex, status in employment and economic activity (thousands)","Total","Status in employment (Aggregate): Total","Economic activity (Aggregate): Not classified","2009",,"Unreliable",,,"Repository: ILO-STATISTICS - Micro data processing"
"Viet Nam","LFS - Labour Force Survey","Employment by sex, status in employment and economic activity (thousands)","Male","Status in employment (Aggregate): Total","Economic activity (Aggregate): Total","2009",24647.948,,,,"Repository: ILO-STATISTICS - Micro data processing"
"Viet Nam","LFS - Labour Force Survey","Employment by sex, status in employment and economic activity (thousands)","Male","Status in employment (Aggregate): Total","Economic activity (Aggregate): Agriculture","2009",11141.216,,,,"Repository: ILO-STATISTICS - Micro data processing"
"Viet Nam","LFS - Labour Force Survey","Employment by sex, status in employment and economic activity (thousands)","Male","Status in employment (Aggregate): Total","Economic activity (Aggregate): Manufacturing","2009",3428.138,,,,"Repository: ILO-STATISTICS - Micro data processing"
"Viet Nam","LFS - Labour Force Survey","Employment by sex, status in employment and economic activity (thousands)","Male","Status in employment (Aggregate): Total","Economic activity (Aggregate): Construction","2009",2699.406,,,,"Repository: ILO-STATISTICS - Micro data processing"
"Viet Nam","LFS - Labour Force Survey","Employment by sex, status in employment and economic activity (thousands)","Male","Status in employment (Aggregate): Total","Economic activity (Aggregate): Mining and quarrying; Electricity, gas and water supply","2009",391.222,,,,"Repository: ILO-STATISTICS - Micro data processing"
"Viet Nam","LFS - Labour Force Survey","Employment by sex, status in employment and economic activity (thousands)","Male","Status in employment (Aggregate): Total","Economic activity (Aggregate): Trade, Transportation, Accommodation and Food, and Business and Administrative Services","2009",4911.75,,,,"Repository: ILO-STATISTICS - Micro data processing"
"Viet Nam","LFS - Labour Force Survey","Employment by sex, status in employment and economic activity (thousands)","Male","Status in employment (Aggregate): Total","Economic activity (Aggregate): Public Administration, Community, Social and other Services and Activities","2009",2068.448,,,,"Repository: ILO-STATISTICS - Micro data processing"
"Viet Nam","LFS - Labour Force Survey","Employment by sex, status in employment and economic activity (thousands)","Male","Status in employment (Aggregate): Total","Economic activity (Aggregate): Not classified","2009",,"Unreliable",,,"Repository: ILO-STATISTICS - Micro data processing"
"Viet Nam","LFS - Labour Force Survey","Employment by sex, status in employment and economic activity (thousands)","Female","Status in employment (Aggregate): Total","Economic activity (Aggregate): Total","2009",23364.002,,,,"Repository: ILO-STATISTICS - Micro data processing"
"Viet Nam","LFS - Labour Force Survey","Employment by sex, status in employment and economic activity (thousands)","Female","Status in employment (Aggregate): Total","Economic activity (Aggregate): Agriculture","2009",11686.009,,,,"Repository: ILO-STATISTICS - Micro data processing"
"Viet Nam","LFS - Labour Force Survey","Employment by sex, status in employment and economic activity (thousands)","Female","Status in employment (Aggregate): Total","Economic activity (Aggregate): Manufacturing","2009",3524.192,,,,"Repository: ILO-STATISTICS - Micro data processing"
"Viet Nam","LFS - Labour Force Survey","Employment by sex, status in employment and economic activity (thousands)","Female","Status in employment (Aggregate): Total","Economic activity (Aggregate): Construction","2009",335.489,,,,"Repository: ILO-STATISTICS - Micro data processing"
"Viet Nam","LFS - Labour Force Survey","Employment by sex, status in employment and economic activity (thousands)","Female","Status in employment (Aggregate): Total","Economic activity (Aggregate): Mining and quarrying; Electricity, gas and water supply","2009",109.488,,,,"Repository: ILO-STATISTICS - Micro data processing"
"Viet Nam","LFS - Labour Force Survey","Employment by sex, status in employment and economic activity (thousands)","Female","Status in employment (Aggregate): Total","Economic activity (Aggregate): Trade, Transportation, Accommodation and Food, and Business and Administrative Services","2009",5266.562,,,,"Repository: ILO-STATISTICS - Micro data processing"
"Viet Nam","LFS - Labour Force Survey","Employment by sex, status in employment and economic activity (thousands)","Female","Status in employment (Aggregate): Total","Economic activity (Aggregate): Public Administration, Community, Social and other Services and Activities","2009",2442.262,,,,"Repository: ILO-STATISTICS - Micro data processing"
"Viet Nam","LFS - Labour Force Survey","Employment by sex, status in employment and economic activity (thousands)","Female","Status in employment (Aggregate): Total","Economic activity (Aggregate): Not classified","2009",,"Unreliable",,,"Repository: ILO-STATISTICS - Micro data processing"
"Viet Nam","LFS - Labour Force Survey","Employment by sex, status in employment and economic activity (thousands)","Total","Status in employment (Aggregate): Total","Economic activity (Aggregate): Total","2007",46020.235,"Break in series",,"Break in series: Methodology revised","Repository: ILO-STATISTICS - Micro data processing"
"Viet Nam","LFS - Labour Force Survey","Employment by sex, status in employment and economic activity (thousands)","Total","Status in employment (Aggregate): Total","Economic activity (Aggregate): Agriculture","2007",22674.295,"Break in series",,"Break in series: Methodology revised","Repository: ILO-STATISTICS - Micro data processing"
"Viet Nam","LFS - Labour Force Survey","Employment by sex, status in employment and economic activity (thousands)","Total","Status in employment (Aggregate): Total","Economic activity (Aggregate): Manufacturing","2007",6333.213,"Break in series",,"Break in series: Methodology revised","Repository: ILO-STATISTICS - Micro data processing"
"Viet Nam","LFS - Labour Force Survey","Employment by sex, status in employment and economic activity (thousands)","Total","Status in employment (Aggregate): Total","Economic activity (Aggregate): Construction","2007",2497.286,"Break in series",,"Break in series: Methodology revised","Repository: ILO-STATISTICS - Micro data processing"
"Viet Nam","LFS - Labour Force Survey","Employment by sex, status in employment and economic activity (thousands)","Total","Status in employment (Aggregate): Total","Economic activity (Aggregate): Mining and quarrying; Electricity, gas and water supply","2007",549.627,"Break in series",,"Break in series: Methodology revised","Repository: ILO-STATISTICS - Micro data processing"
"Viet Nam","LFS - Labour Force Survey","Employment by sex, status in employment and economic activity (thousands)","Total","Status in employment (Aggregate): Total","Economic activity (Aggregate): Trade, Transportation, Accommodation and Food, and Business and Administrative Services","2007",9625.584,"Break in series",,"Break in series: Methodology revised","Repository: ILO-STATISTICS - Micro data processing"
"Viet Nam","LFS - Labour Force Survey","Employment by sex, status in employment and economic activity (thousands)","Total","Status in employment (Aggregate): Total","Economic activity (Aggregate): Public Administration, Community, Social and other Services and Activities","2007",4327.816,"Break in series",,"Break in series: Methodology revised","Repository: ILO-STATISTICS - Micro data processing"
"Viet Nam","LFS - Labour Force Survey","Employment by sex, status in employment and economic activity (thousands)","Total","Status in employment (Aggregate): Total","Economic activity (Aggregate): Not classified","2007",12.414,"Break in series",,"Break in series: Methodology revised","Repository: ILO-STATISTICS - Micro data processing"
"Viet Nam","LFS - Labour Force Survey","Employment by sex, status in employment and economic activity (thousands)","Male","Status in employment (Aggregate): Total","Economic activity (Aggregate): Total","2007",23355.412,"Break in series",,"Break in series: Methodology revised","Repository: ILO-STATISTICS - Micro data processing"
"Viet Nam","LFS - Labour Force Survey","Employment by sex, status in employment and economic activity (thousands)","Male","Status in employment (Aggregate): Total","Economic activity (Aggregate): Agriculture","2007",11010.301,"Break in series",,"Break in series: Methodology revised","Repository: ILO-STATISTICS - Micro data processing"
"Viet Nam","LFS - Labour Force Survey","Employment by sex, status in employment and economic activity (thousands)","Male","Status in employment (Aggregate): Total","Economic activity (Aggregate): Manufacturing","2007",3065.139,"Break in series",,"Break in series: Methodology revised","Repository: ILO-STATISTICS - Micro data processing"
"Viet Nam","LFS - Labour Force Survey","Employment by sex, status in employment and economic activity (thousands)","Male","Status in employment (Aggregate): Total","Economic activity (Aggregate): Construction","2007",2275.938,"Break in series",,"Break in series: Methodology revised","Repository: ILO-STATISTICS - Micro data processing"
"Viet Nam","LFS - Labour Force Survey","Employment by sex, status in employment and economic activity (thousands)","Male","Status in employment (Aggregate): Total","Economic activity (Aggregate): Mining and quarrying; Electricity, gas and water supply","2007",388.878,"Break in series",,"Break in series: Methodology revised","Repository: ILO-STATISTICS - Micro data processing"
"Viet Nam","LFS - Labour Force Survey","Employment by sex, status in employment and economic activity (thousands)","Male","Status in employment (Aggregate): Total","Economic activity (Aggregate): Trade, Transportation, Accommodation and Food, and Business and Administrative Services","2007",4472.222,"Break in series",,"Break in series: Methodology revised","Repository: ILO-STATISTICS - Micro data processing"
"Viet Nam","LFS - Labour Force Survey","Employment by sex, status in employment and economic activity (thousands)","Male","Status in employment (Aggregate): Total","Economic activity (Aggregate): Public Administration, Community, Social and other Services and Activities","2007",2136.386,"Break in series",,"Break in series: Methodology revised","Repository: ILO-STATISTICS - Micro data processing"
"Viet Nam","LFS - Labour Force Survey","Employment by sex, status in employment and economic activity (thousands)","Male","Status in employment (Aggregate): Total","Economic activity (Aggregate): Not classified","2007",6.547,"Break in series",,"Break in series: Methodology revised","Repository: ILO-STATISTICS - Micro data processing"
"Viet Nam","LFS - Labour Force Survey","Employment by sex, status in employment and economic activity (thousands)","Female","Status in employment (Aggregate): Total","Economic activity (Aggregate): Total","2007",22664.823,"Break in series",,"Break in series: Methodology revised","Repository: ILO-STATISTICS - Micro data processing"
"Viet Nam","LFS - Labour Force Survey","Employment by sex, status in employment and economic activity (thousands)","Female","Status in employment (Aggregate): Total","Economic activity (Aggregate): Agriculture","2007",11663.993,"Break in series",,"Break in series: Methodology revised","Repository: ILO-STATISTICS - Micro data processing"
"Viet Nam","LFS - Labour Force Survey","Employment by sex, status in employment and economic activity (thousands)","Female","Status in employment (Aggregate): Total","Economic activity (Aggregate): Manufacturing","2007",3268.074,"Break in series",,"Break in series: Methodology revised","Repository: ILO-STATISTICS - Micro data processing"
"Viet Nam","LFS - Labour Force Survey","Employment by sex, status in employment and economic activity (thousands)","Female","Status in employment (Aggregate): Total","Economic activity (Aggregate): Construction","2007",221.348,"Break in series",,"Break in series: Methodology revised","Repository: ILO-STATISTICS - Micro data processing"
"Viet Nam","LFS - Labour Force Survey","Employment by sex, status in employment and economic activity (thousands)","Female","Status in employment (Aggregate): Total","Economic activity (Aggregate): Mining and quarrying; Electricity, gas and water supply","2007",160.749,"Break in series",,"Break in series: Methodology revised","Repository: ILO-STATISTICS - Micro data processing"
"Viet Nam","LFS - Labour Force Survey","Employment by sex, status in employment and economic activity (thousands)","Female","Status in employment (Aggregate): Total","Economic activity (Aggregate): Trade, Transportation, Accommodation and Food, and Business and Administrative Services","2007",5153.362,"Break in series",,"Break in series: Methodology revised","Repository: ILO-STATISTICS - Micro data processing"
"Viet Nam","LFS - Labour Force Survey","Employment by sex, status in employment and economic activity (thousands)","Female","Status in employment (Aggregate): Total","Economic activity (Aggregate): Public Administration, Community, Social and other Services and Activities","2007",2191.43,"Break in series",,"Break in series: Methodology revised","Repository: ILO-STATISTICS - Micro data processing"
"Viet Nam","LFS - Labour Force Survey","Employment by sex, status in employment and economic activity (thousands)","Female","Status in employment (Aggregate): Total","Economic activity (Aggregate): Not classified","2007",5.867,"Break in series",,"Break in series: Methodology revised","Repository: ILO-STATISTICS - Micro data processing"
